d_1000002.exr,right,0.9911872744560242
d_1000003.exr,wrong,0.9935145378112793
d_1000004.exr,right,0.9955494403839111
d_1000005.exr,right,0.9956238865852356
d_1000006.exr,right,0.9955944418907166
d_1000007.exr,right,0.9956256151199341
d_1000008.exr,right,0.9955045580863953
d_1000009.exr,right,0.9956348538398743
d_1000010.exr,right,0.9956193566322327
d_1000011.exr,right,0.995556652545929
d_1000012.exr,right,0.9956040382385254
d_1000014.exr,right,0.9954889416694641
d_1000015.exr,right,0.9956306219100952
d_1000016.exr,right,0.9956099390983582
d_1000017.exr,right,0.9956145286560059
d_1000018.exr,right,0.9955834746360779
d_1000021.exr,right,0.9956325888633728
d_1000023.exr,right,0.9955831170082092
d_1000025.exr,right,0.995513379573822
d_1000026.exr,right,0.9956071972846985
d_1000028.exr,right,0.9946187734603882
d_1000030.exr,right,0.99562668800354
d_1000032.exr,right,0.9956041574478149
d_1000033.exr,right,0.9955410361289978
d_1000034.exr,right,0.9955561757087708
d_1000035.exr,right,0.9956111311912537
d_1000036.exr,right,0.9956269264221191
d_1000037.exr,right,0.9956226944923401
d_1000038.exr,right,0.9956001043319702
d_1000039.exr,right,0.9915428161621094
d_1000040.exr,right,0.9886438846588135
d_1000041.exr,right,0.9956384301185608
d_1000042.exr,right,0.9955921769142151
d_1000043.exr,right,0.995612382888794
d_1000045.exr,right,0.9955908060073853
d_1000046.exr,right,0.9956252574920654
d_1000047.exr,right,0.9956252574920654
d_1000048.exr,right,0.9956230521202087
d_1000049.exr,right,0.9955938458442688
d_1000050.exr,right,0.9956004619598389
d_1000053.exr,right,0.9956367611885071
d_1000056.exr,right,0.9956188797950745
d_1000057.exr,right,0.9955704808235168
d_1000059.exr,right,0.9956039190292358
d_1000060.exr,right,0.9955957531929016
d_1000061.exr,right,0.995631217956543
d_1000062.exr,right,0.9956205487251282
d_1000063.exr,wrong,0.9943844079971313
d_1000067.exr,right,0.9956269264221191
d_1000068.exr,right,0.9954843521118164
d_1000072.exr,right,0.9951249957084656
d_1000073.exr,right,0.9955947995185852
d_1000074.exr,right,0.9956204295158386
d_1000075.exr,right,0.9956276416778564
d_1000076.exr,wrong,0.9940258264541626
d_1000077.exr,right,0.9949253797531128
d_1000078.exr,right,0.9955341815948486
d_1000082.exr,right,0.9956283569335938
d_1000084.exr,wrong,0.9947128891944885
d_1000088.exr,right,0.9956358075141907
d_1000089.exr,right,0.9956350922584534
d_1000092.exr,right,0.9956231713294983
d_1000094.exr,right,0.9956235289573669
d_1000096.exr,right,0.9955928921699524
d_1000097.exr,right,0.9956307411193848
d_1000103.exr,right,0.9956182241439819
d_1000104.exr,right,0.9956251978874207
d_1000105.exr,right,0.9956315755844116
d_1000106.exr,right,0.9956201910972595
d_1000107.exr,right,0.9956170320510864
d_1000108.exr,right,0.9955840706825256
d_1000109.exr,right,0.9956302642822266
d_1000110.exr,right,0.9956116080284119
d_1000112.exr,right,0.9956101775169373
d_1000113.exr,right,0.9956333041191101
d_1000115.exr,wrong,0.9952215552330017
d_1000116.exr,right,0.995623767375946
d_1000117.exr,right,0.9956294298171997
d_1000118.exr,right,0.995622456073761
d_1000119.exr,right,0.9955219030380249
d_1000120.exr,right,0.9944235682487488
d_1000123.exr,right,0.9955975413322449
d_1000124.exr,right,0.9955955147743225
d_1000126.exr,right,0.9956092238426208
d_1000127.exr,right,0.9956082701683044
d_1000130.exr,right,0.9956226944923401
d_1000131.exr,right,0.9956039190292358
d_1000132.exr,wrong,0.9954493641853333
d_1000133.exr,right,0.9954928159713745
d_1000135.exr,right,0.9956157207489014
d_1000137.exr,right,0.9955981373786926
d_1000138.exr,right,0.995623767375946
d_1000139.exr,right,0.9956114888191223
d_1000140.exr,right,0.9956293106079102
d_1000141.exr,right,0.9954044818878174
d_1000143.exr,right,0.995630145072937
d_1000144.exr,right,0.9952508211135864
d_1000146.exr,right,0.9954718351364136
d_1000147.exr,right,0.9955897331237793
d_1000148.exr,right,0.9956281185150146
d_1000151.exr,right,0.9955965876579285
d_1000152.exr,right,0.9956049919128418
d_1000154.exr,right,0.9956011772155762
d_1000156.exr,wrong,0.9946788549423218
d_1000157.exr,wrong,0.9956027269363403
d_1000158.exr,right,0.995614767074585
d_1000160.exr,right,0.9956067204475403
d_1000161.exr,right,0.99562007188797
d_1000162.exr,right,0.9955984354019165
d_1000164.exr,wrong,0.97187739610672
d_1000165.exr,right,0.9949967861175537
d_1000166.exr,right,0.9956040382385254
d_1000168.exr,right,0.9953984618186951
d_1000170.exr,right,0.9956241250038147
d_1000172.exr,right,0.9953847527503967
d_1000173.exr,right,0.9916146993637085
d_1000174.exr,right,0.9956127405166626
d_1000175.exr,right,0.9956331849098206
d_1000176.exr,right,0.9956296682357788
d_1000177.exr,right,0.9956094622612
d_1000180.exr,wrong,0.9947691559791565
d_1000181.exr,right,0.9955763816833496
d_1000182.exr,right,0.995624840259552
d_1000183.exr,right,0.9956303834915161
d_1000186.exr,right,0.9956071972846985
d_1000187.exr,right,0.9955636262893677
d_1000188.exr,right,0.9954150915145874
d_1000189.exr,right,0.9955723285675049
d_1000190.exr,right,0.9895873069763184
d_1000192.exr,wrong,0.8698095083236694
d_1000194.exr,right,0.9956215023994446
d_1000195.exr,right,0.9956209063529968
d_1000196.exr,right,0.995612382888794
d_1000197.exr,right,0.9955825209617615
d_1000198.exr,right,0.995623767375946
d_1000199.exr,right,0.9956310987472534
d_1000200.exr,right,0.9955956339836121
d_1000201.exr,right,0.9956324696540833
d_1000202.exr,right,0.9955998659133911
d_1000203.exr,right,0.9955406785011292
d_1000204.exr,right,0.9956275224685669
d_1000206.exr,right,0.9955800175666809
d_1000209.exr,right,0.9956226944923401
d_1000210.exr,right,0.9956088662147522
d_1000211.exr,right,0.9956075549125671
d_1000212.exr,right,0.9956375956535339
d_1000213.exr,right,0.9956080317497253
d_1000215.exr,right,0.99562668800354
d_1000217.exr,right,0.9956323504447937
d_1000219.exr,right,0.9956018924713135
d_1000220.exr,right,0.9956024885177612
d_1000222.exr,right,0.9955920577049255
d_1000223.exr,right,0.9955887794494629
d_1000224.exr,right,0.9956309795379639
d_1000226.exr,right,0.9956289529800415
d_1000228.exr,right,0.9956046342849731
d_1000229.exr,right,0.9956178665161133
d_1000230.exr,right,0.7342584729194641
d_1000231.exr,right,0.9956122636795044
d_1000232.exr,right,0.9954912066459656
d_1000234.exr,right,0.9955755472183228
d_1000236.exr,right,0.9956207871437073
d_1000237.exr,right,0.9956320524215698
d_1000240.exr,right,0.9956158399581909
d_1000241.exr,right,0.9955831170082092
d_1000242.exr,right,0.9956186413764954
d_1000244.exr,right,0.9956105351448059
d_1000246.exr,right,0.9956241250038147
d_1000249.exr,right,0.9956236481666565
d_1000250.exr,right,0.995567262172699
d_1000251.exr,wrong,0.9953937530517578
d_1000253.exr,right,0.9956146478652954
d_1000254.exr,right,0.9955886602401733
d_1000256.exr,right,0.9938411712646484
d_1000257.exr,right,0.9956014156341553
d_1000258.exr,right,0.9956151247024536
d_1000259.exr,right,0.9956337809562683
d_1000264.exr,right,0.9956080317497253
d_1000265.exr,right,0.9955957531929016
d_1000266.exr,right,0.9953927993774414
d_1000269.exr,right,0.9859225749969482
d_1000270.exr,right,0.9956337809562683
d_1000271.exr,right,0.9956167936325073
d_1000272.exr,right,0.9956331849098206
d_1000273.exr,right,0.9956246018409729
d_1000277.exr,right,0.9955800175666809
d_1000278.exr,right,0.9956307411193848
d_1000279.exr,right,0.9955918192863464
d_1000280.exr,right,0.9955682158470154
d_1000282.exr,right,0.9956319332122803
d_1000283.exr,right,0.9956197142601013
d_1000284.exr,right,0.9955536723136902
d_1000288.exr,right,0.995606005191803
d_1000289.exr,right,0.9956380724906921
d_1000290.exr,right,0.9947822690010071
d_1000291.exr,right,0.9952840209007263
d_1000292.exr,right,0.9955860376358032
d_1000293.exr,right,0.9956222176551819
d_1000294.exr,wrong,0.9947458505630493
d_1000295.exr,right,0.9956188797950745
d_1000296.exr,right,0.9946708083152771
d_1000297.exr,right,0.9956121444702148
d_1000298.exr,right,0.9956353306770325
d_1000300.exr,right,0.9925872683525085
d_1000301.exr,right,0.9956106543540955
d_1000302.exr,right,0.9954397678375244
d_1000304.exr,right,0.9956374764442444
d_1000306.exr,right,0.9954493641853333
d_1000307.exr,right,0.9955013394355774
d_1000308.exr,right,0.9954677820205688
d_1000310.exr,right,0.995577335357666
d_1000313.exr,wrong,0.979064404964447
d_1000314.exr,right,0.9956271648406982
d_1000315.exr,right,0.9956029653549194
d_1000317.exr,right,0.99440598487854
d_1000318.exr,right,0.9956279993057251
d_1000319.exr,wrong,0.9953147172927856
d_1000320.exr,right,0.9954018592834473
d_1000321.exr,right,0.9956343770027161
d_1000323.exr,right,0.9956040382385254
d_1000324.exr,right,0.9956235289573669
d_1000325.exr,right,0.9956219792366028
d_1000326.exr,wrong,0.9906448125839233
d_1000327.exr,right,0.995593249797821
d_1000328.exr,right,0.995637834072113
d_1000330.exr,right,0.9956192374229431
d_1000331.exr,right,0.9956262111663818
d_1000332.exr,right,0.9955915808677673
d_1000333.exr,right,0.9956334233283997
d_1000335.exr,right,0.9956088662147522
d_1000336.exr,right,0.9956289529800415
d_1000337.exr,right,0.995599627494812
d_1000338.exr,right,0.9955293536186218
d_1000339.exr,right,0.9955388903617859
d_1000340.exr,wrong,0.9938238859176636
d_1000341.exr,right,0.9956369996070862
d_1000342.exr,right,0.9956041574478149
d_1000344.exr,right,0.9956156015396118
d_1000345.exr,right,0.9956236481666565
d_1000347.exr,right,0.9953930377960205
d_1000348.exr,right,0.9956329464912415
d_1000349.exr,right,0.9956110119819641
d_1000350.exr,right,0.9955921769142151
d_1000353.exr,right,0.9947191476821899
d_1000354.exr,right,0.9956315755844116
d_1000355.exr,right,0.9956141710281372
d_1000359.exr,right,0.9956336617469788
d_1000360.exr,right,0.9901722073554993
d_1000363.exr,right,0.9949407577514648
d_1000365.exr,right,0.9956117868423462
d_1000366.exr,right,0.9956022500991821
d_1000367.exr,right,0.9956240057945251
d_1000369.exr,right,0.9956012964248657
d_1000370.exr,right,0.9956249594688416
d_1000371.exr,right,0.9942862391471863
d_1000372.exr,right,0.9955951571464539
d_1000373.exr,right,0.9922552108764648
d_1000375.exr,right,0.9955742359161377
d_1000376.exr,right,0.9955872297286987
d_1000379.exr,right,0.9956046342849731
d_1000380.exr,right,0.995628833770752
d_1000381.exr,right,0.9956161975860596
d_1000382.exr,right,0.9956352114677429
d_1000383.exr,right,0.9956336617469788
d_1000384.exr,right,0.9956141710281372
d_1000387.exr,right,0.9956270456314087
d_1000388.exr,right,0.9956234097480774
d_1000389.exr,right,0.9955894947052002
d_1000390.exr,right,0.9955325126647949
d_1000392.exr,right,0.9956340193748474
d_1000393.exr,right,0.9956111311912537
d_1000394.exr,right,0.9950633645057678
d_1000395.exr,right,0.9952585101127625
d_1000396.exr,right,0.9185623526573181
d_1000397.exr,right,0.9945758581161499
d_1000398.exr,right,0.9956157207489014
d_1000399.exr,right,0.9955824017524719
d_1000400.exr,wrong,0.9954395890235901
d_1000401.exr,right,0.9944604635238647
d_1000402.exr,right,0.9955800175666809
d_1000403.exr,right,0.9955885410308838
d_1000404.exr,right,0.995622456073761
d_1000405.exr,wrong,0.9954332709312439
d_1000406.exr,right,0.9955449104309082
d_1000409.exr,right,0.9956138134002686
d_1000414.exr,right,0.9953988194465637
d_1000415.exr,right,0.9956101775169373
d_1000416.exr,right,0.9955667853355408
d_1000417.exr,right,0.9956098198890686
d_1000420.exr,right,0.9956282377243042
d_1000421.exr,right,0.9956142902374268
d_1000424.exr,right,0.9954304695129395
d_1000426.exr,right,0.9956340193748474
d_1000427.exr,right,0.995229959487915
d_1000428.exr,right,0.9955920577049255
d_1000430.exr,right,0.9950191974639893
d_1000431.exr,right,0.995628833770752
d_1000432.exr,right,0.9955897331237793
d_1000433.exr,right,0.9956110119819641
d_1000434.exr,right,0.9950549602508545
d_1000435.exr,right,0.9956134557723999
d_1000436.exr,right,0.995582640171051
d_1000437.exr,right,0.9956187605857849
d_1000438.exr,right,0.99562007188797
d_1000440.exr,right,0.9956342577934265
d_1000445.exr,right,0.9955741167068481
d_1000447.exr,right,0.9950398802757263
d_1000448.exr,right,0.9956234097480774
d_1000450.exr,right,0.9956364035606384
d_1000452.exr,right,0.9956099390983582
d_1000453.exr,right,0.9956153631210327
d_1000455.exr,right,0.9956283569335938
d_1000457.exr,right,0.9956002235412598
d_1000460.exr,right,0.9956199526786804
d_1000461.exr,right,0.9947472214698792
d_1000463.exr,right,0.9938501119613647
d_1000464.exr,right,0.9949918389320374
d_1000465.exr,right,0.9953822493553162
d_1000466.exr,right,0.9950366616249084
d_1000467.exr,right,0.9956127405166626
d_1000469.exr,right,0.9955741167068481
d_1000472.exr,right,0.9956331849098206
d_1000475.exr,wrong,0.8335800170898438
d_1000477.exr,wrong,0.9956157207489014
d_1000478.exr,right,0.9956263303756714
d_1000480.exr,right,0.9955822825431824
d_1000483.exr,right,0.9955834746360779
d_1000484.exr,right,0.9956310987472534
d_1000485.exr,right,0.9956260919570923
d_1000486.exr,right,0.9956356883049011
d_1000489.exr,right,0.9956352114677429
d_1000490.exr,right,0.9954702854156494
d_1000494.exr,right,0.9954142570495605
d_1000496.exr,right,0.9952167272567749
d_1000498.exr,right,0.9956205487251282
d_1000499.exr,right,0.9956269264221191
d_1000500.exr,right,0.9956321120262146
d_1000501.exr,right,0.9956343770027161
d_1000502.exr,right,0.9955816864967346
d_1000503.exr,right,0.9955761432647705
d_1000505.exr,right,0.9956380724906921
d_1000506.exr,right,0.9956102967262268
d_1000508.exr,right,0.995484471321106
d_1000511.exr,right,0.9953824877738953
d_1000513.exr,right,0.9955969452857971
d_1000514.exr,right,0.9956294298171997
d_1000516.exr,right,0.9928594827651978
d_1000517.exr,right,0.9956232905387878
d_1000520.exr,right,0.9956377148628235
d_1000521.exr,right,0.9955558180809021
d_1000522.exr,right,0.995631217956543
d_1000523.exr,right,0.9955435395240784
d_1000526.exr,right,0.9956337809562683
d_1000528.exr,wrong,0.9956579208374023
d_1000529.exr,right,0.9955734014511108
d_1000532.exr,right,0.995617151260376
d_1000533.exr,right,0.9945342540740967
d_1000535.exr,right,0.995587944984436
d_1000536.exr,right,0.9956023693084717
d_1000537.exr,right,0.9956296682357788
d_1000538.exr,right,0.9956324696540833
d_1000539.exr,right,0.9956159591674805
d_1000540.exr,right,0.9955203533172607
d_1000541.exr,right,0.995553195476532
d_1000542.exr,right,0.9956173896789551
d_1000544.exr,right,0.9956036806106567
d_1000546.exr,right,0.9956193566322327
d_1000550.exr,right,0.9956081509590149
d_1000551.exr,right,0.9956276416778564
d_1000552.exr,right,0.8539032340049744
d_1000554.exr,right,0.9956016540527344
d_1000555.exr,right,0.9956185221672058
d_1000556.exr,right,0.995598554611206
d_1000559.exr,right,0.9956046342849731
d_1000560.exr,wrong,0.9945597052574158
d_1000562.exr,right,0.9955428242683411
d_1000563.exr,right,0.9956313371658325
d_1000566.exr,right,0.995434582233429
d_1000567.exr,right,0.9943086504936218
d_1000568.exr,right,0.9956270456314087
d_1000569.exr,right,0.9956220984458923
d_1000570.exr,right,0.9956271648406982
d_1000571.exr,right,0.9956210255622864
d_1000572.exr,right,0.9956068396568298
d_1000575.exr,wrong,0.9878711700439453
d_1000576.exr,right,0.9956112504005432
d_1000578.exr,right,0.9956075549125671
d_1000579.exr,right,0.9628583788871765
d_1000580.exr,right,0.9956352114677429
d_1000581.exr,right,0.9956360459327698
d_1000582.exr,right,0.9955424666404724
d_1000583.exr,right,0.9955975413322449
d_1000586.exr,right,0.995600700378418
d_1000587.exr,right,0.9956322312355042
d_1000591.exr,right,0.9956054091453552
d_1000592.exr,right,0.9956087470054626
d_1000596.exr,right,0.9955610036849976
d_1000597.exr,right,0.9956303834915161
d_1000598.exr,right,0.9956113696098328
d_1000599.exr,right,0.9955978989601135
d_1000601.exr,right,0.9956328272819519
d_1000602.exr,right,0.995627760887146
d_1000603.exr,right,0.9956158399581909
d_1000604.exr,right,0.9956148862838745
d_1000605.exr,right,0.9956091046333313
d_1000606.exr,right,0.9945414662361145
d_1000609.exr,right,0.9956185221672058
d_1000610.exr,right,0.995636522769928
d_1000611.exr,right,0.995618462562561
d_1000615.exr,right,0.995630145072937
d_1000617.exr,right,0.995486319065094
d_1000619.exr,right,0.9955891370773315
d_1000620.exr,right,0.9956385493278503
d_1000621.exr,right,0.9953241944313049
d_1000624.exr,right,0.9956212639808655
d_1000625.exr,right,0.9956198334693909
d_1000626.exr,right,0.9956234097480774
d_1000627.exr,wrong,0.995701253414154
d_1000629.exr,right,0.995591402053833
d_1000630.exr,right,0.9956035614013672
d_1000632.exr,right,0.9956116080284119
d_1000633.exr,right,0.9956209063529968
d_1000635.exr,right,0.9956291913986206
d_1000637.exr,wrong,0.9944248199462891
d_1000638.exr,right,0.9955835938453674
d_1000640.exr,right,0.9914531707763672
d_1000641.exr,right,0.9956247210502625
d_1000644.exr,right,0.9956270456314087
d_1000645.exr,right,0.9952493906021118
d_1000646.exr,right,0.9956229329109192
d_1000647.exr,right,0.9956240057945251
d_1000649.exr,right,0.9956172704696655
d_1000651.exr,right,0.9956287145614624
d_1000652.exr,right,0.9956379532814026
d_1000653.exr,right,0.9956057667732239
d_1000657.exr,right,0.9956130981445312
d_1000658.exr,right,0.9956166744232178
d_1000662.exr,right,0.9956340193748474
d_1000663.exr,right,0.9956279993057251
d_1000664.exr,right,0.9954884648323059
d_1000667.exr,right,0.9956042766571045
d_1000668.exr,right,0.9956287145614624
d_1000670.exr,right,0.9955833554267883
d_1000672.exr,right,0.7576137781143188
d_1000674.exr,right,0.995633065700531
d_1000675.exr,right,0.9956165552139282
d_1000676.exr,right,0.9956210255622864
d_1000678.exr,right,0.9955957531929016
d_1000680.exr,right,0.995256245136261
d_1000681.exr,right,0.9956309795379639
d_1000683.exr,right,0.9956234097480774
d_1000684.exr,right,0.9955461025238037
d_1000685.exr,right,0.9956077933311462
d_1000687.exr,right,0.995555579662323
d_1000689.exr,right,0.9956263303756714
d_1000690.exr,right,0.9956258535385132
d_1000691.exr,right,0.9946193695068359
d_1000694.exr,right,0.9956219792366028
d_1000695.exr,right,0.9344425201416016
d_1000696.exr,right,0.9950330257415771
d_1000699.exr,right,0.9956067204475403
d_1000700.exr,right,0.9956272840499878
d_1000701.exr,right,0.9955673813819885
d_1000703.exr,right,0.9955980181694031
d_1000704.exr,right,0.9956165552139282
d_1000705.exr,right,0.934667706489563
d_1000707.exr,right,0.9956079125404358
d_1000708.exr,right,0.9956119060516357
d_1000710.exr,right,0.9956226944923401
d_1000711.exr,right,0.9956252574920654
d_1000712.exr,right,0.9954817295074463
d_1000713.exr,right,0.9955469369888306
d_1000715.exr,wrong,0.9952307343482971
d_1000717.exr,right,0.8981758952140808
d_1000718.exr,wrong,0.9921911358833313
d_1000721.exr,right,0.9956361651420593
d_1000722.exr,right,0.995623767375946
d_1000723.exr,right,0.9955443739891052
d_1000725.exr,right,0.9955671429634094
d_1000726.exr,right,0.9956361651420593
d_1000727.exr,right,0.9956061244010925
d_1000728.exr,right,0.9956263303756714
d_1000729.exr,right,0.9956353306770325
d_1000731.exr,wrong,0.9955507516860962
d_1000732.exr,right,0.995293915271759
d_1000733.exr,right,0.995629072189331
d_1000734.exr,right,0.9956300258636475
d_1000736.exr,right,0.9955465793609619
d_1000738.exr,right,0.9956251978874207
d_1000739.exr,right,0.9956120252609253
d_1000740.exr,right,0.9954656958580017
d_1000744.exr,right,0.9955084323883057
d_1000745.exr,right,0.9956250786781311
d_1000746.exr,right,0.992763340473175
d_1000749.exr,right,0.9956082701683044
d_1000750.exr,right,0.9955633878707886
d_1000751.exr,right,0.995593249797821
d_1000753.exr,right,0.9955384135246277
d_1000754.exr,right,0.9954540729522705
d_1000755.exr,right,0.995635449886322
d_1000756.exr,right,0.9956095814704895
d_1000757.exr,right,0.9956204295158386
d_1000758.exr,right,0.9956023693084717
d_1000760.exr,right,0.9956352114677429
d_1000761.exr,right,0.9956076741218567
d_1000762.exr,right,0.995624840259552
d_1000763.exr,right,0.9956258535385132
d_1000764.exr,right,0.9508789777755737
d_1000765.exr,right,0.9955993890762329
d_1000766.exr,right,0.9956188797950745
d_1000767.exr,right,0.9956342577934265
d_1000769.exr,right,0.9956265687942505
d_1000770.exr,right,0.9956322312355042
d_1000774.exr,right,0.9956077933311462
d_1000775.exr,right,0.9956071972846985
d_1000777.exr,right,0.9956100583076477
d_1000778.exr,wrong,0.9949694275856018
d_1000783.exr,right,0.9956285953521729
d_1000787.exr,right,0.9956279993057251
d_1000790.exr,right,0.9956133365631104
d_1000793.exr,right,0.9956327080726624
d_1000794.exr,right,0.9956282377243042
d_1000795.exr,right,0.99562007188797
d_1000798.exr,right,0.9810247421264648
d_1000799.exr,right,0.9955884218215942
d_1000802.exr,right,0.9954313039779663
d_1000803.exr,right,0.9956197142601013
d_1000805.exr,right,0.9956318140029907
d_1000807.exr,right,0.9779407978057861
d_1000810.exr,right,0.9956249594688416
d_1000811.exr,right,0.9943365454673767
d_1000812.exr,right,0.9955918192863464
d_1000813.exr,right,0.9955906867980957
d_1000815.exr,right,0.9956130981445312
d_1000816.exr,right,0.9956040382385254
d_1000817.exr,right,0.9955911636352539
d_1000819.exr,right,0.9922974705696106
d_1000820.exr,wrong,0.995211660861969
d_1000821.exr,wrong,0.8365142941474915
d_1000822.exr,right,0.9956119060516357
d_1000823.exr,right,0.9956285953521729
d_1000824.exr,right,0.5926898121833801
d_1000826.exr,right,0.9956274032592773
d_1000827.exr,right,0.995609700679779
d_1000828.exr,right,0.9956195950508118
d_1000829.exr,right,0.9956337809562683
d_1000830.exr,right,0.995037853717804
d_1000831.exr,right,0.9954923391342163
d_1000832.exr,right,0.9956344962120056
d_1000833.exr,right,0.9956067204475403
d_1000834.exr,right,0.9955928921699524
d_1000835.exr,right,0.9955262541770935
d_1000836.exr,right,0.9953124523162842
d_1000837.exr,right,0.995403528213501
d_1000838.exr,right,0.9955909252166748
d_1000839.exr,right,0.9956181049346924
d_1000840.exr,right,0.9956339001655579
d_1000841.exr,right,0.9955030083656311
d_1000842.exr,right,0.9946228265762329
d_1000843.exr,right,0.9956251978874207
d_1000844.exr,right,0.9955316781997681
d_1000845.exr,right,0.995628833770752
d_1000846.exr,right,0.9956099390983582
d_1000848.exr,right,0.9956077933311462
d_1000853.exr,right,0.9956021308898926
d_1000854.exr,right,0.9952430129051208
d_1000855.exr,right,0.9956051707267761
d_1000858.exr,right,0.9955857992172241
d_1000860.exr,right,0.9956327080726624
d_1000861.exr,right,0.9956188797950745
d_1000863.exr,right,0.9956310987472534
d_1000865.exr,right,0.9956175088882446
d_1000866.exr,right,0.9946331977844238
d_1000868.exr,right,0.9955129027366638
d_1000869.exr,right,0.9955925345420837
d_1000871.exr,right,0.9956361651420593
d_1000872.exr,right,0.9956257343292236
d_1000873.exr,right,0.995637834072113
d_1000874.exr,right,0.9956271648406982
d_1000875.exr,right,0.995608389377594
d_1000876.exr,right,0.9955254197120667
d_1000878.exr,right,0.9956274032592773
d_1000879.exr,right,0.9955899715423584
d_1000880.exr,right,0.9956260919570923
d_1000881.exr,right,0.9953782558441162
d_1000882.exr,right,0.9956186413764954
d_1000885.exr,right,0.9954771399497986
d_1000886.exr,right,0.9955986738204956
d_1000888.exr,right,0.9956099390983582
d_1000889.exr,right,0.995630145072937
d_1000891.exr,right,0.995625376701355
d_1000892.exr,right,0.9956135749816895
d_1000893.exr,right,0.9956325888633728
d_1000895.exr,right,0.9950264096260071
d_1000896.exr,right,0.9956355690956116
d_1000897.exr,right,0.9917507767677307
d_1000898.exr,right,0.9955481290817261
d_1000900.exr,right,0.9955810904502869
d_1000901.exr,right,0.9955325126647949
d_1000902.exr,right,0.9686577320098877
d_1000903.exr,right,0.9955871105194092
d_1000904.exr,right,0.9956313371658325
d_1000905.exr,right,0.9956325888633728
d_1000908.exr,right,0.9955759048461914
d_1000909.exr,wrong,0.9951778650283813
d_1000911.exr,right,0.9956081509590149
d_1000913.exr,right,0.9956046342849731
d_1000915.exr,right,0.9933692812919617
d_1000918.exr,right,0.9956389665603638
d_1000919.exr,right,0.9956076741218567
d_1000920.exr,right,0.9955835938453674
d_1000921.exr,wrong,0.9957181811332703
d_1000922.exr,right,0.9956223368644714
d_1000924.exr,right,0.9956272840499878
d_1000925.exr,wrong,0.9938852190971375
d_1000927.exr,right,0.9956101775169373
d_1000929.exr,right,0.9952319264411926
d_1000930.exr,right,0.9955198764801025
d_1000931.exr,right,0.9956299066543579
d_1000932.exr,right,0.9956197142601013
d_1000933.exr,right,0.9956081509590149
d_1000934.exr,right,0.9955344200134277
d_1000936.exr,wrong,0.9941014647483826
d_1000939.exr,right,0.9956197142601013
d_1000941.exr,right,0.9956278800964355
d_1000943.exr,wrong,0.9956679344177246
d_1000945.exr,right,0.9956373572349548
d_1000947.exr,right,0.9955698847770691
d_1000948.exr,right,0.9956308603286743
d_1000950.exr,right,0.9956210255622864
d_1000951.exr,right,0.9956101775169373
d_1000952.exr,right,0.9956247210502625
d_1000953.exr,right,0.9955421090126038
d_1000954.exr,right,0.9956218600273132
d_1000955.exr,right,0.9956347346305847
d_1000956.exr,right,0.9956309795379639
d_1000957.exr,right,0.9956146478652954
d_1000958.exr,right,0.9955464601516724
d_1000959.exr,right,0.9956133365631104
d_1000960.exr,right,0.9956159591674805
d_1000961.exr,right,0.9956070780754089
d_1000962.exr,right,0.9956207871437073
d_1000963.exr,right,0.9956134557723999
d_1000964.exr,right,0.9956313371658325
d_1000965.exr,right,0.995603084564209
d_1000966.exr,right,0.9955534338951111
d_1000967.exr,right,0.994818389415741
d_1000970.exr,right,0.9945573806762695
d_1000973.exr,right,0.9925642609596252
d_1000975.exr,right,0.9955886602401733
d_1000977.exr,right,0.9956256151199341
d_1000978.exr,right,0.9956054091453552
d_1000980.exr,right,0.9956361651420593
d_1000983.exr,right,0.9922771453857422
d_1000984.exr,right,0.9954431056976318
d_1000986.exr,right,0.995623767375946
d_1000987.exr,right,0.9956322312355042
d_1000989.exr,right,0.995598554611206
d_1000990.exr,right,0.9953402280807495
d_1000992.exr,right,0.9956258535385132
d_1000993.exr,right,0.9956287145614624
d_1000994.exr,right,0.9956100583076477
d_1000995.exr,right,0.9956283569335938
d_1000997.exr,right,0.9955993890762329
d_1001000.exr,right,0.9954783320426941
d_1001001.exr,right,0.9956070780754089
d_1001007.exr,right,0.9956102967262268
d_1001008.exr,right,0.9894862174987793
d_1001010.exr,right,0.9956195950508118
d_1001011.exr,right,0.9956154823303223
d_1001012.exr,right,0.9956210255622864
d_1001014.exr,right,0.9956256151199341
d_1001015.exr,wrong,0.9956632256507874
d_1001016.exr,right,0.9956128597259521
d_1001017.exr,right,0.995600700378418
d_1001018.exr,right,0.9956070780754089
d_1001019.exr,right,0.9956055283546448
d_1001020.exr,right,0.9956310987472534
d_1001021.exr,right,0.9956182241439819
d_1001022.exr,right,0.9956121444702148
d_1001024.exr,right,0.9956306219100952
d_1001025.exr,right,0.9956299066543579
d_1001026.exr,right,0.9956159591674805
d_1001027.exr,right,0.9952389001846313
d_1001028.exr,right,0.9954570531845093
d_1001029.exr,right,0.9955171942710876
d_1001030.exr,right,0.9953142404556274
d_1001031.exr,wrong,0.9950103759765625
d_1001032.exr,right,0.9955962300300598
d_1001033.exr,wrong,0.9956179857254028
d_1001034.exr,right,0.9956348538398743
d_1001035.exr,right,0.9949951171875
d_1001038.exr,right,0.9956270456314087
d_1001039.exr,right,0.9956291913986206
d_1001040.exr,right,0.9955567717552185
d_1001041.exr,right,0.9956175088882446
d_1001043.exr,right,0.9956263303756714
d_1001044.exr,right,0.9952763319015503
d_1001047.exr,right,0.9949190020561218
d_1001048.exr,right,0.9956015348434448
d_1001049.exr,right,0.9956145286560059
d_1001050.exr,right,0.9956228137016296
d_1001052.exr,right,0.9956306219100952
d_1001053.exr,right,0.9955421090126038
d_1001054.exr,right,0.9956231713294983
d_1001059.exr,right,0.9955951571464539
d_1001061.exr,right,0.9955840706825256
d_1001063.exr,right,0.9956215023994446
d_1001066.exr,right,0.9956318140029907
d_1001067.exr,right,0.9955908060073853
d_1001068.exr,right,0.995625376701355
d_1001069.exr,right,0.9953919649124146
d_1001073.exr,right,0.9956336617469788
d_1001075.exr,right,0.9956232905387878
d_1001076.exr,right,0.995612621307373
d_1001079.exr,right,0.9955731630325317
d_1001081.exr,right,0.9955539107322693
d_1001082.exr,right,0.9954930543899536
d_1001083.exr,right,0.995610773563385
d_1001084.exr,right,0.9956270456314087
d_1001085.exr,right,0.9955204725265503
d_1001086.exr,right,0.9956064820289612
d_1001087.exr,right,0.9956353306770325
d_1001088.exr,right,0.9956234097480774
d_1001089.exr,right,0.9956110119819641
d_1001090.exr,right,0.9955920577049255
d_1001091.exr,right,0.9956181049346924
d_1001093.exr,right,0.9955974221229553
d_1001096.exr,right,0.9956310987472534
d_1001098.exr,right,0.9956238865852356
d_1001099.exr,wrong,0.9947910308837891
d_1001100.exr,right,0.9956256151199341
d_1001102.exr,right,0.9956223368644714
d_1001103.exr,right,0.9956075549125671
d_1001104.exr,right,0.9956383109092712
d_1001105.exr,right,0.9956238865852356
d_1001106.exr,right,0.99562668800354
d_1001107.exr,right,0.9956133365631104
d_1001110.exr,wrong,0.9920095205307007
d_1001111.exr,right,0.9956299066543579
d_1001114.exr,right,0.9956022500991821
d_1001115.exr,right,0.9956325888633728
d_1001116.exr,right,0.9956081509590149
d_1001117.exr,right,0.9955912828445435
d_1001118.exr,right,0.9956069588661194
d_1001120.exr,right,0.9956373572349548
d_1001121.exr,right,0.9956295490264893
d_1001122.exr,right,0.9955807328224182
d_1001124.exr,right,0.9956252574920654
d_1001126.exr,right,0.9956352114677429
d_1001127.exr,right,0.9939415454864502
d_1001129.exr,right,0.9955856800079346
d_1001130.exr,right,0.995618999004364
d_1001131.exr,right,0.9956339001655579
d_1001134.exr,right,0.9955665469169617
d_1001135.exr,right,0.9956117868423462
d_1001137.exr,right,0.9956165552139282
d_1001138.exr,right,0.9951613545417786
d_1001139.exr,right,0.9956226944923401
d_1001141.exr,right,0.9952259063720703
d_1001142.exr,right,0.9955824017524719
d_1001145.exr,right,0.9955947995185852
d_1001146.exr,right,0.995618462562561
d_1001147.exr,right,0.9956294298171997
d_1001148.exr,right,0.994958221912384
d_1001149.exr,right,0.9955915212631226
d_1001150.exr,right,0.9956293106079102
d_1001151.exr,wrong,0.9945961833000183
d_1001152.exr,right,0.9956308603286743
d_1001153.exr,right,0.9956186413764954
d_1001154.exr,right,0.9956144094467163
d_1001155.exr,right,0.9955949187278748
d_1001158.exr,right,0.9956230521202087
d_1001159.exr,right,0.9948474168777466
d_1001161.exr,right,0.9955207109451294
d_1001162.exr,right,0.9956247210502625
d_1001163.exr,right,0.9956210255622864
d_1001164.exr,right,0.9955872297286987
d_1001166.exr,right,0.995623767375946
d_1001167.exr,right,0.9954410791397095
d_1001168.exr,right,0.9956063628196716
d_1001170.exr,right,0.9956082701683044
d_1001171.exr,right,0.9955623149871826
d_1001173.exr,wrong,0.99347984790802
d_1001174.exr,right,0.9956067204475403
d_1001176.exr,right,0.9956238865852356
d_1001177.exr,right,0.9955723285675049
d_1001179.exr,right,0.9954641461372375
d_1001180.exr,right,0.9955933690071106
d_1001185.exr,right,0.9956024885177612
d_1001190.exr,right,0.9956015348434448
d_1001191.exr,right,0.9954254031181335
d_1001193.exr,right,0.9956172704696655
d_1001194.exr,right,0.9952573180198669
d_1001195.exr,right,0.9956305027008057
d_1001196.exr,right,0.995625376701355
d_1001197.exr,right,0.9956064820289612
d_1001198.exr,right,0.9956181049346924
d_1001203.exr,right,0.9955987930297852
d_1001205.exr,right,0.9908639788627625
d_1001207.exr,wrong,0.9946885108947754
d_1001208.exr,right,0.9956181049346924
d_1001210.exr,right,0.9955978989601135
d_1001211.exr,right,0.9956321120262146
d_1001212.exr,right,0.9956217408180237
d_1001213.exr,right,0.9956207871437073
d_1001214.exr,right,0.9956334233283997
d_1001215.exr,right,0.9956389665603638
d_1001216.exr,right,0.995635449886322
d_1001217.exr,wrong,0.9956183433532715
d_1001219.exr,right,0.9954841136932373
d_1001221.exr,right,0.9956291913986206
d_1001222.exr,right,0.9956328272819519
d_1001223.exr,right,0.9954776167869568
d_1001225.exr,right,0.9956192374229431
d_1001227.exr,right,0.995594322681427
d_1001228.exr,right,0.9956314563751221
d_1001230.exr,right,0.9956212639808655
d_1001231.exr,right,0.9956048727035522
d_1001233.exr,right,0.9955562949180603
d_1001234.exr,right,0.9956095814704895
d_1001235.exr,right,0.9955950379371643
d_1001237.exr,wrong,0.9951830506324768
d_1001238.exr,right,0.9955679774284363
d_1001239.exr,right,0.995613694190979
d_1001240.exr,right,0.995618462562561
d_1001241.exr,right,0.9956111311912537
d_1001242.exr,right,0.9938198924064636
d_1001243.exr,right,0.9956314563751221
d_1001244.exr,right,0.96818608045578
d_1001247.exr,right,0.9928709864616394
d_1001248.exr,right,0.9956333041191101
d_1001251.exr,right,0.9924305081367493
d_1001254.exr,right,0.9956194758415222
d_1001255.exr,right,0.995628833770752
d_1001257.exr,right,0.9956310987472534
d_1001258.exr,right,0.9955542683601379
d_1001259.exr,right,0.9954180717468262
d_1001260.exr,right,0.9956287145614624
d_1001261.exr,right,0.9956114888191223
d_1001262.exr,right,0.9955918192863464
d_1001263.exr,right,0.9956364035606384
d_1001265.exr,right,0.9955990314483643
d_1001269.exr,right,0.9955796599388123
d_1001272.exr,right,0.9956093430519104
d_1001273.exr,right,0.995623767375946
d_1001274.exr,wrong,0.9731248617172241
d_1001277.exr,right,0.9955739974975586
d_1001279.exr,right,0.9956283569335938
d_1001280.exr,right,0.9956188797950745
d_1001282.exr,wrong,0.9928308129310608
d_1001283.exr,right,0.9956321120262146
d_1001284.exr,right,0.9956003427505493
d_1001285.exr,right,0.995499312877655
d_1001286.exr,right,0.9956262111663818
d_1001287.exr,right,0.9953978657722473
d_1001288.exr,right,0.9955904483795166
d_1001290.exr,right,0.995606005191803
d_1001291.exr,right,0.9956324696540833
d_1001292.exr,right,0.9955886602401733
d_1001293.exr,right,0.9956032037734985
d_1001294.exr,right,0.995448887348175
d_1001295.exr,wrong,0.8064380884170532
d_1001296.exr,right,0.995594322681427
d_1001297.exr,wrong,0.9952892065048218
d_1001298.exr,right,0.9956316947937012
d_1001299.exr,right,0.9955995082855225
d_1001301.exr,right,0.9956232905387878
d_1001302.exr,right,0.9956199526786804
d_1001303.exr,right,0.9956344962120056
d_1001304.exr,right,0.9955952763557434
d_1001305.exr,right,0.9956235289573669
d_1001308.exr,right,0.9956092238426208
d_1001315.exr,right,0.9956256151199341
d_1001316.exr,right,0.9956241250038147
d_1001317.exr,wrong,0.9953308701515198
d_1001321.exr,right,0.995625376701355
d_1001322.exr,right,0.9947275519371033
d_1001323.exr,right,0.9956085085868835
d_1001324.exr,right,0.9952040910720825
d_1001325.exr,right,0.9955852031707764
d_1001326.exr,right,0.9956329464912415
d_1001327.exr,right,0.995568573474884
d_1001328.exr,right,0.995607316493988
d_1001331.exr,right,0.9954023361206055
d_1001333.exr,wrong,0.9955737590789795
d_1001334.exr,right,0.9175213575363159
d_1001335.exr,right,0.9955924153327942
d_1001336.exr,right,0.9953089356422424
d_1001337.exr,right,0.995577335357666
d_1001338.exr,right,0.9948728680610657
d_1001339.exr,right,0.9956205487251282
d_1001340.exr,right,0.9864445328712463
d_1001343.exr,wrong,0.9883933663368225
d_1001344.exr,right,0.9956358075141907
d_1001345.exr,right,0.9956316947937012
d_1001346.exr,right,0.9955751895904541
d_1001347.exr,right,0.9956392049789429
d_1001348.exr,right,0.9956291913986206
d_1001349.exr,right,0.9874607920646667
d_1001353.exr,right,0.9953285455703735
d_1001354.exr,wrong,0.9866930842399597
d_1001355.exr,right,0.9953855872154236
d_1001356.exr,right,0.9945628046989441
d_1001357.exr,right,0.995603084564209
d_1001359.exr,right,0.9956075549125671
d_1001360.exr,right,0.9956100583076477
d_1001361.exr,right,0.9953895807266235
d_1001362.exr,right,0.9956259727478027
d_1001365.exr,right,0.9956087470054626
d_1001366.exr,right,0.9956223368644714
d_1001367.exr,right,0.9864786267280579
d_1001368.exr,right,0.9955577254295349
d_1001369.exr,right,0.9955757856369019
d_1001370.exr,right,0.99562668800354
d_1001371.exr,right,0.9953558444976807
d_1001372.exr,right,0.9956127405166626
d_1001373.exr,right,0.9954519867897034
d_1001376.exr,right,0.9956367611885071
d_1001377.exr,right,0.9956388473510742
d_1001380.exr,right,0.9954338669776917
d_1001381.exr,right,0.9956089854240417
d_1001383.exr,right,0.9956402778625488
d_1001386.exr,right,0.9942832589149475
d_1001388.exr,right,0.9956069588661194
d_1001389.exr,right,0.9956140518188477
d_1001390.exr,right,0.995635449886322
d_1001391.exr,right,0.9954723715782166
d_1001392.exr,right,0.9956333041191101
d_1001393.exr,right,0.9956303834915161
d_1001394.exr,right,0.9956169128417969
d_1001395.exr,right,0.9956241250038147
d_1001397.exr,right,0.9956049919128418
d_1001399.exr,right,0.995623767375946
d_1001400.exr,right,0.9952880144119263
d_1001401.exr,right,0.9955933690071106
d_1001402.exr,right,0.9956306219100952
d_1001404.exr,right,0.9955576062202454
d_1001407.exr,right,0.9956259727478027
d_1001408.exr,right,0.9956117272377014
d_1001409.exr,right,0.995633065700531
d_1001410.exr,wrong,0.995707631111145
d_1001412.exr,right,0.9956259727478027
d_1001413.exr,right,0.9955037236213684
d_1001414.exr,right,0.9956165552139282
d_1001416.exr,right,0.9956281185150146
d_1001418.exr,right,0.9956049919128418
d_1001419.exr,right,0.9955728054046631
d_1001421.exr,right,0.9956306219100952
d_1001423.exr,right,0.995583713054657
d_1001428.exr,right,0.9950774312019348
d_1001429.exr,right,0.994476854801178
d_1001430.exr,right,0.9955750703811646
d_1001432.exr,right,0.9956263303756714
d_1001433.exr,right,0.9956041574478149
d_1001434.exr,right,0.9956145286560059
d_1001435.exr,right,0.9956041574478149
d_1001440.exr,right,0.9956085085868835
d_1001441.exr,wrong,0.7322185635566711
d_1001442.exr,wrong,0.9829593896865845
d_1001443.exr,right,0.995426595211029
d_1001445.exr,right,0.9955793023109436
d_1001447.exr,right,0.9942566752433777
d_1001449.exr,right,0.9955742359161377
d_1001450.exr,right,0.9956353306770325
d_1001451.exr,right,0.9956182241439819
d_1001452.exr,right,0.995618462562561
d_1001456.exr,right,0.9953384399414062
d_1001459.exr,right,0.9955419898033142
d_1001460.exr,right,0.9956379532814026
d_1001461.exr,right,0.9956211447715759
d_1001462.exr,right,0.9955444931983948
d_1001464.exr,right,0.9956199526786804
d_1001465.exr,right,0.9956008195877075
d_1001466.exr,right,0.9956242442131042
d_1001468.exr,right,0.9956179857254028
d_1001470.exr,right,0.9956046342849731
d_1001473.exr,right,0.9956186413764954
d_1001474.exr,right,0.9955970644950867
d_1001475.exr,right,0.9955810904502869
d_1001476.exr,right,0.9955812096595764
d_1001477.exr,right,0.9952579140663147
d_1001478.exr,wrong,0.9947445392608643
d_1001479.exr,right,0.9955293536186218
d_1001481.exr,right,0.9955633878707886
d_1001483.exr,right,0.9956153631210327
d_1001484.exr,right,0.9956243634223938
d_1001485.exr,right,0.9956310987472534
d_1001486.exr,right,0.9956153631210327
d_1001487.exr,right,0.9956012964248657
d_1001488.exr,right,0.9956328272819519
d_1001489.exr,right,0.9956182241439819
d_1001491.exr,right,0.9907800555229187
d_1001493.exr,right,0.99562668800354
d_1001495.exr,right,0.9956075549125671
d_1001497.exr,right,0.9955814480781555
d_1001499.exr,right,0.9956175088882446
d_1001501.exr,right,0.9956023693084717
d_1001502.exr,right,0.9956262111663818
d_1001503.exr,right,0.9956350922584534
d_1001504.exr,right,0.9956289529800415
d_1001505.exr,right,0.9955897331237793
d_1001506.exr,right,0.9955931305885315
d_1001507.exr,right,0.9956122636795044
d_1001508.exr,wrong,0.9943564534187317
d_1001509.exr,right,0.9955883026123047
d_1001510.exr,right,0.9956278800964355
d_1001511.exr,right,0.9956271648406982
d_1001512.exr,right,0.9956368803977966
d_1001513.exr,right,0.9936342239379883
d_1001514.exr,right,0.9956106543540955
d_1001515.exr,right,0.995613694190979
d_1001516.exr,right,0.9956343770027161
d_1001517.exr,right,0.9956075549125671
d_1001518.exr,right,0.9956356883049011
d_1001519.exr,right,0.9955915808677673
d_1001521.exr,wrong,0.992440938949585
d_1001523.exr,right,0.9956134557723999
d_1001524.exr,right,0.9956222176551819
d_1001525.exr,right,0.9956211447715759
d_1001530.exr,right,0.9956306219100952
d_1001535.exr,right,0.9954233765602112
d_1001536.exr,right,0.9956183433532715
d_1001537.exr,right,0.9956016540527344
d_1001538.exr,right,0.9956068396568298
d_1001541.exr,right,0.9956249594688416
d_1001544.exr,right,0.9954707622528076
d_1001546.exr,right,0.9956206679344177
d_1001548.exr,right,0.9956320524215698
d_1001551.exr,right,0.9955781102180481
d_1001553.exr,right,0.9956157207489014
d_1001555.exr,right,0.9955940842628479
d_1001556.exr,right,0.9955783486366272
d_1001557.exr,right,0.9956369996070862
d_1001558.exr,right,0.9956230521202087
d_1001559.exr,right,0.9956241250038147
d_1001560.exr,right,0.9954147338867188
d_1001562.exr,right,0.995549201965332
d_1001563.exr,right,0.9956287145614624
d_1001564.exr,right,0.994860053062439
d_1001565.exr,right,0.995627760887146
d_1001566.exr,right,0.9955961108207703
d_1001568.exr,right,0.9955718517303467
d_1001570.exr,right,0.9914167523384094
d_1001571.exr,right,0.9956178665161133
d_1001572.exr,wrong,0.7839164137840271
d_1001573.exr,right,0.9956249594688416
d_1001575.exr,right,0.995612621307373
d_1001576.exr,right,0.9956104159355164
d_1001577.exr,right,0.9956192374229431
d_1001579.exr,right,0.9956206679344177
d_1001580.exr,right,0.9956278800964355
d_1001581.exr,right,0.9956386685371399
d_1001582.exr,right,0.9956274032592773
d_1001587.exr,right,0.9955957531929016
d_1001588.exr,right,0.9956216216087341
d_1001589.exr,right,0.995455265045166
d_1001591.exr,right,0.9955587387084961
d_1001592.exr,right,0.9956080317497253
d_1001593.exr,right,0.9956199526786804
d_1001600.exr,right,0.9955976605415344
d_1001602.exr,right,0.9953067898750305
d_1001603.exr,right,0.9956057667732239
d_1001605.exr,right,0.9955846667289734
d_1001607.exr,right,0.9956249594688416
d_1001608.exr,right,0.9955310225486755
d_1001610.exr,right,0.995621383190155
d_1001612.exr,right,0.9950651526451111
d_1001613.exr,right,0.9956223368644714
d_1001615.exr,right,0.9956005811691284
d_1001617.exr,right,0.9950531125068665
d_1001619.exr,right,0.9956340193748474
d_1001620.exr,right,0.9956285953521729
d_1001621.exr,right,0.9956254959106445
d_1001622.exr,right,0.9956319332122803
d_1001623.exr,right,0.9956056475639343
d_1001624.exr,right,0.9955766201019287
d_1001626.exr,right,0.9955440163612366
d_1001628.exr,right,0.9950042366981506
d_1001633.exr,right,0.9956211447715759
d_1001634.exr,right,0.9954198598861694
d_1001635.exr,right,0.9954404830932617
d_1001637.exr,right,0.9955736398696899
d_1001639.exr,right,0.8910107612609863
d_1001641.exr,right,0.9956379532814026
d_1001643.exr,right,0.9945448637008667
d_1001644.exr,right,0.9956331849098206
d_1001646.exr,right,0.9956011772155762
d_1001647.exr,right,0.9956172704696655
d_1001649.exr,right,0.9956385493278503
d_1001651.exr,wrong,0.9956049919128418
d_1001652.exr,wrong,0.9282105565071106
d_1001653.exr,wrong,0.9936687350273132
d_1001656.exr,right,0.9955641031265259
d_1001658.exr,right,0.9956366419792175
d_1001660.exr,right,0.9956343770027161
d_1001662.exr,right,0.995600700378418
d_1001663.exr,right,0.9956170320510864
d_1001665.exr,right,0.9945225715637207
d_1001666.exr,right,0.9954838752746582
d_1001667.exr,right,0.9854927659034729
d_1001668.exr,right,0.995627760887146
d_1001671.exr,right,0.9956252574920654
d_1001672.exr,right,0.9956373572349548
d_1001675.exr,right,0.9956291913986206
d_1001676.exr,right,0.9956349730491638
d_1001677.exr,right,0.9956232905387878
d_1001678.exr,right,0.9956029653549194
d_1001679.exr,right,0.9955970644950867
d_1001680.exr,right,0.9953628778457642
d_1001684.exr,right,0.9956240057945251
d_1001685.exr,right,0.9956244826316833
d_1001686.exr,right,0.9956008195877075
d_1001687.exr,right,0.9956276416778564
d_1001688.exr,right,0.9956291913986206
d_1001689.exr,right,0.9952338337898254
d_1001690.exr,right,0.9956070780754089
d_1001691.exr,right,0.9956348538398743
d_1001692.exr,right,0.995628833770752
d_1001694.exr,right,0.9956225752830505
d_1001697.exr,right,0.9956379532814026
d_1001698.exr,wrong,0.9943215847015381
d_1001699.exr,right,0.9955956339836121
d_1001700.exr,right,0.9956186413764954
d_1001703.exr,right,0.995617151260376
d_1001704.exr,right,0.9955962300300598
d_1001707.exr,right,0.9956134557723999
d_1001708.exr,right,0.9955306649208069
d_1001710.exr,right,0.9956321120262146
d_1001712.exr,right,0.9955310225486755
d_1001713.exr,right,0.9955673813819885
d_1001716.exr,right,0.9944193959236145
d_1001717.exr,right,0.9956161975860596
d_1001718.exr,right,0.9956052899360657
d_1001719.exr,right,0.99562668800354
d_1001720.exr,right,0.9956342577934265
d_1001721.exr,right,0.9956336617469788
d_1001722.exr,right,0.9956010580062866
d_1001723.exr,right,0.9956336617469788
d_1001724.exr,right,0.9956294298171997
d_1001725.exr,right,0.9954752326011658
d_1001726.exr,right,0.9956159591674805
d_1001727.exr,right,0.9956275224685669
d_1001729.exr,right,0.9956231713294983
d_1001730.exr,right,0.9956021308898926
d_1001731.exr,right,0.9956300258636475
d_1001732.exr,right,0.995579183101654
d_1001735.exr,wrong,0.9908932447433472
d_1001736.exr,right,0.9956015348434448
d_1001738.exr,right,0.9956340193748474
d_1001739.exr,right,0.9950992465019226
d_1001740.exr,right,0.9956367611885071
d_1001742.exr,right,0.995627760887146
d_1001745.exr,right,0.9956199526786804
d_1001748.exr,wrong,0.9935241937637329
d_1001749.exr,right,0.9956141710281372
d_1001750.exr,right,0.9955379962921143
d_1001751.exr,right,0.9956319332122803
d_1001752.exr,right,0.9951522350311279
d_1001754.exr,right,0.9955965876579285
d_1001755.exr,right,0.9955138564109802
d_1001759.exr,right,0.9956086277961731
d_1001760.exr,right,0.9955962300300598
d_1001761.exr,right,0.9952050447463989
d_1001762.exr,right,0.9955621957778931
d_1001763.exr,right,0.9956218600273132
d_1001764.exr,right,0.995576024055481
d_1001768.exr,right,0.9956179857254028
d_1001770.exr,right,0.9956347346305847
d_1001771.exr,right,0.9956048727035522
d_1001772.exr,right,0.9955429434776306
d_1001773.exr,right,0.9955272078514099
d_1001774.exr,right,0.9952882528305054
d_1001775.exr,right,0.9956293106079102
d_1001777.exr,right,0.9956234097480774
d_1001779.exr,right,0.9955270886421204
d_1001781.exr,right,0.9953957200050354
d_1001782.exr,right,0.995598316192627
d_1001783.exr,right,0.995570719242096
d_1001785.exr,right,0.9955915212631226
d_1001786.exr,right,0.9955964684486389
d_1001787.exr,right,0.9953396320343018
d_1001788.exr,right,0.9955978989601135
d_1001789.exr,right,0.9954972267150879
d_1001793.exr,wrong,0.9949538111686707
d_1001794.exr,right,0.9956315755844116
d_1001795.exr,right,0.9954537153244019
d_1001796.exr,right,0.9956010580062866
d_1001797.exr,right,0.9956329464912415
d_1001800.exr,right,0.9956062436103821
d_1001801.exr,right,0.9956148862838745
d_1001802.exr,right,0.9929108023643494
d_1001803.exr,right,0.9949432015419006
d_1001804.exr,right,0.9956179857254028
d_1001805.exr,right,0.9952568411827087
d_1001806.exr,right,0.9955949187278748
d_1001807.exr,right,0.9956209063529968
d_1001808.exr,right,0.9956300258636475
d_1001809.exr,right,0.99224454164505
d_1001814.exr,right,0.9956307411193848
d_1001815.exr,right,0.9955860376358032
d_1001816.exr,right,0.9956193566322327
d_1001817.exr,right,0.9956335425376892
d_1001818.exr,right,0.9956148862838745
d_1001819.exr,right,0.9956050515174866
d_1001821.exr,right,0.9951877593994141
d_1001822.exr,right,0.9956306219100952
d_1001823.exr,right,0.9956116080284119
d_1001824.exr,right,0.9956110119819641
d_1001826.exr,right,0.9956206679344177
d_1001829.exr,right,0.9954276084899902
d_1001831.exr,right,0.9953593611717224
d_1001832.exr,right,0.994530975818634
d_1001834.exr,right,0.9952917098999023
d_1001835.exr,right,0.9956175088882446
d_1001836.exr,right,0.9956349730491638
d_1001837.exr,right,0.9956371188163757
d_1001839.exr,right,0.9946793913841248
d_1001840.exr,wrong,0.9957064986228943
d_1001841.exr,right,0.9956100583076477
d_1001843.exr,right,0.9955897331237793
d_1001845.exr,right,0.9956158399581909
d_1001848.exr,right,0.9955831170082092
d_1001849.exr,right,0.9956087470054626
d_1001850.exr,right,0.9955975413322449
d_1001851.exr,right,0.9955644607543945
d_1001853.exr,right,0.9955554604530334
d_1001855.exr,right,0.9956091046333313
d_1001856.exr,right,0.9955959916114807
d_1001857.exr,right,0.995465099811554
d_1001858.exr,right,0.9956320524215698
d_1001860.exr,wrong,0.9761319756507874
d_1001862.exr,right,0.995564877986908
d_1001864.exr,right,0.9956188797950745
d_1001865.exr,right,0.9947845339775085
d_1001866.exr,right,0.9956250786781311
d_1001868.exr,right,0.9956285953521729
d_1001869.exr,right,0.9954527020454407
d_1001870.exr,right,0.995609700679779
d_1001872.exr,right,0.9944469928741455
d_1001873.exr,right,0.9956106543540955
d_1001875.exr,right,0.9955328702926636
d_1001877.exr,right,0.9955675005912781
d_1001880.exr,right,0.9956151247024536
d_1001881.exr,wrong,0.995404839515686
d_1001882.exr,right,0.9954982995986938
d_1001883.exr,right,0.9956262111663818
d_1001885.exr,right,0.9956276416778564
d_1001886.exr,right,0.9955808520317078
d_1001887.exr,right,0.9956012964248657
d_1001888.exr,right,0.9956016540527344
d_1001889.exr,right,0.9956260919570923
d_1001892.exr,right,0.995610773563385
d_1001895.exr,right,0.9955795407295227
d_1001900.exr,right,0.9951445460319519
d_1001901.exr,right,0.995407223701477
d_1001908.exr,right,0.9952293634414673
d_1001910.exr,right,0.9955984354019165
d_1001913.exr,right,0.9956186413764954
d_1001914.exr,right,0.9955184459686279
d_1001915.exr,right,0.9956328272819519
d_1001917.exr,right,0.9956128597259521
d_1001919.exr,right,0.9956366419792175
d_1001920.exr,right,0.9956005811691284
d_1001923.exr,right,0.9956114888191223
d_1001924.exr,right,0.9956063628196716
d_1001925.exr,right,0.9955223798751831
d_1001928.exr,right,0.9956150054931641
d_1001930.exr,right,0.995585560798645
d_1001931.exr,right,0.9956093430519104
d_1001933.exr,right,0.9955486059188843
d_1001934.exr,right,0.9956210255622864
d_1001936.exr,right,0.9940675497055054
d_1001937.exr,right,0.9955969452857971
d_1001941.exr,right,0.9950006604194641
d_1001942.exr,right,0.9956055283546448
d_1001943.exr,right,0.9956062436103821
d_1001945.exr,right,0.9956061244010925
d_1001946.exr,right,0.995501697063446
d_1001948.exr,right,0.9956281185150146
d_1001949.exr,right,0.9953269958496094
d_1001950.exr,right,0.994397759437561
d_1001952.exr,right,0.5014814138412476
d_1001953.exr,right,0.8301610350608826
d_1001954.exr,right,0.9956028461456299
d_1001957.exr,right,0.9956342577934265
d_1001959.exr,right,0.9955315589904785
d_1001962.exr,right,0.9955936074256897
d_1001963.exr,right,0.9956182241439819
d_1001965.exr,right,0.9955896139144897
d_1001966.exr,right,0.9955832362174988
d_1001967.exr,right,0.9956287145614624
d_1001969.exr,right,0.9956098198890686
d_1001971.exr,right,0.9956194758415222
d_1001972.exr,right,0.9955564141273499
d_1001973.exr,right,0.9956220984458923
d_1001974.exr,right,0.995596706867218
d_1001977.exr,right,0.9956305027008057
d_1001978.exr,right,0.9955793023109436
d_1001979.exr,right,0.9955419898033142
d_1001984.exr,right,0.9953739047050476
d_1001985.exr,right,0.9956135749816895
d_1001988.exr,right,0.9956177473068237
d_1001989.exr,right,0.9956001043319702
d_1001992.exr,right,0.9956366419792175
d_1001994.exr,right,0.9956353306770325
d_1001995.exr,right,0.9956047534942627
d_1001996.exr,right,0.9951004385948181
d_1001997.exr,right,0.9956094622612
d_1001998.exr,right,0.9955825209617615
d_1001999.exr,right,0.9956352114677429
d_1002000.exr,right,0.9956380724906921
d_1002004.exr,right,0.9956257343292236
d_1002005.exr,right,0.9956281185150146
d_1002006.exr,right,0.995613694190979
d_1002007.exr,right,0.9955997467041016
d_1002008.exr,right,0.9955984354019165
d_1002009.exr,right,0.9956347346305847
d_1002010.exr,right,0.9955886602401733
d_1002013.exr,right,0.9956211447715759
d_1002014.exr,right,0.9955809712409973
d_1002015.exr,wrong,0.9953725934028625
d_1002017.exr,right,0.9956071972846985
d_1002019.exr,wrong,0.9943563342094421
d_1002021.exr,right,0.9956145286560059
d_1002023.exr,right,0.9956150054931641
d_1002024.exr,wrong,0.9952633380889893
d_1002027.exr,right,0.9956056475639343
d_1002028.exr,right,0.9956163167953491
d_1002029.exr,wrong,0.9920395612716675
d_1002031.exr,right,0.9956264495849609
d_1002033.exr,right,0.9955832362174988
d_1002036.exr,right,0.9955804944038391
d_1002037.exr,right,0.9955965876579285
d_1002038.exr,right,0.995622456073761
d_1002041.exr,right,0.9956209063529968
d_1002042.exr,right,0.9947512745857239
d_1002043.exr,right,0.9956300258636475
d_1002045.exr,right,0.9955974221229553
d_1002048.exr,right,0.9956088662147522
d_1002049.exr,right,0.9955926537513733
d_1002051.exr,right,0.9955965876579285
d_1002054.exr,right,0.9956321120262146
d_1002059.exr,right,0.9955659508705139
d_1002060.exr,right,0.9956132173538208
d_1002062.exr,right,0.9956319332122803
d_1002063.exr,right,0.9955853223800659
d_1002067.exr,right,0.9956010580062866
d_1002069.exr,right,0.9956269264221191
d_1002070.exr,right,0.9955743551254272
d_1002071.exr,right,0.9954931735992432
d_1002072.exr,right,0.9956055283546448
d_1002073.exr,right,0.9956182241439819
d_1002074.exr,right,0.9954952001571655
d_1002076.exr,right,0.9955859184265137
d_1002078.exr,right,0.9954415559768677
d_1002079.exr,right,0.9956279993057251
d_1002080.exr,right,0.9956091046333313
d_1002081.exr,right,0.9956220984458923
d_1002082.exr,right,0.9955899715423584
d_1002083.exr,right,0.9955848455429077
d_1002087.exr,right,0.995623767375946
d_1002088.exr,right,0.9956300258636475
d_1002093.exr,right,0.9956284761428833
d_1002094.exr,right,0.9956362843513489
d_1002095.exr,right,0.995636522769928
d_1002098.exr,right,0.9956222176551819
d_1002099.exr,right,0.9956165552139282
d_1002100.exr,right,0.9956197142601013
d_1002101.exr,wrong,0.9033052325248718
d_1002102.exr,right,0.9955654740333557
d_1002103.exr,right,0.9955700039863586
d_1002105.exr,right,0.9956377148628235
d_1002107.exr,right,0.9956302642822266
d_1002108.exr,right,0.995627760887146
d_1002111.exr,right,0.9956313371658325
d_1002112.exr,right,0.9956150054931641
d_1002114.exr,right,0.995631217956543
d_1002115.exr,right,0.9955964684486389
d_1002117.exr,right,0.9956265687942505
d_1002118.exr,right,0.9956249594688416
d_1002119.exr,right,0.9956197142601013
d_1002120.exr,right,0.9946131110191345
d_1002121.exr,right,0.995590090751648
d_1002122.exr,right,0.9956218600273132
d_1002125.exr,right,0.9956077933311462
d_1002130.exr,right,0.9956299066543579
d_1002131.exr,right,0.9956157207489014
d_1002133.exr,right,0.9956359267234802
d_1002134.exr,right,0.995614767074585
d_1002135.exr,right,0.995618462562561
d_1002136.exr,wrong,0.9711375832557678
d_1002142.exr,right,0.9953365921974182
d_1002144.exr,right,0.995577335357666
d_1002145.exr,right,0.9955059289932251
d_1002146.exr,right,0.9956241250038147
d_1002147.exr,right,0.9956093430519104
d_1002148.exr,right,0.9956178665161133
d_1002149.exr,right,0.9956035614013672
d_1002152.exr,right,0.9956236481666565
d_1002154.exr,right,0.9956142902374268
d_1002157.exr,right,0.9956359267234802
d_1002158.exr,right,0.9956094622612
d_1002159.exr,right,0.9955958724021912
d_1002161.exr,right,0.9956232905387878
d_1002162.exr,right,0.9956210255622864
d_1002168.exr,wrong,0.9943011999130249
d_1002169.exr,right,0.9944624304771423
d_1002172.exr,right,0.9956008195877075
d_1002173.exr,right,0.9956243634223938
d_1002176.exr,right,0.9955651164054871
d_1002177.exr,right,0.9955631494522095
d_1002178.exr,right,0.9950810670852661
d_1002179.exr,right,0.9956323504447937
d_1002182.exr,right,0.995305597782135
d_1002183.exr,right,0.995629072189331
d_1002184.exr,right,0.9956287145614624
d_1002185.exr,right,0.995579183101654
d_1002186.exr,right,0.9956082701683044
d_1002187.exr,right,0.995600700378418
d_1002194.exr,right,0.9956320524215698
d_1002195.exr,right,0.9956278800964355
d_1002196.exr,wrong,0.9937350153923035
d_1002198.exr,right,0.9956329464912415
d_1002199.exr,right,0.9956269264221191
d_1002200.exr,right,0.9955703616142273
d_1002201.exr,right,0.995559811592102
d_1002204.exr,right,0.9956246018409729
d_1002205.exr,right,0.995603084564209
d_1002206.exr,wrong,0.9948728680610657
d_1002207.exr,right,0.9955947995185852
d_1002209.exr,right,0.9956243634223938
d_1002214.exr,right,0.9956244826316833
d_1002215.exr,right,0.9956278800964355
d_1002217.exr,right,0.9956284761428833
d_1002220.exr,wrong,0.6908523440361023
d_1002221.exr,right,0.9956347346305847
d_1002222.exr,right,0.9955422282218933
d_1002223.exr,right,0.9956185221672058
d_1002225.exr,right,0.9956320524215698
d_1002226.exr,right,0.995567262172699
d_1002227.exr,right,0.9955486059188843
d_1002229.exr,right,0.9955571293830872
d_1002231.exr,right,0.9955780506134033
d_1002232.exr,right,0.9956222176551819
d_1002233.exr,right,0.9954594969749451
d_1002235.exr,right,0.995635449886322
d_1002236.exr,right,0.9955892562866211
d_1002237.exr,right,0.9956258535385132
d_1002239.exr,right,0.9955466985702515
d_1002241.exr,right,0.9955857992172241
d_1002242.exr,right,0.9956360459327698
d_1002243.exr,right,0.9956278800964355
d_1002245.exr,wrong,0.9957220554351807
d_1002246.exr,right,0.9956328272819519
d_1002248.exr,right,0.9952974915504456
d_1002251.exr,right,0.995599627494812
d_1002252.exr,right,0.9954664707183838
d_1002253.exr,right,0.9956079125404358
d_1002254.exr,right,0.995621383190155
d_1002255.exr,wrong,0.9921013712882996
d_1002257.exr,right,0.995606005191803
d_1002258.exr,right,0.9955949187278748
d_1002259.exr,right,0.9956321120262146
d_1002261.exr,right,0.9927483201026917
d_1002263.exr,right,0.9956283569335938
d_1002264.exr,right,0.9955909252166748
d_1002265.exr,right,0.995631217956543
d_1002266.exr,wrong,0.9953612685203552
d_1002267.exr,right,0.9956356883049011
d_1002271.exr,right,0.9955800175666809
d_1002273.exr,right,0.9956192374229431
d_1002274.exr,right,0.9919291734695435
d_1002279.exr,right,0.9956308603286743
d_1002280.exr,right,0.995590329170227
d_1002281.exr,right,0.9955695271492004
d_1002283.exr,right,0.9955989122390747
d_1002284.exr,right,0.995582640171051
d_1002285.exr,right,0.9956099390983582
d_1002286.exr,right,0.9956153631210327
d_1002289.exr,right,0.9956252574920654
d_1002290.exr,right,0.9956284761428833
d_1002291.exr,right,0.995606005191803
d_1002292.exr,right,0.9956154823303223
d_1002293.exr,right,0.9933058619499207
d_1002294.exr,right,0.9956016540527344
d_1002295.exr,right,0.9956335425376892
d_1002296.exr,right,0.9956039190292358
d_1002297.exr,right,0.9956197142601013
d_1002298.exr,right,0.9950271248817444
d_1002299.exr,right,0.9956099390983582
d_1002301.exr,right,0.9953173398971558
d_1002302.exr,right,0.9953342080116272
d_1002303.exr,right,0.9956104159355164
d_1002305.exr,right,0.9956272840499878
d_1002306.exr,right,0.9955853223800659
d_1002310.exr,right,0.9956179857254028
d_1002311.exr,right,0.9956158399581909
d_1002313.exr,right,0.995519757270813
d_1002314.exr,right,0.995631217956543
d_1002315.exr,right,0.9956121444702148
d_1002316.exr,right,0.9956236481666565
d_1002317.exr,right,0.9956001043319702
d_1002319.exr,right,0.9956258535385132
d_1002321.exr,right,0.9956001043319702
d_1002324.exr,right,0.995612382888794
d_1002325.exr,right,0.995583713054657
d_1002326.exr,right,0.995598316192627
d_1002327.exr,right,0.9956276416778564
d_1002328.exr,right,0.9956012964248657
d_1002329.exr,right,0.995631217956543
d_1002331.exr,right,0.9956347346305847
d_1002332.exr,right,0.9956192374229431
d_1002334.exr,right,0.9950473308563232
d_1002335.exr,right,0.9952656030654907
d_1002336.exr,wrong,0.9957257509231567
d_1002338.exr,wrong,0.9938653111457825
d_1002339.exr,right,0.9956281185150146
d_1002341.exr,wrong,0.9957050681114197
d_1002342.exr,right,0.995633065700531
d_1002343.exr,right,0.9956282377243042
d_1002344.exr,right,0.9956331849098206
d_1002345.exr,right,0.995598554611206
d_1002347.exr,right,0.9956039190292358
d_1002349.exr,right,0.9956247210502625
d_1002351.exr,right,0.9955947995185852
d_1002353.exr,right,0.9956186413764954
d_1002354.exr,right,0.995497465133667
d_1002355.exr,wrong,0.9903414249420166
d_1002356.exr,right,0.5725013613700867
d_1002357.exr,right,0.9956029653549194
d_1002359.exr,right,0.9956374764442444
d_1002360.exr,right,0.9956285953521729
d_1002362.exr,right,0.9956342577934265
d_1002363.exr,right,0.9956207871437073
d_1002364.exr,right,0.9956262111663818
d_1002365.exr,right,0.9956230521202087
d_1002367.exr,right,0.9956293106079102
d_1002368.exr,right,0.9954754710197449
d_1002369.exr,right,0.9956055283546448
d_1002371.exr,right,0.995607316493988
d_1002373.exr,right,0.9955405592918396
d_1002375.exr,wrong,0.9288919568061829
d_1002376.exr,right,0.9956276416778564
d_1002379.exr,right,0.9938991069793701
d_1002380.exr,right,0.995609700679779
d_1002381.exr,right,0.9956257343292236
d_1002382.exr,right,0.9955783486366272
d_1002383.exr,right,0.9956163167953491
d_1002385.exr,right,0.9949274063110352
d_1002386.exr,right,0.9954690933227539
d_1002387.exr,right,0.9956154823303223
d_1002388.exr,right,0.9956235289573669
d_1002389.exr,right,0.9955539107322693
d_1002390.exr,right,0.9956296682357788
d_1002392.exr,wrong,0.9946058392524719
d_1002393.exr,right,0.9955315589904785
d_1002395.exr,right,0.9956299066543579
d_1002396.exr,right,0.9956165552139282
d_1002397.exr,right,0.9947094917297363
d_1002398.exr,right,0.9955804944038391
d_1002399.exr,right,0.9956099390983582
d_1002401.exr,wrong,0.9940407872200012
d_1002402.exr,right,0.9956048727035522
d_1002405.exr,right,0.9956121444702148
d_1002406.exr,right,0.9956114888191223
d_1002407.exr,right,0.9956242442131042
d_1002408.exr,right,0.9955779314041138
d_1002409.exr,wrong,0.995353102684021
d_1002410.exr,right,0.9956047534942627
d_1002411.exr,right,0.9956191182136536
d_1002413.exr,right,0.995631217956543
d_1002414.exr,right,0.9956080317497253
d_1002415.exr,right,0.9948731064796448
d_1002417.exr,right,0.9956026077270508
d_1002418.exr,right,0.9956076741218567
d_1002419.exr,right,0.9956064820289612
d_1002420.exr,right,0.9955164790153503
d_1002421.exr,right,0.9956076741218567
d_1002422.exr,right,0.9956230521202087
d_1002424.exr,right,0.9956139326095581
d_1002425.exr,right,0.9956272840499878
d_1002426.exr,right,0.9924875497817993
d_1002427.exr,right,0.9956359267234802
d_1002428.exr,right,0.9956140518188477
d_1002430.exr,right,0.9955697655677795
d_1002431.exr,right,0.9956226944923401
d_1002432.exr,right,0.9956117272377014
d_1002433.exr,right,0.9953568577766418
d_1002434.exr,right,0.9956113696098328
d_1002435.exr,right,0.9956055283546448
d_1002437.exr,right,0.9951450228691101
d_1002438.exr,right,0.9956179857254028
d_1002439.exr,right,0.9946119785308838
d_1002440.exr,right,0.9956247210502625
d_1002442.exr,right,0.9956052899360657
d_1002443.exr,wrong,0.9952260255813599
d_1002444.exr,right,0.9955986738204956
d_1002445.exr,right,0.9955645799636841
d_1002446.exr,right,0.9956177473068237
d_1002447.exr,right,0.9956331849098206
d_1002449.exr,right,0.9955911636352539
d_1002450.exr,right,0.995612621307373
d_1002451.exr,right,0.9956128597259521
d_1002452.exr,right,0.9956235289573669
d_1002453.exr,right,0.9956204295158386
d_1002454.exr,right,0.9956173896789551
d_1002455.exr,wrong,0.9957220554351807
d_1002457.exr,right,0.9940546154975891
d_1002459.exr,right,0.9956285953521729
d_1002460.exr,right,0.9956094622612
d_1002462.exr,right,0.9956132173538208
d_1002464.exr,right,0.990390419960022
d_1002465.exr,right,0.9956310987472534
d_1002466.exr,right,0.9956265687942505
d_1002467.exr,right,0.9940876960754395
d_1002469.exr,right,0.9952951073646545
d_1002470.exr,right,0.9956329464912415
d_1002471.exr,right,0.9956165552139282
d_1002472.exr,right,0.9955824017524719
d_1002475.exr,right,0.9955980181694031
d_1002476.exr,right,0.9954009652137756
d_1002477.exr,right,0.9956364035606384
d_1002478.exr,right,0.9950295090675354
d_1002479.exr,right,0.9956379532814026
d_1002481.exr,right,0.9955952763557434
d_1002482.exr,right,0.995574951171875
d_1002483.exr,right,0.9955158829689026
d_1002485.exr,right,0.9955986738204956
d_1002486.exr,right,0.9955565333366394
d_1002487.exr,right,0.9956252574920654
d_1002489.exr,right,0.9946803450584412
d_1002490.exr,right,0.9956271648406982
d_1002492.exr,right,0.9956117272377014
d_1002493.exr,right,0.9956324696540833
d_1002494.exr,right,0.989387035369873
d_1002495.exr,right,0.9956346154212952
d_1002496.exr,right,0.9956223368644714
d_1002497.exr,right,0.9956082701683044
d_1002499.exr,right,0.9956325888633728
d_1002501.exr,right,0.9956244826316833
d_1002503.exr,right,0.9956048727035522
d_1002504.exr,right,0.9956101775169373
d_1002506.exr,right,0.9956099390983582
d_1002507.exr,right,0.9956015348434448
d_1002508.exr,right,0.9956081509590149
d_1002509.exr,right,0.9956069588661194
d_1002510.exr,right,0.9955612421035767
d_1002511.exr,right,0.9956284761428833
d_1002513.exr,right,0.9955976605415344
d_1002517.exr,right,0.9956225752830505
d_1002518.exr,right,0.9956236481666565
d_1002519.exr,wrong,0.995722770690918
d_1002520.exr,right,0.9956274032592773
d_1002521.exr,right,0.9956303834915161
d_1002522.exr,right,0.9911386370658875
d_1002524.exr,right,0.995637834072113
d_1002525.exr,right,0.9956230521202087
d_1002527.exr,wrong,0.9916538596153259
d_1002528.exr,right,0.9956256151199341
d_1002529.exr,right,0.9956281185150146
d_1002530.exr,right,0.9955898523330688
d_1002531.exr,right,0.995595395565033
d_1002533.exr,right,0.9955969452857971
d_1002535.exr,right,0.9956051707267761
d_1002536.exr,right,0.9927625060081482
d_1002537.exr,right,0.9956265687942505
d_1002538.exr,right,0.9956343770027161
d_1002539.exr,right,0.9956339001655579
d_1002541.exr,right,0.9956081509590149
d_1002543.exr,wrong,0.9944202303886414
d_1002545.exr,right,0.9956188797950745
d_1002546.exr,right,0.9956093430519104
d_1002547.exr,right,0.9956229329109192
d_1002548.exr,right,0.9956178665161133
d_1002549.exr,right,0.9956127405166626
d_1002550.exr,right,0.9955601692199707
d_1002551.exr,wrong,0.995721697807312
d_1002552.exr,right,0.9956258535385132
d_1002553.exr,right,0.9928949475288391
d_1002555.exr,right,0.9956270456314087
d_1002556.exr,right,0.9956081509590149
d_1002557.exr,right,0.9843853116035461
d_1002558.exr,right,0.995368480682373
d_1002559.exr,wrong,0.9947656393051147
d_1002560.exr,right,0.995618999004364
d_1002561.exr,right,0.9956089854240417
d_1002565.exr,right,0.9956314563751221
d_1002567.exr,right,0.9956349730491638
d_1002569.exr,right,0.9955334663391113
d_1002571.exr,right,0.9955719709396362
d_1002573.exr,right,0.9956023693084717
d_1002574.exr,right,0.9956034421920776
d_1002577.exr,right,0.9818575382232666
d_1002579.exr,right,0.9955989122390747
d_1002580.exr,right,0.9955961108207703
d_1002583.exr,right,0.9956150054931641
d_1002584.exr,right,0.995625376701355
d_1002585.exr,right,0.9955772161483765
d_1002586.exr,right,0.9956294298171997
d_1002588.exr,right,0.9956150054931641
d_1002590.exr,right,0.995630145072937
d_1002591.exr,right,0.9956355690956116
d_1002592.exr,right,0.9956329464912415
d_1002599.exr,right,0.9956040382385254
d_1002603.exr,right,0.9956235289573669
d_1002604.exr,right,0.995596706867218
d_1002605.exr,right,0.9955990314483643
d_1002607.exr,right,0.9955857992172241
d_1002609.exr,right,0.9956252574920654
d_1002610.exr,right,0.9956246018409729
d_1002612.exr,right,0.9956226944923401
d_1002613.exr,right,0.9956371188163757
d_1002614.exr,right,0.9956172704696655
d_1002616.exr,right,0.9956186413764954
d_1002617.exr,right,0.9955978989601135
d_1002618.exr,right,0.9953912496566772
d_1002619.exr,right,0.9956337809562683
d_1002620.exr,right,0.9956241250038147
d_1002621.exr,right,0.9955852031707764
d_1002622.exr,right,0.9956251978874207
d_1002623.exr,right,0.9950302839279175
d_1002625.exr,right,0.9956331849098206
d_1002626.exr,right,0.9956062436103821
d_1002629.exr,right,0.9956283569335938
d_1002630.exr,right,0.9955556988716125
d_1002631.exr,right,0.9836686253547668
d_1002632.exr,right,0.9956315755844116
d_1002634.exr,right,0.9956071972846985
d_1002635.exr,right,0.9949852228164673
d_1002636.exr,right,0.9956117868423462
d_1002637.exr,right,0.9950911998748779
d_1002638.exr,right,0.9956265687942505
d_1002639.exr,right,0.9955965876579285
d_1002641.exr,right,0.9956152439117432
d_1002642.exr,right,0.9947474598884583
d_1002645.exr,right,0.995636522769928
d_1002648.exr,wrong,0.9952986836433411
d_1002649.exr,wrong,0.9946308135986328
d_1002652.exr,right,0.9956225752830505
d_1002653.exr,right,0.9952385425567627
d_1002654.exr,right,0.9956026077270508
d_1002655.exr,right,0.9955993890762329
d_1002656.exr,right,0.9955772161483765
d_1002657.exr,right,0.9956254959106445
d_1002659.exr,right,0.9956268072128296
d_1002660.exr,right,0.9938442707061768
d_1002661.exr,right,0.9956079125404358
d_1002662.exr,right,0.9956263303756714
d_1002664.exr,right,0.9955677390098572
d_1002667.exr,right,0.9947131276130676
d_1002669.exr,right,0.9956026077270508
d_1002670.exr,right,0.9956061244010925
d_1002671.exr,right,0.9956176280975342
d_1002673.exr,right,0.9956246018409729
d_1002674.exr,right,0.9956281185150146
d_1002676.exr,right,0.9955697655677795
d_1002677.exr,right,0.9956052899360657
d_1002680.exr,wrong,0.9938613176345825
d_1002681.exr,right,0.9955092668533325
d_1002682.exr,right,0.9956278800964355
d_1002683.exr,right,0.9951114058494568
d_1002684.exr,right,0.9952477812767029
d_1002685.exr,right,0.9956303834915161
d_1002686.exr,right,0.9955928921699524
d_1002687.exr,right,0.9956029653549194
d_1002688.exr,right,0.9955951571464539
d_1002690.exr,right,0.9956074357032776
d_1002692.exr,right,0.9956135749816895
d_1002693.exr,right,0.9952223896980286
d_1002694.exr,right,0.9937866926193237
d_1002699.exr,right,0.9956092238426208
d_1002700.exr,right,0.9951907396316528
d_1002701.exr,right,0.995630145072937
d_1002702.exr,right,0.9956117272377014
d_1002707.exr,wrong,0.6258205771446228
d_1002710.exr,right,0.9956081509590149
d_1002711.exr,right,0.9956313371658325
d_1002713.exr,right,0.9956325888633728
d_1002714.exr,right,0.9890718460083008
d_1002715.exr,right,0.9956024885177612
d_1002716.exr,right,0.9955886602401733
d_1002717.exr,wrong,0.9943355917930603
d_1002720.exr,right,0.9956139326095581
d_1002721.exr,right,0.9955995082855225
d_1002722.exr,right,0.9956098198890686
d_1002724.exr,right,0.9956333041191101
d_1002725.exr,right,0.9955862760543823
d_1002726.exr,right,0.9954183101654053
d_1002727.exr,right,0.9956240057945251
d_1002728.exr,right,0.9954395890235901
d_1002730.exr,right,0.995596706867218
d_1002731.exr,right,0.9956152439117432
d_1002732.exr,right,0.9956035614013672
d_1002733.exr,right,0.9956135749816895
d_1002734.exr,right,0.9955952763557434
d_1002736.exr,right,0.9923416376113892
d_1002740.exr,right,0.9956105351448059
d_1002744.exr,right,0.9956119060516357
d_1002747.exr,right,0.9956148862838745
d_1002748.exr,right,0.9956323504447937
d_1002749.exr,right,0.9956154823303223
d_1002750.exr,right,0.9951030015945435
d_1002751.exr,right,0.9955686926841736
d_1002752.exr,right,0.9955441355705261
d_1002754.exr,right,0.9956241250038147
d_1002756.exr,right,0.9955472946166992
d_1002758.exr,right,0.9955894947052002
d_1002759.exr,right,0.994217038154602
d_1002761.exr,wrong,0.9953182339668274
d_1002762.exr,right,0.995596706867218
d_1002764.exr,right,0.9956172704696655
d_1002765.exr,wrong,0.9938040971755981
d_1002766.exr,right,0.9956247210502625
d_1002770.exr,right,0.995613694190979
d_1002771.exr,right,0.9956169128417969
d_1002779.exr,right,0.9956238865852356
d_1002780.exr,right,0.9956225752830505
d_1002781.exr,right,0.9956328272819519
d_1002782.exr,right,0.9953979849815369
d_1002783.exr,right,0.9956011772155762
d_1002784.exr,right,0.9919850826263428
d_1002785.exr,right,0.9956195950508118
d_1002788.exr,right,0.9955976605415344
d_1002790.exr,right,0.9954264760017395
d_1002791.exr,right,0.9950742125511169
d_1002792.exr,right,0.9956254959106445
d_1002793.exr,right,0.9955845475196838
d_1002794.exr,right,0.9956163167953491
d_1002795.exr,right,0.9956300258636475
d_1002796.exr,right,0.9956170320510864
d_1002797.exr,right,0.9956177473068237
d_1002798.exr,right,0.9956235289573669
d_1002800.exr,right,0.9956373572349548
d_1002801.exr,right,0.9912563562393188
d_1002802.exr,right,0.9955657124519348
d_1002803.exr,right,0.995515763759613
d_1002804.exr,right,0.9955754280090332
d_1002805.exr,right,0.9956361651420593
d_1002806.exr,right,0.9955009818077087
d_1002807.exr,right,0.995637834072113
d_1002808.exr,right,0.9956318140029907
d_1002810.exr,right,0.9956201910972595
d_1002811.exr,right,0.9956216216087341
d_1002812.exr,right,0.9956297874450684
d_1002813.exr,right,0.9956306219100952
d_1002815.exr,right,0.9956203103065491
d_1002816.exr,right,0.9956270456314087
d_1002818.exr,right,0.9956268072128296
d_1002820.exr,right,0.9955717325210571
d_1002822.exr,right,0.9956042766571045
d_1002825.exr,wrong,0.8609176874160767
d_1002826.exr,right,0.9955859184265137
d_1002828.exr,right,0.9956152439117432
d_1002829.exr,right,0.9956050515174866
d_1002830.exr,right,0.9956159591674805
d_1002833.exr,right,0.9956249594688416
d_1002837.exr,wrong,0.9957032799720764
d_1002840.exr,right,0.9956122636795044
d_1002841.exr,right,0.9956223368644714
d_1002842.exr,right,0.9955033659934998
d_1002843.exr,right,0.9956022500991821
d_1002844.exr,right,0.9949223399162292
d_1002845.exr,right,0.9956295490264893
d_1002847.exr,right,0.9956004619598389
d_1002848.exr,right,0.9953916072845459
d_1002851.exr,right,0.9955933690071106
d_1002852.exr,right,0.9930083751678467
d_1002854.exr,right,0.9956086277961731
d_1002855.exr,right,0.995629072189331
d_1002857.exr,right,0.995631217956543
d_1002858.exr,right,0.9956159591674805
d_1002859.exr,right,0.9956022500991821
d_1002860.exr,wrong,0.995628833770752
d_1002861.exr,right,0.9956150054931641
d_1002863.exr,right,0.9955906867980957
d_1002864.exr,right,0.9956068396568298
d_1002865.exr,right,0.9956285953521729
d_1002866.exr,right,0.9956283569335938
d_1002867.exr,right,0.9956270456314087
d_1002869.exr,right,0.6932637691497803
d_1002870.exr,right,0.995614767074585
d_1002872.exr,right,0.9956178665161133
d_1002873.exr,right,0.9956328272819519
d_1002874.exr,wrong,0.9935715198516846
d_1002876.exr,right,0.9955849647521973
d_1002877.exr,right,0.9956240057945251
d_1002878.exr,right,0.9956066012382507
d_1002880.exr,right,0.9955730438232422
d_1002881.exr,right,0.9956252574920654
d_1002885.exr,right,0.9956120252609253
d_1002887.exr,right,0.995612621307373
d_1002888.exr,right,0.9956337809562683
d_1002889.exr,right,0.9956220984458923
d_1002890.exr,right,0.9956308603286743
d_1002891.exr,right,0.9955897331237793
d_1002892.exr,right,0.9952422380447388
d_1002893.exr,right,0.9956041574478149
d_1002896.exr,right,0.9956359267234802
d_1002897.exr,right,0.995570957660675
d_1002898.exr,right,0.9955125451087952
d_1002899.exr,right,0.995639443397522
d_1002900.exr,right,0.9955962300300598
d_1002901.exr,right,0.9956130981445312
d_1002902.exr,right,0.9956281185150146
d_1002904.exr,right,0.9924311637878418
d_1002905.exr,right,0.9955499172210693
d_1002906.exr,right,0.9956212639808655
d_1002907.exr,right,0.9956027269363403
d_1002908.exr,right,0.9956113696098328
d_1002910.exr,right,0.9953413009643555
d_1002912.exr,right,0.9954932928085327
d_1002915.exr,right,0.9955138564109802
d_1002917.exr,right,0.9956152439117432
d_1002919.exr,right,0.9956129789352417
d_1002921.exr,right,0.9956282377243042
d_1002923.exr,right,0.9956062436103821
d_1002924.exr,right,0.995606005191803
d_1002925.exr,right,0.9834775328636169
d_1002927.exr,right,0.9952890872955322
d_1002928.exr,wrong,0.995719850063324
d_1002929.exr,right,0.9955679774284363
d_1002931.exr,right,0.9956327080726624
d_1002932.exr,wrong,0.9957211017608643
d_1002933.exr,right,0.9956396818161011
d_1002935.exr,right,0.9956120252609253
d_1002936.exr,right,0.9954860806465149
d_1002938.exr,right,0.9955918192863464
d_1002939.exr,right,0.9956111311912537
d_1002943.exr,right,0.9956289529800415
d_1002944.exr,right,0.995503842830658
d_1002945.exr,right,0.995614767074585
d_1002947.exr,right,0.9956179857254028
d_1002949.exr,right,0.9956034421920776
d_1002950.exr,right,0.9956228137016296
d_1002952.exr,right,0.9956077933311462
d_1002955.exr,right,0.9956036806106567
d_1002956.exr,right,0.9954943656921387
d_1002957.exr,right,0.9956238865852356
d_1002960.exr,right,0.9956369996070862
d_1002961.exr,right,0.9953142404556274
d_1002962.exr,right,0.9956212639808655
d_1002963.exr,right,0.9956356883049011
d_1002964.exr,right,0.9956106543540955
d_1002966.exr,right,0.9954782128334045
d_1002967.exr,right,0.9956068396568298
d_1002968.exr,wrong,0.9949407577514648
d_1002970.exr,right,0.9956116080284119
d_1002974.exr,right,0.9956152439117432
d_1002975.exr,right,0.9943589568138123
d_1002976.exr,wrong,0.995518684387207
d_1002977.exr,right,0.9951849579811096
d_1002980.exr,right,0.9956185221672058
d_1002981.exr,right,0.9956240057945251
d_1002983.exr,right,0.9956146478652954
d_1002985.exr,right,0.9956172704696655
d_1002986.exr,right,0.9956249594688416
d_1002987.exr,right,0.9956092238426208
d_1002988.exr,right,0.9955071210861206
d_1002989.exr,right,0.9956195950508118
d_1002991.exr,right,0.995631217956543
d_1002992.exr,right,0.9956379532814026
d_1002993.exr,right,0.9955505132675171
d_1002995.exr,right,0.9956002235412598
d_1002996.exr,wrong,0.9957268238067627
d_1002997.exr,right,0.9956140518188477
d_1003000.exr,right,0.9955832362174988
d_1003001.exr,right,0.9955920577049255
d_1003003.exr,right,0.9955775737762451
d_1003004.exr,right,0.7857441902160645
d_1003005.exr,right,0.9956035614013672
d_1003006.exr,right,0.9955911636352539
d_1003007.exr,right,0.9955863952636719
d_1003008.exr,right,0.995431661605835
d_1003009.exr,right,0.9956223368644714
d_1003011.exr,right,0.995640754699707
d_1003012.exr,right,0.9955872297286987
d_1003013.exr,right,0.9956322312355042
d_1003015.exr,right,0.9956055283546448
d_1003016.exr,right,0.995612621307373
d_1003017.exr,right,0.9955741167068481
d_1003019.exr,right,0.9949976205825806
d_1003021.exr,right,0.9956264495849609
d_1003023.exr,right,0.9740495085716248
d_1003024.exr,right,0.9956371188163757
d_1003025.exr,right,0.995590329170227
d_1003028.exr,right,0.9956344962120056
d_1003029.exr,wrong,0.9839422106742859
d_1003030.exr,right,0.9954785704612732
d_1003031.exr,right,0.9956408739089966
d_1003032.exr,right,0.9856894016265869
d_1003035.exr,right,0.9956283569335938
d_1003037.exr,right,0.9954668283462524
d_1003038.exr,right,0.9955993890762329
d_1003039.exr,right,0.995612621307373
d_1003040.exr,right,0.9953798055648804
d_1003041.exr,right,0.9956076741218567
d_1003043.exr,right,0.9956287145614624
d_1003044.exr,right,0.9955912828445435
d_1003045.exr,right,0.9955481290817261
d_1003047.exr,wrong,0.9952864050865173
d_1003049.exr,right,0.9956207871437073
d_1003050.exr,right,0.9956254959106445
d_1003051.exr,right,0.9956247210502625
d_1003052.exr,right,0.9956236481666565
d_1003053.exr,wrong,0.9948866963386536
d_1003055.exr,right,0.9955366849899292
d_1003056.exr,right,0.9956153631210327
d_1003057.exr,right,0.9956130981445312
d_1003058.exr,right,0.9956294298171997
d_1003059.exr,right,0.995574951171875
d_1003061.exr,wrong,0.993719220161438
d_1003062.exr,wrong,0.9342736005783081
d_1003063.exr,right,0.9956386685371399
d_1003064.exr,right,0.9953433275222778
d_1003066.exr,right,0.995614767074585
d_1003069.exr,wrong,0.9951629638671875
d_1003070.exr,right,0.9956218600273132
d_1003071.exr,right,0.994297206401825
d_1003072.exr,right,0.995554506778717
d_1003073.exr,right,0.9954955577850342
d_1003076.exr,right,0.9956077933311462
d_1003077.exr,right,0.9956291913986206
d_1003078.exr,right,0.9956154823303223
d_1003080.exr,right,0.995613694190979
d_1003081.exr,right,0.9954168796539307
d_1003082.exr,right,0.9956203103065491
d_1003083.exr,right,0.995636522769928
d_1003084.exr,right,0.9956075549125671
d_1003087.exr,right,0.9956110119819641
d_1003088.exr,right,0.9955814480781555
d_1003091.exr,right,0.9956166744232178
d_1003092.exr,right,0.9930469393730164
d_1003093.exr,right,0.9877618551254272
d_1003094.exr,right,0.995612621307373
d_1003096.exr,right,0.9955695271492004
d_1003097.exr,right,0.9956071972846985
d_1003098.exr,right,0.9955780506134033
d_1003099.exr,right,0.9956339001655579
d_1003100.exr,right,0.9956339001655579
d_1003102.exr,right,0.99561607837677
d_1003104.exr,right,0.9956360459327698
d_1003107.exr,right,0.9955769777297974
d_1003108.exr,right,0.9955990314483643
d_1003110.exr,wrong,0.9908722043037415
d_1003111.exr,right,0.9947589039802551
d_1003112.exr,right,0.9956295490264893
d_1003113.exr,right,0.9953747391700745
d_1003115.exr,right,0.9956306219100952
d_1003117.exr,right,0.995599627494812
d_1003119.exr,right,0.9956192374229431
d_1003120.exr,right,0.9956177473068237
d_1003123.exr,right,0.9956313371658325
d_1003125.exr,right,0.9954383969306946
d_1003128.exr,right,0.9956303834915161
d_1003129.exr,right,0.9956033229827881
d_1003130.exr,right,0.9954634308815002
d_1003132.exr,right,0.988440990447998
d_1003134.exr,right,0.9952312111854553
d_1003135.exr,right,0.9956241250038147
d_1003136.exr,right,0.9956075549125671
d_1003138.exr,right,0.9956294298171997
d_1003139.exr,right,0.9956310987472534
d_1003140.exr,right,0.9955880641937256
d_1003141.exr,right,0.9955582618713379
d_1003142.exr,right,0.995429515838623
d_1003143.exr,right,0.9955299496650696
d_1003144.exr,right,0.9956259727478027
d_1003145.exr,right,0.9951130747795105
d_1003146.exr,right,0.9956281185150146
d_1003148.exr,right,0.9949472546577454
d_1003150.exr,right,0.9950607419013977
d_1003151.exr,right,0.9956205487251282
d_1003152.exr,right,0.9956125020980835
d_1003156.exr,right,0.9956182241439819
d_1003157.exr,right,0.99539715051651
d_1003159.exr,right,0.9953409433364868
d_1003161.exr,right,0.9956337809562683
d_1003163.exr,right,0.9955374002456665
d_1003164.exr,right,0.9955859184265137
d_1003165.exr,right,0.9955942034721375
d_1003167.exr,right,0.9956094622612
d_1003168.exr,right,0.9955270886421204
d_1003172.exr,right,0.9956199526786804
d_1003173.exr,right,0.9956064820289612
d_1003174.exr,right,0.9956142902374268
d_1003175.exr,right,0.9955915808677673
d_1003177.exr,right,0.995557963848114
d_1003179.exr,right,0.995521068572998
d_1003181.exr,right,0.9956111311912537
d_1003182.exr,right,0.9956079125404358
d_1003183.exr,right,0.9955824017524719
d_1003185.exr,right,0.9956283569335938
d_1003187.exr,right,0.9950540065765381
d_1003190.exr,wrong,0.9957107305526733
d_1003191.exr,right,0.9956268072128296
d_1003192.exr,right,0.9956284761428833
d_1003193.exr,right,0.9955997467041016
d_1003194.exr,right,0.9955587387084961
d_1003200.exr,right,0.9955188035964966
d_1003203.exr,right,0.995599627494812
d_1003204.exr,right,0.99558025598526
d_1003205.exr,right,0.9955833554267883
d_1003206.exr,right,0.995630145072937
d_1003209.exr,right,0.995591938495636
d_1003210.exr,right,0.9956134557723999
d_1003215.exr,wrong,0.9822021126747131
d_1003216.exr,right,0.9954278469085693
d_1003218.exr,right,0.9956102967262268
d_1003222.exr,right,0.9956305027008057
d_1003223.exr,right,0.9956329464912415
d_1003224.exr,right,0.994261622428894
d_1003227.exr,right,0.6934409737586975
d_1003228.exr,wrong,0.9945083260536194
d_1003229.exr,right,0.9952592253684998
d_1003232.exr,right,0.9956156015396118
d_1003233.exr,right,0.9956108927726746
d_1003234.exr,right,0.9956139326095581
d_1003236.exr,right,0.9954967498779297
d_1003237.exr,right,0.9956329464912415
d_1003239.exr,right,0.9956045150756836
d_1003240.exr,right,0.9955180287361145
d_1003241.exr,right,0.9950776696205139
d_1003243.exr,right,0.9956335425376892
d_1003244.exr,right,0.9940191507339478
d_1003246.exr,right,0.9956283569335938
d_1003248.exr,right,0.9955269694328308
d_1003249.exr,right,0.9956188797950745
d_1003250.exr,right,0.9940699934959412
d_1003255.exr,right,0.9956164360046387
d_1003260.exr,right,0.9955675005912781
d_1003262.exr,right,0.9956373572349548
d_1003263.exr,right,0.9956257343292236
d_1003264.exr,right,0.9956191182136536
d_1003267.exr,right,0.9955821633338928
d_1003269.exr,right,0.9956274032592773
d_1003271.exr,right,0.9956308603286743
d_1003275.exr,right,0.9956075549125671
d_1003276.exr,wrong,0.9929249286651611
d_1003278.exr,right,0.9956163167953491
d_1003280.exr,right,0.9956039190292358
d_1003282.exr,right,0.728173553943634
d_1003284.exr,right,0.9956295490264893
d_1003285.exr,right,0.9956321120262146
d_1003287.exr,right,0.9954946041107178
d_1003290.exr,wrong,0.995582640171051
d_1003291.exr,right,0.9955956339836121
d_1003293.exr,right,0.9956197142601013
d_1003294.exr,right,0.995630145072937
d_1003295.exr,right,0.9955991506576538
d_1003296.exr,right,0.9956306219100952
d_1003297.exr,right,0.9955694079399109
d_1003298.exr,right,0.9956002235412598
d_1003299.exr,right,0.9956167936325073
d_1003301.exr,right,0.9953226447105408
d_1003302.exr,right,0.9956395626068115
d_1003303.exr,right,0.9956337809562683
d_1003305.exr,right,0.9956371188163757
d_1003307.exr,right,0.9956165552139282
d_1003308.exr,right,0.9956368803977966
d_1003309.exr,wrong,0.9956672191619873
d_1003310.exr,right,0.99455726146698
d_1003311.exr,right,0.995595395565033
d_1003312.exr,right,0.9956305027008057
d_1003313.exr,right,0.994634747505188
d_1003314.exr,wrong,0.9957138299942017
d_1003316.exr,wrong,0.9956691265106201
d_1003317.exr,right,0.9955908060073853
d_1003318.exr,right,0.995598554611206
d_1003319.exr,right,0.9956246018409729
d_1003320.exr,right,0.9956113696098328
d_1003321.exr,right,0.9955343008041382
d_1003322.exr,right,0.9956167936325073
d_1003324.exr,right,0.995598554611206
d_1003325.exr,right,0.9956260919570923
d_1003326.exr,right,0.9956172704696655
d_1003328.exr,right,0.9956187605857849
d_1003329.exr,right,0.9955576062202454
d_1003330.exr,right,0.9956307411193848
d_1003332.exr,right,0.9956265687942505
d_1003333.exr,right,0.9956070780754089
d_1003338.exr,right,0.9955761432647705
d_1003339.exr,right,0.9954126477241516
d_1003342.exr,right,0.9954433441162109
d_1003344.exr,right,0.9951816201210022
d_1003345.exr,wrong,0.9957166314125061
d_1003348.exr,right,0.9956355690956116
d_1003349.exr,right,0.9955607652664185
d_1003350.exr,right,0.9955507516860962
d_1003351.exr,right,0.9956133365631104
d_1003352.exr,wrong,0.9945709109306335
d_1003353.exr,wrong,0.9951509237289429
d_1003355.exr,right,0.9955148100852966
d_1003356.exr,right,0.9956249594688416
d_1003358.exr,right,0.9956281185150146
d_1003359.exr,right,0.9956026077270508
d_1003360.exr,right,0.9956238865852356
d_1003361.exr,right,0.9941662549972534
d_1003362.exr,right,0.9955465793609619
d_1003363.exr,right,0.9956232905387878
d_1003367.exr,right,0.9956159591674805
d_1003368.exr,right,0.9956229329109192
d_1003369.exr,right,0.9956231713294983
d_1003371.exr,wrong,0.9957026839256287
d_1003373.exr,right,0.9955572485923767
d_1003374.exr,right,0.9956191182136536
d_1003375.exr,right,0.9956195950508118
d_1003376.exr,right,0.9955703616142273
d_1003377.exr,right,0.9956093430519104
d_1003378.exr,wrong,0.9957208037376404
d_1003380.exr,right,0.995603084564209
d_1003381.exr,right,0.9956135749816895
d_1003383.exr,right,0.995618462562561
d_1003386.exr,right,0.9956004619598389
d_1003387.exr,right,0.9955572485923767
d_1003390.exr,right,0.9956141710281372
d_1003391.exr,wrong,0.9921644926071167
d_1003393.exr,right,0.9953891038894653
d_1003394.exr,wrong,0.9955125451087952
d_1003395.exr,right,0.9956225752830505
d_1003400.exr,right,0.9955766201019287
d_1003401.exr,right,0.9956275224685669
d_1003402.exr,wrong,0.9956617951393127
d_1003405.exr,right,0.7608457803726196
d_1003406.exr,right,0.9956173896789551
d_1003408.exr,right,0.9954687356948853
d_1003410.exr,right,0.9956337809562683
d_1003411.exr,right,0.9956064820289612
d_1003413.exr,right,0.9955032467842102
d_1003414.exr,right,0.9956079125404358
d_1003415.exr,right,0.9956088662147522
d_1003417.exr,right,0.9956166744232178
d_1003418.exr,right,0.9956167936325073
d_1003420.exr,right,0.995609700679779
d_1003421.exr,right,0.9956091046333313
d_1003422.exr,right,0.9956374764442444
d_1003423.exr,right,0.9956091046333313
d_1003424.exr,right,0.9955419898033142
d_1003426.exr,right,0.9956086277961731
d_1003427.exr,right,0.9956263303756714
d_1003429.exr,right,0.9956232905387878
d_1003430.exr,right,0.9956265687942505
d_1003431.exr,right,0.995608389377594
d_1003432.exr,right,0.995114803314209
d_1003433.exr,right,0.9953629970550537
d_1003435.exr,right,0.9955756664276123
d_1003436.exr,right,0.9956191182136536
d_1003437.exr,wrong,0.9720877408981323
d_1003438.exr,right,0.9956265687942505
d_1003439.exr,right,0.995630145072937
d_1003440.exr,right,0.9956166744232178
d_1003442.exr,right,0.9955192804336548
d_1003444.exr,right,0.9956324696540833
d_1003445.exr,right,0.9956360459327698
d_1003446.exr,right,0.9928998947143555
d_1003448.exr,right,0.9956135749816895
d_1003449.exr,right,0.9956216216087341
d_1003450.exr,right,0.9956166744232178
d_1003452.exr,right,0.9956028461456299
d_1003453.exr,right,0.9956135749816895
d_1003454.exr,right,0.9952925443649292
d_1003455.exr,right,0.9956313371658325
d_1003458.exr,right,0.9956108927726746
d_1003460.exr,right,0.9956099390983582
d_1003461.exr,right,0.994548499584198
d_1003462.exr,right,0.9955682158470154
d_1003464.exr,right,0.9956279993057251
d_1003465.exr,right,0.9946919083595276
d_1003466.exr,right,0.9956139326095581
d_1003469.exr,right,0.9956358075141907
d_1003472.exr,right,0.9956368803977966
d_1003473.exr,right,0.9955649971961975
d_1003474.exr,right,0.995612382888794
d_1003475.exr,right,0.9955515265464783
d_1003476.exr,right,0.9956294298171997
d_1003477.exr,right,0.9955755472183228
d_1003479.exr,right,0.9954524636268616
d_1003480.exr,right,0.9956099390983582
d_1003481.exr,wrong,0.9852035045623779
d_1003482.exr,right,0.9956188797950745
d_1003483.exr,right,0.995637834072113
d_1003484.exr,right,0.99562668800354
d_1003485.exr,right,0.9956188797950745
d_1003486.exr,right,0.9956379532814026
d_1003488.exr,right,0.9956344962120056
d_1003489.exr,right,0.9956299066543579
d_1003493.exr,right,0.7450044751167297
d_1003494.exr,right,0.9956063628196716
d_1003495.exr,wrong,0.9946233034133911
d_1003496.exr,wrong,0.9957219362258911
d_1003497.exr,right,0.9954797029495239
d_1003498.exr,right,0.9956305027008057
d_1003499.exr,right,0.9956281185150146
d_1003500.exr,right,0.9955720901489258
d_1003502.exr,right,0.995639443397522
d_1003505.exr,right,0.9936390519142151
d_1003506.exr,right,0.9953293800354004
d_1003507.exr,right,0.995633065700531
d_1003508.exr,right,0.9956191182136536
d_1003510.exr,right,0.9956186413764954
d_1003511.exr,wrong,0.9951340556144714
d_1003512.exr,right,0.9956133365631104
d_1003513.exr,right,0.9955204725265503
d_1003514.exr,right,0.995125949382782
d_1003515.exr,right,0.9956173896789551
d_1003516.exr,right,0.9956105351448059
d_1003517.exr,right,0.995624840259552
d_1003519.exr,right,0.9956251978874207
d_1003520.exr,right,0.9956091046333313
d_1003522.exr,right,0.9956206679344177
d_1003523.exr,right,0.995628833770752
d_1003524.exr,right,0.9944086670875549
d_1003526.exr,right,0.9955971837043762
d_1003527.exr,right,0.9950228929519653
d_1003528.exr,right,0.9956283569335938
d_1003530.exr,right,0.9956348538398743
d_1003531.exr,right,0.9955970644950867
d_1003534.exr,right,0.9955743551254272
d_1003535.exr,right,0.9956050515174866
d_1003536.exr,right,0.9956197142601013
d_1003538.exr,right,0.9955807328224182
d_1003539.exr,right,0.9949098229408264
d_1003541.exr,right,0.9956066012382507
d_1003544.exr,right,0.9956218600273132
d_1003545.exr,right,0.9921517372131348
d_1003547.exr,right,0.9956228137016296
d_1003548.exr,right,0.994247317314148
d_1003549.exr,right,0.9956095814704895
d_1003550.exr,right,0.9948720335960388
d_1003551.exr,wrong,0.9669177532196045
d_1003553.exr,right,0.9955785870552063
d_1003554.exr,right,0.9956251978874207
d_1003557.exr,right,0.9901620149612427
d_1003558.exr,right,0.9956167936325073
d_1003559.exr,right,0.9956335425376892
d_1003560.exr,right,0.9956344962120056
d_1003562.exr,right,0.9956121444702148
d_1003563.exr,right,0.9956064820289612
d_1003565.exr,right,0.9956328272819519
d_1003566.exr,right,0.9953227639198303
d_1003567.exr,wrong,0.9952918291091919
d_1003568.exr,right,0.9866597652435303
d_1003569.exr,right,0.9955925345420837
d_1003572.exr,right,0.9956242442131042
d_1003573.exr,right,0.9956258535385132
d_1003574.exr,right,0.9955645799636841
d_1003576.exr,right,0.9955649971961975
d_1003577.exr,right,0.9954537153244019
d_1003578.exr,right,0.9955995082855225
d_1003579.exr,right,0.9956367611885071
d_1003580.exr,right,0.9955416321754456
d_1003581.exr,right,0.995489776134491
d_1003584.exr,right,0.995633065700531
d_1003585.exr,right,0.9956127405166626
d_1003590.exr,right,0.9956140518188477
d_1003591.exr,right,0.9956296682357788
d_1003592.exr,right,0.9956265687942505
d_1003593.exr,right,0.995627760887146
d_1003594.exr,right,0.9956192374229431
d_1003596.exr,right,0.9956185221672058
d_1003597.exr,right,0.9951537847518921
d_1003598.exr,right,0.9950653910636902
d_1003599.exr,right,0.9956122636795044
d_1003600.exr,right,0.9955469369888306
d_1003601.exr,right,0.9956258535385132
d_1003603.exr,right,0.9956017732620239
d_1003604.exr,right,0.9956159591674805
d_1003605.exr,right,0.9956035614013672
d_1003607.exr,right,0.9955934882164001
d_1003608.exr,right,0.9956299066543579
d_1003609.exr,right,0.9956218600273132
d_1003610.exr,right,0.995585560798645
d_1003612.exr,wrong,0.9854347705841064
d_1003613.exr,right,0.9955140948295593
d_1003616.exr,right,0.9956198334693909
d_1003617.exr,right,0.995590090751648
d_1003618.exr,right,0.9956173896789551
d_1003619.exr,right,0.9956116080284119
d_1003621.exr,right,0.9956113696098328
d_1003622.exr,right,0.9956307411193848
d_1003623.exr,right,0.9955096244812012
d_1003624.exr,right,0.9949337840080261
d_1003625.exr,right,0.995609700679779
d_1003626.exr,right,0.9955781102180481
d_1003628.exr,right,0.9956035614013672
d_1003629.exr,right,0.9953644275665283
d_1003634.exr,right,0.9955670237541199
d_1003635.exr,right,0.9955800175666809
d_1003636.exr,right,0.9956134557723999
d_1003637.exr,right,0.9956285953521729
d_1003638.exr,right,0.9956045150756836
d_1003639.exr,right,0.9953721165657043
d_1003641.exr,wrong,0.6121689677238464
d_1003642.exr,right,0.9954268932342529
d_1003643.exr,right,0.9956240057945251
d_1003647.exr,right,0.9956102967262268
d_1003648.exr,right,0.9955934882164001
d_1003650.exr,right,0.9956336617469788
d_1003651.exr,right,0.9956294298171997
d_1003653.exr,right,0.9956350922584534
d_1003655.exr,wrong,0.9951317310333252
d_1003656.exr,right,0.9956322312355042
d_1003657.exr,right,0.9956269264221191
d_1003658.exr,right,0.9955798983573914
d_1003659.exr,right,0.9956283569335938
d_1003660.exr,right,0.9950679540634155
d_1003661.exr,right,0.9955944418907166
d_1003666.exr,right,0.9956281185150146
d_1003668.exr,right,0.9950664043426514
d_1003669.exr,right,0.9956235289573669
d_1003671.exr,right,0.995631217956543
d_1003672.exr,right,0.9956113696098328
d_1003677.exr,right,0.9955033659934998
d_1003679.exr,right,0.9956156015396118
d_1003683.exr,right,0.9956331849098206
d_1003686.exr,right,0.9956099390983582
d_1003688.exr,right,0.9947308301925659
d_1003690.exr,right,0.9811422228813171
d_1003691.exr,right,0.9956287145614624
d_1003692.exr,right,0.995568573474884
d_1003693.exr,right,0.9955447316169739
d_1003694.exr,right,0.9955497980117798
d_1003696.exr,right,0.9956089854240417
d_1003697.exr,right,0.995635449886322
d_1003698.exr,right,0.9955993890762329
d_1003699.exr,right,0.9956324696540833
d_1003700.exr,right,0.9956036806106567
d_1003701.exr,wrong,0.9950424432754517
d_1003705.exr,wrong,0.9936044812202454
d_1003706.exr,right,0.9956037998199463
d_1003709.exr,right,0.9956138134002686
d_1003710.exr,right,0.9956099390983582
d_1003711.exr,right,0.995603084564209
d_1003713.exr,right,0.9955867528915405
d_1003714.exr,right,0.9956049919128418
d_1003718.exr,right,0.9956313371658325
d_1003719.exr,right,0.9956270456314087
d_1003721.exr,right,0.9956257343292236
d_1003722.exr,right,0.9956154823303223
d_1003723.exr,right,0.9955694079399109
d_1003724.exr,wrong,0.9951104521751404
d_1003725.exr,right,0.99539715051651
d_1003727.exr,right,0.9956240057945251
d_1003728.exr,right,0.9955430626869202
d_1003729.exr,right,0.9956105351448059
d_1003732.exr,right,0.9956360459327698
d_1003733.exr,right,0.9955428242683411
d_1003734.exr,right,0.995595395565033
d_1003735.exr,right,0.9956328272819519
d_1003736.exr,right,0.9956049919128418
d_1003737.exr,right,0.99562668800354
d_1003739.exr,right,0.9956307411193848
d_1003740.exr,right,0.995595395565033
d_1003741.exr,right,0.9956353306770325
d_1003742.exr,right,0.9956139326095581
d_1003744.exr,right,0.995606005191803
d_1003745.exr,right,0.995613694190979
d_1003746.exr,right,0.9956069588661194
d_1003747.exr,right,0.9956379532814026
d_1003748.exr,right,0.9956139326095581
d_1003749.exr,right,0.9956282377243042
d_1003750.exr,wrong,0.9901109337806702
d_1003752.exr,right,0.9952493906021118
d_1003753.exr,right,0.9955952763557434
d_1003754.exr,right,0.995479941368103
d_1003758.exr,right,0.9956077933311462
d_1003759.exr,right,0.9956236481666565
d_1003760.exr,right,0.9956094622612
d_1003761.exr,right,0.9956192374229431
d_1003762.exr,right,0.9956105351448059
d_1003763.exr,right,0.995594322681427
d_1003764.exr,right,0.9956291913986206
d_1003765.exr,right,0.9955952763557434
d_1003768.exr,right,0.9955064058303833
d_1003771.exr,right,0.9956004619598389
d_1003772.exr,right,0.9956005811691284
d_1003773.exr,wrong,0.990551233291626
d_1003774.exr,wrong,0.9957197308540344
d_1003776.exr,right,0.9950083494186401
d_1003777.exr,right,0.9956377148628235
d_1003778.exr,right,0.9947919249534607
d_1003779.exr,right,0.9955973029136658
d_1003781.exr,right,0.9941294193267822
d_1003783.exr,right,0.9955075979232788
d_1003784.exr,right,0.9956011772155762
d_1003785.exr,right,0.9956313371658325
d_1003786.exr,right,0.995570719242096
d_1003787.exr,right,0.9955861568450928
d_1003789.exr,right,0.995283305644989
d_1003790.exr,right,0.9955596923828125
d_1003791.exr,right,0.9955995082855225
d_1003792.exr,right,0.9955973029136658
d_1003793.exr,right,0.9956186413764954
d_1003794.exr,right,0.9956350922584534
d_1003795.exr,right,0.9954511523246765
d_1003796.exr,right,0.9956008195877075
d_1003797.exr,right,0.9956076741218567
d_1003798.exr,right,0.9956232905387878
d_1003799.exr,right,0.9955335855484009
d_1003801.exr,right,0.9955759048461914
d_1003802.exr,right,0.9953965544700623
d_1003803.exr,right,0.9943234920501709
d_1003804.exr,right,0.9956242442131042
d_1003807.exr,right,0.9951980710029602
d_1003808.exr,right,0.9956186413764954
d_1003811.exr,right,0.995559573173523
d_1003812.exr,right,0.9956220984458923
d_1003813.exr,right,0.9955818057060242
d_1003814.exr,right,0.9956173896789551
d_1003815.exr,right,0.9956279993057251
d_1003816.exr,right,0.995603084564209
d_1003817.exr,wrong,0.9957053065299988
d_1003818.exr,right,0.9956348538398743
d_1003823.exr,wrong,0.9957250356674194
d_1003824.exr,right,0.9955989122390747
d_1003825.exr,right,0.9956050515174866
d_1003826.exr,right,0.9956358075141907
d_1003827.exr,right,0.9955992698669434
d_1003828.exr,right,0.9956250786781311
d_1003829.exr,right,0.9956129789352417
d_1003830.exr,right,0.995614767074585
d_1003833.exr,right,0.9826174378395081
d_1003834.exr,right,0.9956228137016296
d_1003835.exr,right,0.9956230521202087
d_1003836.exr,right,0.9956207871437073
d_1003837.exr,right,0.9956001043319702
d_1003839.exr,right,0.9955586194992065
d_1003840.exr,right,0.9956204295158386
d_1003841.exr,right,0.995624840259552
d_1003842.exr,right,0.9954915642738342
d_1003843.exr,right,0.9955236911773682
d_1003846.exr,right,0.995613694190979
d_1003847.exr,right,0.9955909252166748
d_1003848.exr,right,0.9955726861953735
d_1003849.exr,right,0.9956169128417969
d_1003851.exr,right,0.9956323504447937
d_1003852.exr,right,0.9955512285232544
d_1003853.exr,right,0.9956305027008057
d_1003854.exr,wrong,0.9957208037376404
d_1003856.exr,right,0.9955171942710876
d_1003857.exr,right,0.9955095052719116
d_1003858.exr,right,0.9956061244010925
d_1003859.exr,right,0.9956314563751221
d_1003860.exr,right,0.9956323504447937
d_1003861.exr,right,0.9956323504447937
d_1003863.exr,right,0.9955770969390869
d_1003866.exr,right,0.9956274032592773
d_1003869.exr,right,0.9949731826782227
d_1003870.exr,right,0.9954698085784912
d_1003871.exr,right,0.9956256151199341
d_1003872.exr,right,0.995528519153595
d_1003874.exr,wrong,0.9953951239585876
d_1003876.exr,right,0.9956195950508118
d_1003878.exr,right,0.9956175088882446
d_1003880.exr,right,0.9955991506576538
d_1003882.exr,right,0.9956324696540833
d_1003883.exr,right,0.9955883026123047
d_1003885.exr,right,0.9956367611885071
d_1003886.exr,right,0.9956062436103821
d_1003888.exr,right,0.9956243634223938
d_1003889.exr,right,0.9952530860900879
d_1003891.exr,right,0.9956236481666565
d_1003892.exr,right,0.995614767074585
d_1003894.exr,right,0.9956082701683044
d_1003895.exr,right,0.9956091046333313
d_1003896.exr,right,0.9956264495849609
d_1003897.exr,right,0.9956300258636475
d_1003900.exr,right,0.9956259727478027
d_1003901.exr,right,0.9939752221107483
d_1003902.exr,right,0.9955925345420837
d_1003903.exr,right,0.9956170320510864
d_1003905.exr,right,0.995614767074585
d_1003906.exr,right,0.9956159591674805
d_1003908.exr,right,0.9956318140029907
d_1003909.exr,right,0.9956046342849731
d_1003910.exr,right,0.9954859614372253
d_1003911.exr,right,0.9955644607543945
d_1003913.exr,right,0.9949778914451599
d_1003914.exr,right,0.9954735636711121
d_1003917.exr,right,0.9955720901489258
d_1003920.exr,right,0.9956346154212952
d_1003922.exr,right,0.9956296682357788
d_1003923.exr,right,0.9956321120262146
d_1003925.exr,right,0.9956216216087341
d_1003927.exr,right,0.9953839182853699
d_1003928.exr,right,0.9954102635383606
d_1003929.exr,right,0.9956331849098206
d_1003931.exr,right,0.9955852031707764
d_1003932.exr,right,0.9955275654792786
d_1003933.exr,right,0.9951245188713074
d_1003934.exr,right,0.9955835938453674
d_1003935.exr,right,0.9955297112464905
d_1003937.exr,right,0.9954010248184204
d_1003938.exr,right,0.9955909252166748
d_1003939.exr,right,0.9956220984458923
d_1003940.exr,right,0.99522864818573
d_1003941.exr,right,0.9955974221229553
d_1003944.exr,right,0.9956359267234802
d_1003945.exr,right,0.995639443397522
d_1003946.exr,right,0.9956009387969971
d_1003947.exr,right,0.9956041574478149
d_1003949.exr,right,0.9955808520317078
d_1003951.exr,right,0.9956367611885071
d_1003952.exr,right,0.995614767074585
d_1003953.exr,right,0.9956232905387878
d_1003954.exr,right,0.9955884218215942
d_1003956.exr,right,0.9955915808677673
d_1003957.exr,right,0.9956077933311462
d_1003958.exr,right,0.9937331080436707
d_1003959.exr,right,0.9955984354019165
d_1003960.exr,right,0.9956080317497253
d_1003963.exr,right,0.9956212639808655
d_1003964.exr,right,0.9956300258636475
d_1003966.exr,right,0.9956240057945251
d_1003968.exr,right,0.995598554611206
d_1003969.exr,right,0.995613694190979
d_1003975.exr,right,0.9956296682357788
d_1003976.exr,right,0.9956356883049011
d_1003977.exr,right,0.9955992698669434
d_1003978.exr,right,0.9956300258636475
d_1003981.exr,right,0.9903331398963928
d_1003982.exr,right,0.9956343770027161
d_1003983.exr,right,0.993606686592102
d_1003984.exr,right,0.9956242442131042
d_1003985.exr,right,0.9956198334693909
d_1003987.exr,right,0.9956033229827881
d_1003988.exr,right,0.9956127405166626
d_1003989.exr,right,0.9956071972846985
d_1003990.exr,right,0.9956323504447937
d_1003992.exr,right,0.9955955147743225
d_1003993.exr,right,0.9956226944923401
d_1003994.exr,right,0.9955117106437683
d_1003995.exr,right,0.9956119060516357
d_1003996.exr,right,0.995366096496582
d_1003997.exr,right,0.9956296682357788
d_1003998.exr,right,0.9955974221229553
d_1004000.exr,right,0.995635449886322
d_1004001.exr,right,0.9956081509590149
d_1004002.exr,wrong,0.994529664516449
d_1004003.exr,right,0.9956358075141907
d_1004004.exr,right,0.9951543807983398
d_1004007.exr,right,0.9956199526786804
d_1004008.exr,right,0.9956116080284119
d_1004009.exr,wrong,0.9950610995292664
d_1004010.exr,right,0.9956281185150146
d_1004011.exr,right,0.9956198334693909
d_1004012.exr,right,0.9956121444702148
d_1004013.exr,right,0.995631217956543
d_1004014.exr,right,0.9955571293830872
d_1004015.exr,right,0.9956257343292236
d_1004018.exr,right,0.9956003427505493
d_1004020.exr,right,0.9956322312355042
d_1004022.exr,right,0.9955968260765076
d_1004024.exr,right,0.9955304265022278
d_1004025.exr,wrong,0.9930357336997986
d_1004026.exr,right,0.9956075549125671
d_1004027.exr,right,0.9956077933311462
d_1004028.exr,right,0.995624840259552
d_1004029.exr,right,0.9955843091011047
d_1004031.exr,right,0.995637834072113
d_1004033.exr,right,0.9956127405166626
d_1004035.exr,right,0.9956057667732239
d_1004037.exr,right,0.9956323504447937
d_1004038.exr,right,0.9955970644950867
d_1004039.exr,right,0.9956144094467163
d_1004040.exr,right,0.9956318140029907
d_1004041.exr,right,0.9956319332122803
d_1004042.exr,right,0.9956099390983582
d_1004044.exr,right,0.9956272840499878
d_1004045.exr,right,0.9956163167953491
d_1004046.exr,right,0.995618462562561
d_1004049.exr,right,0.9956148862838745
d_1004050.exr,right,0.994640052318573
d_1004051.exr,right,0.9956234097480774
d_1004052.exr,right,0.9956336617469788
d_1004054.exr,wrong,0.9950639605522156
d_1004055.exr,right,0.9956259727478027
d_1004056.exr,wrong,0.9955421090126038
d_1004057.exr,right,0.9930447936058044
d_1004058.exr,right,0.9956205487251282
d_1004059.exr,right,0.9956249594688416
d_1004060.exr,right,0.9939775466918945
d_1004061.exr,right,0.9945018291473389
d_1004062.exr,right,0.9956236481666565
d_1004063.exr,right,0.9955915212631226
d_1004064.exr,right,0.9955816864967346
d_1004065.exr,right,0.9956260919570923
d_1004066.exr,right,0.9956170320510864
d_1004068.exr,right,0.9956258535385132
d_1004069.exr,right,0.9956316947937012
d_1004070.exr,right,0.9954109787940979
d_1004072.exr,right,0.9956361651420593
d_1004073.exr,right,0.9955871105194092
d_1004074.exr,right,0.9956198334693909
d_1004075.exr,right,0.9956295490264893
d_1004076.exr,right,0.9956001043319702
d_1004077.exr,right,0.995609700679779
d_1004078.exr,right,0.9955376386642456
d_1004080.exr,right,0.9956235289573669
d_1004081.exr,right,0.9956347346305847
d_1004082.exr,right,0.9956335425376892
d_1004083.exr,right,0.995635449886322
d_1004089.exr,right,0.9954478144645691
d_1004090.exr,right,0.9956346154212952
d_1004093.exr,right,0.9956319332122803
d_1004094.exr,right,0.995624840259552
d_1004095.exr,right,0.9956346154212952
d_1004096.exr,right,0.9956139326095581
d_1004099.exr,right,0.9871165156364441
d_1004100.exr,right,0.9956306219100952
d_1004101.exr,right,0.9955046772956848
d_1004102.exr,right,0.9944921731948853
d_1004104.exr,right,0.9955998659133911
d_1004106.exr,right,0.995628833770752
d_1004107.exr,right,0.9956187605857849
d_1004108.exr,right,0.9955847859382629
d_1004109.exr,right,0.9956122636795044
d_1004112.exr,right,0.995622456073761
d_1004113.exr,right,0.9955292344093323
d_1004114.exr,right,0.995624840259552
d_1004116.exr,right,0.9956164360046387
d_1004118.exr,right,0.9946416616439819
d_1004120.exr,right,0.9956215023994446
d_1004121.exr,right,0.9954706430435181
d_1004122.exr,right,0.9956204295158386
d_1004123.exr,right,0.9956057667732239
d_1004124.exr,right,0.9956169128417969
d_1004126.exr,right,0.9956294298171997
d_1004128.exr,right,0.9956135749816895
d_1004131.exr,right,0.9956212639808655
d_1004132.exr,right,0.9956125020980835
d_1004133.exr,right,0.9956036806106567
d_1004135.exr,wrong,0.9957113265991211
d_1004136.exr,right,0.9956315755844116
d_1004137.exr,right,0.9955965876579285
d_1004138.exr,right,0.9955606460571289
d_1004139.exr,right,0.9952343106269836
d_1004140.exr,wrong,0.9942529797554016
d_1004142.exr,right,0.995622456073761
d_1004143.exr,right,0.9938704967498779
d_1004144.exr,right,0.9956254959106445
d_1004145.exr,right,0.9956230521202087
d_1004147.exr,right,0.9956039190292358
d_1004149.exr,right,0.995567262172699
d_1004151.exr,right,0.9955768585205078
d_1004152.exr,right,0.9956380724906921
d_1004157.exr,right,0.9955320358276367
d_1004158.exr,right,0.9956206679344177
d_1004159.exr,right,0.9953216910362244
d_1004163.exr,right,0.9956271648406982
d_1004164.exr,right,0.9944304823875427
d_1004165.exr,right,0.9956229329109192
d_1004167.exr,right,0.995636522769928
d_1004169.exr,right,0.9956185221672058
d_1004170.exr,right,0.9956192374229431
d_1004171.exr,right,0.995631217956543
d_1004173.exr,right,0.9956279993057251
d_1004174.exr,right,0.9956279993057251
d_1004176.exr,right,0.9956203103065491
d_1004178.exr,right,0.9955516457557678
d_1004179.exr,right,0.9956055283546448
d_1004180.exr,right,0.9956139326095581
d_1004181.exr,right,0.9956075549125671
d_1004182.exr,right,0.9956198334693909
d_1004183.exr,right,0.9954097867012024
d_1004184.exr,right,0.9956252574920654
d_1004186.exr,right,0.9956140518188477
d_1004187.exr,right,0.9956289529800415
d_1004188.exr,right,0.9955807328224182
d_1004190.exr,right,0.9956105351448059
d_1004193.exr,right,0.9956293106079102
d_1004195.exr,right,0.9956122636795044
d_1004196.exr,right,0.9955657124519348
d_1004197.exr,right,0.9956212639808655
d_1004198.exr,right,0.9955403208732605
d_1004200.exr,right,0.9956070780754089
d_1004202.exr,right,0.9956333041191101
d_1004204.exr,right,0.9955831170082092
d_1004205.exr,right,0.995608389377594
d_1004206.exr,wrong,0.6572259068489075
d_1004207.exr,right,0.9956310987472534
d_1004208.exr,right,0.9956113696098328
d_1004209.exr,right,0.9956300258636475
d_1004210.exr,right,0.9956360459327698
d_1004211.exr,wrong,0.9941778182983398
d_1004212.exr,right,0.7395910024642944
d_1004213.exr,right,0.9956186413764954
d_1004214.exr,right,0.993546187877655
d_1004215.exr,right,0.9956023693084717
d_1004216.exr,right,0.9956035614013672
d_1004218.exr,right,0.9955606460571289
d_1004221.exr,right,0.9950340986251831
d_1004225.exr,right,0.9955978989601135
d_1004226.exr,right,0.9956203103065491
d_1004227.exr,right,0.9956235289573669
d_1004228.exr,right,0.9956169128417969
d_1004231.exr,right,0.9956303834915161
d_1004232.exr,right,0.995486319065094
d_1004233.exr,right,0.9955750703811646
d_1004235.exr,right,0.9943470358848572
d_1004236.exr,right,0.9956139326095581
d_1004238.exr,right,0.9956296682357788
d_1004239.exr,wrong,0.9956411123275757
d_1004240.exr,right,0.9956212639808655
d_1004241.exr,right,0.9956349730491638
d_1004243.exr,right,0.9956173896789551
d_1004244.exr,right,0.9956093430519104
d_1004245.exr,right,0.9952020645141602
d_1004246.exr,right,0.9956062436103821
d_1004247.exr,right,0.9955623149871826
d_1004248.exr,right,0.9955189228057861
d_1004249.exr,wrong,0.9954743981361389
d_1004250.exr,right,0.9956329464912415
d_1004252.exr,right,0.9956150054931641
d_1004256.exr,right,0.9956117272377014
d_1004257.exr,right,0.9956278800964355
d_1004258.exr,right,0.9956375956535339
d_1004259.exr,right,0.995634138584137
d_1004260.exr,right,0.9956217408180237
d_1004262.exr,right,0.9955604076385498
d_1004263.exr,right,0.9956122636795044
d_1004264.exr,right,0.9956210255622864
d_1004267.exr,right,0.9955980181694031
d_1004268.exr,right,0.9956063628196716
d_1004269.exr,right,0.9956108927726746
d_1004270.exr,right,0.9956170320510864
d_1004271.exr,right,0.9956283569335938
d_1004272.exr,right,0.9956152439117432
d_1004273.exr,right,0.9952880144119263
d_1004274.exr,right,0.9956197142601013
d_1004275.exr,wrong,0.9948969483375549
d_1004277.exr,right,0.9913920164108276
d_1004278.exr,right,0.9956178665161133
d_1004279.exr,right,0.9956161975860596
d_1004282.exr,right,0.9955841898918152
d_1004285.exr,right,0.9956163167953491
d_1004287.exr,right,0.9956302642822266
d_1004288.exr,right,0.9955536723136902
d_1004289.exr,right,0.9955340623855591
d_1004292.exr,right,0.9956146478652954
d_1004293.exr,right,0.9948071837425232
d_1004296.exr,right,0.9956293106079102
d_1004297.exr,right,0.9956324696540833
d_1004299.exr,right,0.9956203103065491
d_1004301.exr,right,0.9940962791442871
d_1004303.exr,right,0.9956002235412598
d_1004304.exr,right,0.9956192374229431
d_1004305.exr,right,0.9956036806106567
d_1004306.exr,right,0.995625376701355
d_1004307.exr,right,0.9955888986587524
d_1004308.exr,right,0.9955577254295349
d_1004310.exr,right,0.9955847859382629
d_1004311.exr,right,0.995621383190155
d_1004316.exr,right,0.9955999851226807
d_1004317.exr,right,0.9956279993057251
d_1004318.exr,right,0.9955974221229553
d_1004320.exr,right,0.9956211447715759
d_1004322.exr,right,0.9956270456314087
d_1004323.exr,right,0.9956071972846985
d_1004324.exr,right,0.9955665469169617
d_1004326.exr,right,0.9956251978874207
d_1004327.exr,right,0.9950233697891235
d_1004328.exr,right,0.995607316493988
d_1004329.exr,right,0.9954470992088318
d_1004330.exr,right,0.9956191182136536
d_1004331.exr,right,0.995614767074585
d_1004332.exr,right,0.9956225752830505
d_1004333.exr,right,0.9956092238426208
d_1004334.exr,right,0.9955604076385498
d_1004335.exr,right,0.9956310987472534
d_1004336.exr,right,0.9956263303756714
d_1004338.exr,right,0.9955325126647949
d_1004340.exr,right,0.995631217956543
d_1004341.exr,right,0.9922893643379211
d_1004344.exr,right,0.9956241250038147
d_1004345.exr,right,0.9955970644950867
d_1004346.exr,right,0.9956297874450684
d_1004347.exr,right,0.9956314563751221
d_1004348.exr,right,0.995552122592926
d_1004349.exr,right,0.9947340488433838
d_1004350.exr,right,0.9956291913986206
d_1004351.exr,right,0.9956259727478027
d_1004353.exr,right,0.9956329464912415
d_1004355.exr,right,0.9956291913986206
d_1004356.exr,wrong,0.9804503917694092
d_1004358.exr,right,0.9954564571380615
d_1004359.exr,right,0.9956154823303223
d_1004360.exr,right,0.9955949187278748
d_1004361.exr,right,0.9956192374229431
d_1004362.exr,right,0.9954659938812256
d_1004363.exr,right,0.9956154823303223
d_1004364.exr,right,0.995612382888794
d_1004365.exr,right,0.9823859930038452
d_1004366.exr,right,0.9956191182136536
d_1004367.exr,right,0.9956008195877075
d_1004368.exr,right,0.9951683282852173
d_1004375.exr,right,0.9955989122390747
d_1004376.exr,right,0.995603084564209
d_1004378.exr,right,0.9949906468391418
d_1004379.exr,right,0.9955945611000061
d_1004383.exr,right,0.9956129789352417
d_1004385.exr,right,0.9956210255622864
d_1004386.exr,right,0.9955862760543823
d_1004387.exr,right,0.9954019784927368
d_1004388.exr,right,0.9956064820289612
d_1004389.exr,right,0.9956207871437073
d_1004390.exr,right,0.9956130981445312
d_1004391.exr,right,0.9955884218215942
d_1004392.exr,right,0.9956194758415222
d_1004394.exr,right,0.9956331849098206
d_1004395.exr,right,0.9956218600273132
d_1004396.exr,right,0.9956249594688416
d_1004399.exr,wrong,0.9952948689460754
d_1004404.exr,right,0.9956241250038147
d_1004405.exr,right,0.9956016540527344
d_1004406.exr,wrong,0.9939733147621155
d_1004407.exr,right,0.9956128597259521
d_1004408.exr,right,0.9955214262008667
d_1004409.exr,wrong,0.9949959516525269
d_1004411.exr,right,0.9953653812408447
d_1004412.exr,right,0.9956194758415222
d_1004413.exr,right,0.9956314563751221
d_1004415.exr,right,0.9956225752830505
d_1004417.exr,right,0.9955366849899292
d_1004418.exr,right,0.9956218600273132
d_1004420.exr,right,0.9956279993057251
d_1004421.exr,right,0.9956334233283997
d_1004422.exr,right,0.9956279993057251
d_1004423.exr,right,0.9956210255622864
d_1004425.exr,right,0.9956230521202087
d_1004428.exr,right,0.9956125020980835
d_1004429.exr,right,0.9953888654708862
d_1004430.exr,right,0.9946605563163757
d_1004431.exr,right,0.9955195188522339
d_1004433.exr,right,0.9956379532814026
d_1004434.exr,wrong,0.9938352108001709
d_1004435.exr,right,0.9956144094467163
d_1004436.exr,right,0.9952925443649292
d_1004437.exr,right,0.9953956007957458
d_1004441.exr,right,0.995618999004364
d_1004443.exr,right,0.9956057667732239
d_1004445.exr,right,0.99562668800354
d_1004446.exr,right,0.9955400824546814
d_1004447.exr,right,0.9956192374229431
d_1004449.exr,right,0.9956197142601013
d_1004450.exr,right,0.9956088662147522
d_1004454.exr,right,0.995633065700531
d_1004455.exr,right,0.9956050515174866
d_1004457.exr,right,0.9956327080726624
d_1004458.exr,right,0.9956349730491638
d_1004460.exr,right,0.9956106543540955
d_1004464.exr,right,0.9955938458442688
d_1004465.exr,right,0.9954900145530701
d_1004466.exr,right,0.9956325888633728
d_1004468.exr,right,0.9956077933311462
d_1004469.exr,right,0.9956256151199341
d_1004471.exr,right,0.9955013394355774
d_1004472.exr,right,0.9955213069915771
d_1004475.exr,right,0.9956336617469788
d_1004476.exr,right,0.9948305487632751
d_1004477.exr,right,0.9845734238624573
d_1004478.exr,wrong,0.9949886202812195
d_1004480.exr,right,0.9955981373786926
d_1004481.exr,right,0.9955896139144897
d_1004483.exr,right,0.9956234097480774
d_1004485.exr,right,0.9956319332122803
d_1004487.exr,right,0.9956139326095581
d_1004488.exr,right,0.9956272840499878
d_1004489.exr,right,0.9956329464912415
d_1004490.exr,right,0.9952870607376099
d_1004491.exr,right,0.9944460391998291
d_1004494.exr,right,0.9956306219100952
d_1004495.exr,right,0.995637834072113
d_1004498.exr,right,0.9956247210502625
d_1004500.exr,wrong,0.9957255125045776
d_1004501.exr,right,0.9955987930297852
d_1004502.exr,right,0.9956195950508118
d_1004503.exr,right,0.9956293106079102
d_1004505.exr,right,0.9956207871437073
d_1004507.exr,right,0.9956104159355164
d_1004508.exr,right,0.9956307411193848
d_1004509.exr,right,0.9947665929794312
d_1004510.exr,right,0.9955747127532959
d_1004511.exr,right,0.9956034421920776
d_1004513.exr,right,0.9956080317497253
d_1004514.exr,right,0.9956164360046387
d_1004515.exr,right,0.995602011680603
d_1004517.exr,right,0.9956396818161011
d_1004518.exr,right,0.9904966354370117
d_1004519.exr,right,0.9955722093582153
d_1004521.exr,right,0.9955838322639465
d_1004523.exr,right,0.9953979849815369
d_1004524.exr,right,0.9956119060516357
d_1004525.exr,right,0.9956080317497253
d_1004526.exr,right,0.9955859184265137
d_1004527.exr,right,0.9956082701683044
d_1004528.exr,right,0.9955828785896301
d_1004529.exr,right,0.9956258535385132
d_1004530.exr,right,0.9956296682357788
d_1004532.exr,right,0.9956278800964355
d_1004533.exr,right,0.9956329464912415
d_1004535.exr,right,0.9956309795379639
d_1004536.exr,right,0.9956306219100952
d_1004537.exr,right,0.9955117106437683
d_1004540.exr,right,0.9955969452857971
d_1004541.exr,right,0.9956350922584534
d_1004542.exr,wrong,0.995262622833252
d_1004543.exr,right,0.9950372576713562
d_1004544.exr,right,0.9956151247024536
d_1004554.exr,right,0.995624840259552
d_1004555.exr,right,0.995625376701355
d_1004556.exr,right,0.9954506754875183
d_1004558.exr,right,0.995010495185852
d_1004559.exr,right,0.9955065250396729
d_1004561.exr,right,0.9956300258636475
d_1004565.exr,right,0.9954237341880798
d_1004566.exr,right,0.9956259727478027
d_1004567.exr,right,0.9956395626068115
d_1004569.exr,right,0.9871279001235962
d_1004570.exr,right,0.9956300258636475
d_1004571.exr,right,0.9953134059906006
d_1004574.exr,right,0.9954952001571655
d_1004575.exr,right,0.9955794215202332
d_1004577.exr,right,0.9954032897949219
d_1004578.exr,right,0.9952172040939331
d_1004579.exr,right,0.9956303834915161
d_1004580.exr,right,0.9956313371658325
d_1004581.exr,right,0.9956355690956116
d_1004583.exr,right,0.9956091046333313
d_1004585.exr,right,0.9431188106536865
d_1004586.exr,right,0.9955489635467529
d_1004587.exr,right,0.9949642419815063
d_1004589.exr,right,0.9954473376274109
d_1004591.exr,right,0.9956017732620239
d_1004592.exr,right,0.9956274032592773
d_1004593.exr,right,0.9956018924713135
d_1004595.exr,right,0.9956222176551819
d_1004596.exr,right,0.9956002235412598
d_1004597.exr,right,0.9952715039253235
d_1004598.exr,right,0.9956024885177612
d_1004599.exr,right,0.9955992698669434
d_1004600.exr,right,0.9955982565879822
d_1004601.exr,right,0.9956305027008057
d_1004604.exr,right,0.9956294298171997
d_1004605.exr,right,0.9956183433532715
d_1004608.exr,right,0.9956366419792175
d_1004609.exr,wrong,0.9955666661262512
d_1004610.exr,right,0.9955517649650574
d_1004614.exr,right,0.995556652545929
d_1004615.exr,right,0.9956259727478027
d_1004617.exr,wrong,0.9925621151924133
d_1004621.exr,right,0.9921877384185791
d_1004622.exr,right,0.9932443499565125
d_1004626.exr,right,0.9956035614013672
d_1004627.exr,right,0.9955614805221558
d_1004628.exr,right,0.9956151247024536
d_1004630.exr,right,0.9955819249153137
d_1004633.exr,right,0.9955978989601135
d_1004634.exr,wrong,0.9944465160369873
d_1004637.exr,right,0.9956260919570923
d_1004638.exr,right,0.9955893754959106
d_1004640.exr,right,0.9956218600273132
d_1004642.exr,wrong,0.9948670864105225
d_1004644.exr,right,0.9956249594688416
d_1004647.exr,right,0.9956127405166626
d_1004648.exr,wrong,0.9957262277603149
d_1004649.exr,right,0.9956263303756714
d_1004651.exr,right,0.9956251978874207
d_1004653.exr,right,0.995628833770752
d_1004654.exr,wrong,0.9924472570419312
d_1004655.exr,right,0.9955931305885315
d_1004656.exr,right,0.9956037998199463
d_1004657.exr,right,0.9955892562866211
d_1004658.exr,right,0.9955861568450928
d_1004659.exr,right,0.9956140518188477
d_1004660.exr,right,0.9956236481666565
d_1004662.exr,right,0.9956368803977966
d_1004664.exr,right,0.9956366419792175
d_1004665.exr,right,0.995597779750824
d_1004666.exr,right,0.9951217770576477
d_1004667.exr,right,0.9956320524215698
d_1004671.exr,right,0.9956017732620239
d_1004672.exr,right,0.9956212639808655
d_1004673.exr,right,0.9956087470054626
d_1004677.exr,right,0.9841374158859253
d_1004678.exr,right,0.995635449886322
d_1004679.exr,right,0.9951211810112
d_1004681.exr,right,0.995634138584137
d_1004682.exr,right,0.994987964630127
d_1004683.exr,right,0.9955546259880066
d_1004686.exr,right,0.9956037998199463
d_1004687.exr,right,0.9956071972846985
d_1004688.exr,right,0.9956243634223938
d_1004690.exr,right,0.9951366782188416
d_1004691.exr,right,0.995598554611206
d_1004693.exr,wrong,0.9955774545669556
d_1004694.exr,right,0.9956309795379639
d_1004696.exr,right,0.995554506778717
d_1004697.exr,right,0.9739699959754944
d_1004700.exr,right,0.9956176280975342
d_1004701.exr,right,0.9955987930297852
d_1004702.exr,right,0.9956075549125671
d_1004703.exr,right,0.9951332211494446
d_1004704.exr,wrong,0.986902117729187
d_1004706.exr,right,0.9956295490264893
d_1004707.exr,wrong,0.9955659508705139
d_1004708.exr,right,0.995465874671936
d_1004710.exr,wrong,0.7776392698287964
d_1004711.exr,right,0.9954991936683655
d_1004712.exr,right,0.9956315755844116
d_1004714.exr,right,0.9956275224685669
d_1004716.exr,right,0.9955869913101196
d_1004717.exr,wrong,0.9954608082771301
d_1004719.exr,right,0.9955834746360779
d_1004720.exr,right,0.9955663084983826
d_1004721.exr,right,0.9954721927642822
d_1004723.exr,right,0.9956099390983582
d_1004724.exr,right,0.9956015348434448
d_1004725.exr,right,0.9956085085868835
d_1004726.exr,right,0.9956112504005432
d_1004728.exr,wrong,0.992976725101471
d_1004729.exr,right,0.9956158399581909
d_1004730.exr,right,0.995625376701355
d_1004731.exr,right,0.9955748319625854
d_1004732.exr,right,0.9956194758415222
d_1004733.exr,right,0.9953770637512207
d_1004734.exr,right,0.9956175088882446
d_1004735.exr,right,0.9956242442131042
d_1004736.exr,right,0.995591402053833
d_1004737.exr,right,0.995429515838623
d_1004740.exr,right,0.99561607837677
d_1004741.exr,right,0.9956258535385132
d_1004743.exr,right,0.9955409169197083
d_1004744.exr,right,0.9955975413322449
d_1004745.exr,right,0.9956056475639343
d_1004746.exr,right,0.995600700378418
d_1004748.exr,right,0.9956319332122803
d_1004752.exr,right,0.9956064820289612
d_1004753.exr,right,0.9956349730491638
d_1004754.exr,right,0.9956252574920654
d_1004755.exr,right,0.9955352544784546
d_1004760.exr,right,0.9951366782188416
d_1004761.exr,wrong,0.9954907298088074
d_1004762.exr,right,0.9956313371658325
d_1004765.exr,right,0.9956276416778564
d_1004766.exr,right,0.9947263598442078
d_1004769.exr,right,0.9935518503189087
d_1004770.exr,right,0.9954360127449036
d_1004771.exr,right,0.9956014156341553
d_1004772.exr,right,0.9955815672874451
d_1004774.exr,right,0.9955649971961975
d_1004775.exr,right,0.9951928853988647
d_1004776.exr,right,0.99442058801651
d_1004777.exr,right,0.9956282377243042
d_1004778.exr,right,0.9956129789352417
d_1004779.exr,right,0.9955945611000061
d_1004781.exr,right,0.9956350922584534
d_1004782.exr,right,0.9956361651420593
d_1004783.exr,right,0.9956309795379639
d_1004784.exr,right,0.9956257343292236
d_1004786.exr,right,0.9952547550201416
d_1004787.exr,right,0.995622456073761
d_1004789.exr,right,0.9956300258636475
d_1004790.exr,right,0.9956274032592773
d_1004791.exr,right,0.9949113726615906
d_1004792.exr,right,0.9956089854240417
d_1004793.exr,right,0.9956269264221191
d_1004794.exr,wrong,0.9949122071266174
d_1004795.exr,right,0.9955878257751465
d_1004799.exr,wrong,0.9957143664360046
d_1004801.exr,right,0.9945515990257263
d_1004804.exr,right,0.9956092238426208
d_1004805.exr,right,0.9955720901489258
d_1004806.exr,right,0.9955784678459167
d_1004807.exr,right,0.995618999004364
d_1004808.exr,right,0.9956188797950745
d_1004810.exr,right,0.9949945211410522
d_1004811.exr,right,0.9956210255622864
d_1004812.exr,right,0.9956289529800415
d_1004813.exr,right,0.9956102967262268
d_1004814.exr,right,0.9956246018409729
d_1004815.exr,right,0.9956110119819641
d_1004817.exr,wrong,0.9955590963363647
d_1004818.exr,right,0.9956033229827881
d_1004819.exr,right,0.9956178665161133
d_1004820.exr,right,0.9956352114677429
d_1004821.exr,right,0.9956122636795044
d_1004822.exr,right,0.99562007188797
d_1004823.exr,right,0.9955797791481018
d_1004824.exr,right,0.9956244826316833
d_1004826.exr,right,0.9956299066543579
d_1004827.exr,right,0.9955887794494629
d_1004828.exr,right,0.9956005811691284
d_1004829.exr,right,0.9953672885894775
d_1004830.exr,right,0.9956347346305847
d_1004832.exr,right,0.9956225752830505
d_1004835.exr,right,0.9955868721008301
d_1004836.exr,right,0.9956279993057251
d_1004839.exr,right,0.9951657056808472
d_1004840.exr,right,0.9956029653549194
d_1004842.exr,right,0.9955942034721375
d_1004843.exr,right,0.9956195950508118
d_1004844.exr,right,0.9940845370292664
d_1004845.exr,right,0.9956100583076477
d_1004846.exr,right,0.9955821633338928
d_1004847.exr,right,0.9956313371658325
d_1004848.exr,right,0.9956159591674805
d_1004851.exr,wrong,0.9957067370414734
d_1004852.exr,right,0.9956358075141907
d_1004853.exr,right,0.9956067204475403
d_1004855.exr,right,0.9955744743347168
d_1004856.exr,right,0.9956327080726624
d_1004857.exr,right,0.9956243634223938
d_1004858.exr,right,0.9956104159355164
d_1004859.exr,right,0.995637834072113
d_1004860.exr,right,0.9956236481666565
d_1004861.exr,wrong,0.9954084753990173
d_1004862.exr,right,0.9956170320510864
d_1004864.exr,right,0.9955888986587524
d_1004865.exr,right,0.9956257343292236
d_1004868.exr,right,0.9956393241882324
d_1004869.exr,right,0.9956293106079102
d_1004871.exr,right,0.9956236481666565
d_1004873.exr,right,0.9956313371658325
d_1004876.exr,right,0.9956271648406982
d_1004877.exr,right,0.7194980382919312
d_1004878.exr,right,0.9956331849098206
d_1004879.exr,right,0.9956336617469788
d_1004880.exr,wrong,0.9956830739974976
d_1004881.exr,right,0.995573878288269
d_1004884.exr,right,0.9956215023994446
d_1004887.exr,right,0.9956343770027161
d_1004889.exr,right,0.9956361651420593
d_1004890.exr,right,0.9956141710281372
d_1004893.exr,right,0.9955860376358032
d_1004894.exr,right,0.9956223368644714
d_1004895.exr,right,0.9956218600273132
d_1004900.exr,right,0.9956037998199463
d_1004901.exr,right,0.9956375956535339
d_1004902.exr,right,0.995621383190155
d_1004904.exr,right,0.9956220984458923
d_1004905.exr,right,0.9956151247024536
d_1004906.exr,right,0.995621383190155
d_1004908.exr,right,0.9956211447715759
d_1004910.exr,right,0.9955518841743469
d_1004911.exr,right,0.9956225752830505
d_1004913.exr,right,0.9956049919128418
d_1004914.exr,right,0.9955748319625854
d_1004915.exr,right,0.9955230951309204
d_1004916.exr,right,0.995600700378418
d_1004917.exr,right,0.9954909682273865
d_1004918.exr,right,0.9956337809562683
d_1004919.exr,right,0.9955739974975586
d_1004920.exr,right,0.9956293106079102
d_1004921.exr,right,0.9955955147743225
d_1004922.exr,right,0.995587944984436
d_1004923.exr,right,0.9956274032592773
d_1004924.exr,right,0.9956207871437073
d_1004927.exr,right,0.9955974221229553
d_1004928.exr,right,0.9953289031982422
d_1004929.exr,right,0.9955762624740601
d_1004931.exr,right,0.9950647950172424
d_1004932.exr,right,0.9956035614013672
d_1004933.exr,right,0.9956183433532715
d_1004934.exr,right,0.9956106543540955
d_1004935.exr,right,0.9934996366500854
d_1004936.exr,right,0.9956268072128296
d_1004937.exr,right,0.9954806566238403
d_1004938.exr,wrong,0.9956978559494019
d_1004939.exr,right,0.9956183433532715
d_1004942.exr,right,0.9956337809562683
d_1004945.exr,right,0.9956203103065491
d_1004946.exr,right,0.9956321120262146
d_1004947.exr,right,0.9955046772956848
d_1004948.exr,right,0.9956276416778564
d_1004949.exr,right,0.9956100583076477
d_1004950.exr,right,0.9956235289573669
d_1004951.exr,right,0.9956069588661194
d_1004952.exr,right,0.9956154823303223
d_1004953.exr,right,0.9954332113265991
d_1004954.exr,right,0.995581328868866
d_1004955.exr,wrong,0.9929907321929932
d_1004956.exr,right,0.9956249594688416
d_1004960.exr,right,0.9956385493278503
d_1004961.exr,right,0.9955921769142151
d_1004963.exr,right,0.9956223368644714
d_1004964.exr,right,0.9955790638923645
d_1004965.exr,right,0.9956272840499878
d_1004966.exr,right,0.9956142902374268
d_1004967.exr,right,0.9956228137016296
d_1004968.exr,right,0.995629072189331
d_1004969.exr,right,0.9955820441246033
d_1004971.exr,right,0.9943315982818604
d_1004972.exr,right,0.9698394536972046
d_1004973.exr,right,0.9956334233283997
d_1004974.exr,right,0.9956172704696655
d_1004975.exr,right,0.9956232905387878
d_1004976.exr,right,0.9942880272865295
d_1004977.exr,right,0.9956241250038147
d_1004982.exr,right,0.9956209063529968
d_1004984.exr,wrong,0.991087019443512
d_1004985.exr,wrong,0.9937054514884949
d_1004986.exr,right,0.9956074357032776
d_1004987.exr,right,0.9956129789352417
d_1004988.exr,right,0.9923807978630066
d_1004989.exr,right,0.9955920577049255
d_1004990.exr,right,0.995581328868866
d_1004992.exr,right,0.9955629110336304
d_1004993.exr,right,0.9954498410224915
d_1004994.exr,right,0.9945881366729736
d_1004996.exr,right,0.9956009387969971
d_1004997.exr,right,0.9956257343292236
d_1005000.exr,right,0.9956163167953491
d_1005001.exr,right,0.9956320524215698
d_1005002.exr,right,0.9956112504005432
d_1005003.exr,right,0.9956285953521729
d_1005004.exr,right,0.9953579306602478
d_1005007.exr,right,0.9956281185150146
d_1005010.exr,right,0.9912118315696716
d_1005011.exr,right,0.9956302642822266
d_1005013.exr,right,0.9955971837043762
d_1005014.exr,wrong,0.9758496880531311
d_1005017.exr,right,0.9955908060073853
d_1005018.exr,right,0.9956040382385254
d_1005019.exr,right,0.9955244064331055
d_1005021.exr,right,0.9851921796798706
d_1005023.exr,right,0.9956002235412598
d_1005024.exr,right,0.9956169128417969
d_1005026.exr,right,0.995612621307373
d_1005027.exr,right,0.9956175088882446
d_1005029.exr,right,0.9956268072128296
d_1005031.exr,right,0.9956154823303223
d_1005032.exr,right,0.9953165054321289
d_1005033.exr,right,0.9956158399581909
d_1005034.exr,right,0.9955885410308838
d_1005035.exr,right,0.99562007188797
d_1005037.exr,right,0.9956203103065491
d_1005041.exr,right,0.9955947995185852
d_1005044.exr,right,0.9955950379371643
d_1005045.exr,right,0.9956244826316833
d_1005047.exr,right,0.9955969452857971
d_1005048.exr,right,0.9956028461456299
d_1005049.exr,right,0.9955856800079346
d_1005050.exr,right,0.9918751120567322
d_1005051.exr,right,0.9762986302375793
d_1005053.exr,right,0.9955626726150513
d_1005057.exr,right,0.9956106543540955
d_1005059.exr,right,0.9955042004585266
d_1005060.exr,right,0.9955926537513733
d_1005061.exr,right,0.9956225752830505
d_1005062.exr,right,0.9955283999443054
d_1005064.exr,right,0.9955763816833496
d_1005065.exr,right,0.9956186413764954
d_1005066.exr,right,0.995546817779541
d_1005067.exr,right,0.9956235289573669
d_1005068.exr,wrong,0.9931502938270569
d_1005069.exr,right,0.9956339001655579
d_1005070.exr,right,0.9956329464912415
d_1005072.exr,wrong,0.6341145038604736
d_1005074.exr,right,0.9955679774284363
d_1005077.exr,right,0.9956281185150146
d_1005078.exr,right,0.9955924153327942
d_1005081.exr,right,0.9955755472183228
d_1005082.exr,right,0.9956058859825134
d_1005083.exr,right,0.9956258535385132
d_1005084.exr,right,0.9956283569335938
d_1005086.exr,right,0.9956119060516357
d_1005088.exr,right,0.9955965876579285
d_1005089.exr,right,0.9956249594688416
d_1005091.exr,right,0.9955790638923645
d_1005093.exr,right,0.9956300258636475
d_1005094.exr,right,0.9956182241439819
d_1005095.exr,right,0.9956201910972595
d_1005096.exr,right,0.9956154823303223
d_1005097.exr,right,0.9954102635383606
d_1005098.exr,right,0.9067133069038391
d_1005099.exr,right,0.9956157207489014
d_1005100.exr,right,0.9956015348434448
d_1005102.exr,right,0.9956098198890686
d_1005103.exr,right,0.99562668800354
d_1005105.exr,right,0.9956257343292236
d_1005108.exr,right,0.9955874681472778
d_1005109.exr,right,0.9952378273010254
d_1005111.exr,right,0.9955578446388245
d_1005112.exr,right,0.9956206679344177
d_1005115.exr,right,0.9956049919128418
d_1005116.exr,wrong,0.995686948299408
d_1005117.exr,right,0.9956230521202087
d_1005118.exr,right,0.9956004619598389
d_1005119.exr,right,0.9956346154212952
d_1005120.exr,right,0.9955998659133911
d_1005121.exr,right,0.9956315755844116
d_1005122.exr,right,0.9955713152885437
d_1005123.exr,right,0.9956027269363403
d_1005124.exr,right,0.9956050515174866
d_1005125.exr,right,0.9954845905303955
d_1005126.exr,wrong,0.9949022531509399
d_1005127.exr,right,0.9922692179679871
d_1005129.exr,right,0.9956323504447937
d_1005130.exr,right,0.9955937266349792
d_1005131.exr,right,0.9956050515174866
d_1005132.exr,right,0.9955102205276489
d_1005133.exr,wrong,0.9839514493942261
d_1005135.exr,right,0.9956183433532715
d_1005136.exr,right,0.9955835938453674
d_1005137.exr,right,0.9955863952636719
d_1005139.exr,right,0.9955447316169739
d_1005140.exr,right,0.9955867528915405
d_1005141.exr,right,0.9956310987472534
d_1005142.exr,right,0.9956050515174866
d_1005144.exr,right,0.9956300258636475
d_1005145.exr,right,0.9956026077270508
d_1005147.exr,right,0.9956315755844116
d_1005149.exr,right,0.9955968260765076
d_1005151.exr,right,0.9954559803009033
d_1005152.exr,right,0.9956105351448059
d_1005154.exr,right,0.9956098198890686
d_1005156.exr,right,0.9951155185699463
d_1005157.exr,right,0.9956104159355164
d_1005158.exr,right,0.9955621957778931
d_1005159.exr,right,0.9956002235412598
d_1005161.exr,right,0.995617151260376
d_1005163.exr,right,0.9955886602401733
d_1005164.exr,right,0.9956299066543579
d_1005166.exr,wrong,0.9860798716545105
d_1005167.exr,wrong,0.9956001043319702
d_1005173.exr,right,0.9956249594688416
d_1005174.exr,right,0.9955886602401733
d_1005175.exr,right,0.9948975443840027
d_1005176.exr,right,0.9956268072128296
d_1005179.exr,right,0.9956039190292358
d_1005180.exr,right,0.9955877065658569
d_1005181.exr,right,0.9955961108207703
d_1005183.exr,right,0.9955418705940247
d_1005184.exr,right,0.9955800175666809
d_1005185.exr,right,0.9955905675888062
d_1005186.exr,right,0.9955717325210571
d_1005189.exr,right,0.9956207871437073
d_1005191.exr,right,0.9953527450561523
d_1005193.exr,right,0.9955780506134033
d_1005194.exr,right,0.9955042004585266
d_1005195.exr,right,0.9943810105323792
d_1005198.exr,right,0.9956321120262146
d_1005200.exr,right,0.995509147644043
d_1005202.exr,right,0.9956308603286743
d_1005203.exr,right,0.9956039190292358
d_1005204.exr,wrong,0.9957271814346313
d_1005207.exr,right,0.9955957531929016
d_1005208.exr,right,0.9955666661262512
d_1005209.exr,right,0.9956127405166626
d_1005210.exr,right,0.9955931305885315
d_1005211.exr,right,0.9956091046333313
d_1005212.exr,right,0.9955827593803406
d_1005214.exr,right,0.9956153631210327
d_1005216.exr,right,0.9956210255622864
d_1005217.exr,right,0.9956037998199463
d_1005218.exr,right,0.9956095814704895
d_1005219.exr,right,0.9956343770027161
d_1005220.exr,right,0.9956014156341553
d_1005223.exr,right,0.9955279231071472
d_1005224.exr,right,0.9956140518188477
d_1005227.exr,right,0.9955665469169617
d_1005229.exr,right,0.9955885410308838
d_1005232.exr,right,0.9956259727478027
d_1005234.exr,wrong,0.9948833584785461
d_1005235.exr,right,0.9955872297286987
d_1005237.exr,right,0.9956001043319702
d_1005238.exr,right,0.9956316947937012
d_1005239.exr,wrong,0.8631604909896851
d_1005240.exr,right,0.9956129789352417
d_1005241.exr,right,0.9955951571464539
d_1005242.exr,right,0.9955607652664185
d_1005243.exr,right,0.9956230521202087
d_1005244.exr,right,0.9954043626785278
d_1005245.exr,right,0.995596706867218
d_1005246.exr,right,0.9956127405166626
d_1005247.exr,right,0.9952359795570374
d_1005251.exr,right,0.9955974221229553
d_1005252.exr,right,0.9956048727035522
d_1005253.exr,right,0.995590329170227
d_1005254.exr,right,0.9956026077270508
d_1005255.exr,right,0.9955014586448669
d_1005256.exr,right,0.9956133365631104
d_1005257.exr,right,0.9956240057945251
d_1005259.exr,right,0.9955354928970337
d_1005260.exr,right,0.99562007188797
d_1005261.exr,right,0.9955700039863586
d_1005262.exr,right,0.9954034090042114
d_1005264.exr,right,0.9956087470054626
d_1005265.exr,right,0.9955995082855225
d_1005266.exr,right,0.9956347346305847
d_1005267.exr,right,0.9956347346305847
d_1005268.exr,right,0.9955927729606628
d_1005270.exr,right,0.9956395626068115
d_1005272.exr,right,0.9956318140029907
d_1005273.exr,right,0.9945118427276611
d_1005274.exr,right,0.9956134557723999
d_1005275.exr,right,0.9955995082855225
d_1005277.exr,right,0.9956138134002686
d_1005278.exr,right,0.9956170320510864
d_1005281.exr,right,0.995608389377594
d_1005282.exr,right,0.9954788684844971
d_1005283.exr,right,0.9956244826316833
d_1005285.exr,wrong,0.995589017868042
d_1005287.exr,right,0.9956128597259521
d_1005288.exr,right,0.9956151247024536
d_1005289.exr,right,0.9950016140937805
d_1005290.exr,right,0.9955359697341919
d_1005292.exr,right,0.995621383190155
d_1005293.exr,right,0.99562668800354
d_1005294.exr,right,0.9954688549041748
d_1005296.exr,right,0.9956348538398743
d_1005297.exr,right,0.9956146478652954
d_1005299.exr,right,0.9956101775169373
d_1005300.exr,right,0.9956117272377014
d_1005302.exr,right,0.9955565333366394
d_1005304.exr,right,0.9955234527587891
d_1005306.exr,wrong,0.9878817796707153
d_1005307.exr,right,0.9956251978874207
d_1005308.exr,right,0.9956105351448059
d_1005310.exr,right,0.9955106973648071
d_1005312.exr,right,0.9956380724906921
d_1005313.exr,right,0.9954591989517212
d_1005316.exr,right,0.9955737590789795
d_1005318.exr,right,0.9955512285232544
d_1005320.exr,right,0.9955986738204956
d_1005321.exr,right,0.994793713092804
d_1005322.exr,right,0.9956310987472534
d_1005323.exr,right,0.9956167936325073
d_1005324.exr,right,0.9956335425376892
d_1005325.exr,right,0.9956133365631104
d_1005326.exr,right,0.9956140518188477
d_1005331.exr,right,0.9954894185066223
d_1005332.exr,right,0.9956220984458923
d_1005333.exr,right,0.9947876930236816
d_1005334.exr,right,0.9956226944923401
d_1005335.exr,right,0.9956122636795044
d_1005338.exr,right,0.9956140518188477
d_1005339.exr,right,0.995625376701355
d_1005340.exr,right,0.9955728054046631
d_1005341.exr,right,0.9956191182136536
d_1005343.exr,right,0.9956017732620239
d_1005344.exr,right,0.9954856038093567
d_1005346.exr,right,0.9956169128417969
d_1005348.exr,wrong,0.9918738007545471
d_1005349.exr,right,0.9956368803977966
d_1005351.exr,right,0.9956210255622864
d_1005352.exr,right,0.9955992698669434
d_1005353.exr,right,0.9956235289573669
d_1005356.exr,wrong,0.9957008957862854
d_1005357.exr,right,0.9955950379371643
d_1005358.exr,right,0.9956081509590149
d_1005360.exr,right,0.9956319332122803
d_1005362.exr,right,0.9742580056190491
d_1005365.exr,right,0.9956068396568298
d_1005367.exr,right,0.9956346154212952
d_1005368.exr,right,0.9956327080726624
d_1005369.exr,right,0.9955323934555054
d_1005371.exr,right,0.9956173896789551
d_1005372.exr,right,0.9956234097480774
d_1005373.exr,right,0.9955406785011292
d_1005374.exr,right,0.9955801367759705
d_1005375.exr,right,0.9956134557723999
d_1005377.exr,right,0.9955978989601135
d_1005378.exr,right,0.9956307411193848
d_1005379.exr,right,0.995628833770752
d_1005381.exr,right,0.9956235289573669
d_1005382.exr,right,0.9956176280975342
d_1005384.exr,right,0.9956243634223938
d_1005385.exr,right,0.995507001876831
d_1005388.exr,right,0.9956049919128418
d_1005390.exr,right,0.9956350922584534
d_1005391.exr,right,0.9955999851226807
d_1005392.exr,wrong,0.682347297668457
d_1005395.exr,right,0.995623767375946
d_1005396.exr,right,0.9955084323883057
d_1005398.exr,right,0.9956287145614624
d_1005399.exr,right,0.7255473136901855
d_1005400.exr,wrong,0.9934777021408081
d_1005401.exr,right,0.9956081509590149
d_1005402.exr,right,0.9956207871437073
d_1005403.exr,right,0.995600700378418
d_1005404.exr,right,0.995568573474884
d_1005405.exr,right,0.9949795603752136
d_1005406.exr,right,0.9956305027008057
d_1005407.exr,right,0.9956229329109192
d_1005408.exr,right,0.995594322681427
d_1005409.exr,right,0.9868338704109192
d_1005410.exr,right,0.9937366247177124
d_1005413.exr,right,0.9956153631210327
d_1005414.exr,right,0.9956039190292358
d_1005416.exr,right,0.995624840259552
d_1005417.exr,right,0.9956170320510864
d_1005420.exr,right,0.9956187605857849
d_1005421.exr,right,0.995621383190155
d_1005422.exr,right,0.9956347346305847
d_1005424.exr,right,0.9956352114677429
d_1005426.exr,right,0.9956178665161133
d_1005428.exr,right,0.9955275654792786
d_1005429.exr,right,0.9952281713485718
d_1005431.exr,right,0.9951058626174927
d_1005432.exr,right,0.9956166744232178
d_1005433.exr,right,0.9955228567123413
d_1005435.exr,right,0.9956287145614624
d_1005437.exr,right,0.9950165152549744
d_1005438.exr,right,0.9956173896789551
d_1005439.exr,right,0.9956293106079102
d_1005441.exr,right,0.9955971837043762
d_1005442.exr,right,0.9955592155456543
d_1005444.exr,right,0.9955940842628479
d_1005445.exr,wrong,0.9951004385948181
d_1005446.exr,right,0.9956140518188477
d_1005448.exr,right,0.9956150054931641
d_1005450.exr,right,0.9954197406768799
d_1005451.exr,right,0.9955033659934998
d_1005452.exr,wrong,0.9955366849899292
d_1005454.exr,right,0.995595395565033
d_1005455.exr,wrong,0.9954817295074463
d_1005456.exr,right,0.9956014156341553
d_1005457.exr,right,0.9895508885383606
d_1005458.exr,right,0.9943918585777283
d_1005459.exr,right,0.9956151247024536
d_1005461.exr,right,0.9893003106117249
d_1005462.exr,right,0.9454385638237
d_1005463.exr,right,0.9955894947052002
d_1005471.exr,right,0.9930196404457092
d_1005473.exr,right,0.9956328272819519
d_1005474.exr,right,0.9956263303756714
d_1005475.exr,right,0.995269238948822
d_1005476.exr,right,0.9955433011054993
d_1005477.exr,right,0.9956193566322327
d_1005478.exr,right,0.9956228137016296
d_1005479.exr,right,0.9956209063529968
d_1005482.exr,right,0.9955537915229797
d_1005484.exr,wrong,0.9730935096740723
d_1005485.exr,right,0.9956119060516357
d_1005486.exr,right,0.9954894185066223
d_1005487.exr,right,0.9956260919570923
d_1005490.exr,right,0.9956212639808655
d_1005491.exr,right,0.9956008195877075
d_1005495.exr,right,0.9956139326095581
d_1005497.exr,wrong,0.9934983253479004
d_1005499.exr,right,0.9956275224685669
d_1005501.exr,right,0.9955796599388123
d_1005504.exr,right,0.9954212307929993
d_1005505.exr,right,0.9955848455429077
d_1005506.exr,wrong,0.9957224130630493
d_1005507.exr,right,0.995610773563385
d_1005508.exr,right,0.9956274032592773
d_1005510.exr,right,0.9956193566322327
d_1005511.exr,wrong,0.9873544573783875
d_1005512.exr,right,0.9953539371490479
d_1005513.exr,right,0.9956229329109192
d_1005514.exr,right,0.9949523210525513
d_1005515.exr,right,0.9956110119819641
d_1005516.exr,right,0.9949460625648499
d_1005517.exr,right,0.9951263666152954
d_1005518.exr,right,0.994464099407196
d_1005520.exr,right,0.99562007188797
d_1005523.exr,right,0.995629072189331
d_1005524.exr,right,0.9955505132675171
d_1005526.exr,right,0.995566189289093
d_1005527.exr,right,0.9956343770027161
d_1005528.exr,right,0.9955570101737976
d_1005529.exr,right,0.9908746480941772
d_1005530.exr,right,0.9956349730491638
d_1005531.exr,right,0.9956085085868835
d_1005532.exr,right,0.9956328272819519
d_1005533.exr,right,0.9956344962120056
d_1005536.exr,right,0.99562668800354
d_1005538.exr,right,0.9955951571464539
d_1005539.exr,right,0.9953657388687134
d_1005540.exr,right,0.995598554611206
d_1005541.exr,right,0.9956250786781311
d_1005544.exr,right,0.9956207871437073
d_1005546.exr,wrong,0.9952066540718079
d_1005548.exr,right,0.9956315755844116
d_1005549.exr,right,0.9956282377243042
d_1005551.exr,right,0.9956281185150146
d_1005553.exr,right,0.8224546313285828
d_1005554.exr,right,0.9955952763557434
d_1005555.exr,right,0.9932771325111389
d_1005556.exr,right,0.995607316493988
d_1005558.exr,right,0.9956342577934265
d_1005559.exr,right,0.9956275224685669
d_1005560.exr,right,0.9956225752830505
d_1005561.exr,right,0.9956187605857849
d_1005563.exr,right,0.995337724685669
d_1005564.exr,right,0.9956296682357788
d_1005566.exr,right,0.9955862760543823
d_1005568.exr,right,0.9955605268478394
d_1005569.exr,right,0.9956226944923401
d_1005570.exr,right,0.9954186677932739
d_1005571.exr,right,0.99561607837677
d_1005573.exr,right,0.991840124130249
d_1005577.exr,right,0.9955571293830872
d_1005578.exr,right,0.9956242442131042
d_1005579.exr,right,0.9956222176551819
d_1005580.exr,right,0.9956264495849609
d_1005581.exr,wrong,0.8478184938430786
d_1005582.exr,right,0.9944615960121155
d_1005583.exr,right,0.9956268072128296
d_1005584.exr,right,0.9955995082855225
d_1005587.exr,wrong,0.9957225322723389
d_1005588.exr,right,0.9955892562866211
d_1005589.exr,right,0.9956101775169373
d_1005591.exr,right,0.9956139326095581
d_1005592.exr,right,0.9955896139144897
d_1005594.exr,right,0.9956294298171997
d_1005596.exr,right,0.9956258535385132
d_1005598.exr,right,0.9956251978874207
d_1005599.exr,right,0.9956327080726624
d_1005600.exr,right,0.9946900606155396
d_1005605.exr,right,0.9956300258636475
d_1005606.exr,right,0.9956179857254028
d_1005607.exr,right,0.995627760887146
d_1005609.exr,right,0.9956029653549194
d_1005610.exr,right,0.9955897331237793
d_1005611.exr,right,0.9955981373786926
d_1005612.exr,right,0.9956001043319702
d_1005613.exr,right,0.9956219792366028
d_1005614.exr,right,0.9956306219100952
d_1005616.exr,right,0.9956358075141907
d_1005617.exr,wrong,0.994751513004303
d_1005618.exr,right,0.9956048727035522
d_1005619.exr,wrong,0.9929607510566711
d_1005622.exr,wrong,0.8851329684257507
d_1005626.exr,right,0.9956002235412598
d_1005627.exr,right,0.9956244826316833
d_1005628.exr,right,0.9955968260765076
d_1005629.exr,right,0.995636522769928
d_1005630.exr,right,0.9939221143722534
d_1005631.exr,right,0.9956234097480774
d_1005632.exr,right,0.9956178665161133
d_1005633.exr,wrong,0.6586847901344299
d_1005634.exr,right,0.9956033229827881
d_1005635.exr,right,0.9956086277961731
d_1005637.exr,right,0.9947852492332458
d_1005639.exr,right,0.9956247210502625
d_1005641.exr,right,0.995600700378418
d_1005643.exr,right,0.994600772857666
d_1005644.exr,right,0.9955984354019165
d_1005645.exr,right,0.9951490759849548
d_1005646.exr,right,0.9956110119819641
d_1005653.exr,right,0.9956232905387878
d_1005654.exr,right,0.9956012964248657
d_1005655.exr,right,0.9955957531929016
d_1005658.exr,right,0.9956036806106567
d_1005659.exr,right,0.9944391250610352
d_1005660.exr,right,0.9952127933502197
d_1005661.exr,right,0.9955832362174988
d_1005662.exr,right,0.9956080317497253
d_1005663.exr,right,0.9956310987472534
d_1005664.exr,right,0.9956127405166626
d_1005665.exr,right,0.995453953742981
d_1005667.exr,right,0.9956100583076477
d_1005668.exr,right,0.9956142902374268
d_1005670.exr,right,0.9956381916999817
d_1005671.exr,right,0.9955991506576538
d_1005672.exr,right,0.9955905675888062
d_1005673.exr,right,0.995617151260376
d_1005674.exr,right,0.9956254959106445
d_1005675.exr,right,0.9955617189407349
d_1005676.exr,wrong,0.9903338551521301
d_1005678.exr,right,0.9956163167953491
d_1005681.exr,right,0.9956295490264893
d_1005682.exr,right,0.9951106905937195
d_1005683.exr,right,0.995577335357666
d_1005684.exr,right,0.9956241250038147
d_1005689.exr,right,0.9956353306770325
d_1005693.exr,right,0.9955833554267883
d_1005694.exr,right,0.9956122636795044
d_1005696.exr,right,0.9956069588661194
d_1005699.exr,right,0.9955997467041016
d_1005700.exr,right,0.9956387877464294
d_1005701.exr,right,0.9956127405166626
d_1005702.exr,right,0.9956069588661194
d_1005703.exr,right,0.9956207871437073
d_1005707.exr,right,0.9953873753547668
d_1005710.exr,right,0.995612621307373
d_1005711.exr,right,0.9956182241439819
d_1005712.exr,right,0.9956172704696655
d_1005714.exr,right,0.9954937696456909
d_1005717.exr,right,0.9956347346305847
d_1005718.exr,right,0.9955865144729614
d_1005720.exr,right,0.9948402047157288
d_1005721.exr,right,0.9955970644950867
d_1005722.exr,right,0.9956128597259521
d_1005723.exr,right,0.9956210255622864
d_1005724.exr,right,0.9956014156341553
d_1005725.exr,right,0.9956117868423462
d_1005727.exr,right,0.9939107894897461
d_1005728.exr,right,0.9956112504005432
d_1005729.exr,right,0.9947277903556824
d_1005730.exr,right,0.9956328272819519
d_1005732.exr,wrong,0.9948121309280396
d_1005734.exr,right,0.9956125020980835
d_1005735.exr,right,0.9943414926528931
d_1005736.exr,right,0.9955915808677673
d_1005737.exr,right,0.9956319332122803
d_1005738.exr,right,0.9956231713294983
d_1005739.exr,right,0.9956186413764954
d_1005740.exr,right,0.9956145286560059
d_1005741.exr,right,0.9956303834915161
d_1005742.exr,right,0.9955825209617615
d_1005743.exr,wrong,0.9957107305526733
d_1005745.exr,right,0.9956269264221191
d_1005746.exr,right,0.9956157207489014
d_1005747.exr,right,0.9933694005012512
d_1005750.exr,right,0.9955130219459534
d_1005752.exr,right,0.995613694190979
d_1005753.exr,right,0.9956138134002686
d_1005755.exr,right,0.9956340193748474
d_1005756.exr,right,0.9947296380996704
d_1005757.exr,right,0.9956205487251282
d_1005758.exr,right,0.9948062300682068
d_1005764.exr,right,0.9956039190292358
d_1005766.exr,right,0.9956063628196716
d_1005767.exr,right,0.9956322312355042
d_1005768.exr,right,0.9956183433532715
d_1005769.exr,right,0.9956229329109192
d_1005770.exr,right,0.9955998659133911
d_1005773.exr,right,0.9936792254447937
d_1005774.exr,right,0.9956271648406982
d_1005779.exr,right,0.9956157207489014
d_1005781.exr,right,0.9955989122390747
d_1005782.exr,right,0.9956246018409729
d_1005783.exr,right,0.9956323504447937
d_1005785.exr,right,0.9956170320510864
d_1005786.exr,right,0.9956167936325073
d_1005787.exr,right,0.9956353306770325
d_1005790.exr,right,0.9956058859825134
d_1005792.exr,right,0.9956203103065491
d_1005793.exr,right,0.9956240057945251
d_1005794.exr,right,0.9955602884292603
d_1005795.exr,right,0.9866183400154114
d_1005796.exr,right,0.9956071972846985
d_1005797.exr,right,0.9956289529800415
d_1005798.exr,right,0.9956167936325073
d_1005799.exr,wrong,0.9952778816223145
d_1005800.exr,right,0.9924463629722595
d_1005802.exr,right,0.9911605715751648
d_1005803.exr,right,0.9956193566322327
d_1005804.exr,right,0.9956347346305847
d_1005805.exr,wrong,0.9948359727859497
d_1005807.exr,right,0.9956287145614624
d_1005808.exr,right,0.995537281036377
d_1005809.exr,right,0.9955556988716125
d_1005810.exr,right,0.9956285953521729
d_1005811.exr,right,0.995612621307373
d_1005812.exr,right,0.9955917000770569
d_1005813.exr,right,0.9956128597259521
d_1005814.exr,right,0.9956372380256653
d_1005815.exr,right,0.9947364926338196
d_1005816.exr,right,0.9956258535385132
d_1005818.exr,right,0.9955613613128662
d_1005819.exr,right,0.9955989122390747
d_1005820.exr,wrong,0.992004930973053
d_1005821.exr,right,0.99498450756073
d_1005822.exr,right,0.9956308603286743
d_1005824.exr,right,0.9955610036849976
d_1005825.exr,right,0.9956211447715759
d_1005826.exr,right,0.9956159591674805
d_1005828.exr,right,0.9956263303756714
d_1005829.exr,right,0.995598554611206
d_1005831.exr,wrong,0.9732882380485535
d_1005832.exr,right,0.9956272840499878
d_1005833.exr,right,0.9956002235412598
d_1005835.exr,right,0.9956302642822266
d_1005836.exr,right,0.9956244826316833
d_1005839.exr,right,0.9533680081367493
d_1005840.exr,right,0.9956122636795044
d_1005841.exr,right,0.9956306219100952
d_1005842.exr,right,0.9955986738204956
d_1005843.exr,right,0.995589017868042
d_1005846.exr,right,0.9956384301185608
d_1005847.exr,right,0.9956310987472534
d_1005848.exr,right,0.995344340801239
d_1005849.exr,right,0.9955956339836121
d_1005850.exr,right,0.9955982565879822
d_1005851.exr,right,0.9956282377243042
d_1005853.exr,right,0.9956251978874207
d_1005854.exr,right,0.9956142902374268
d_1005855.exr,wrong,0.9952468276023865
d_1005857.exr,right,0.9956223368644714
d_1005858.exr,right,0.9956138134002686
d_1005859.exr,right,0.9956249594688416
d_1005860.exr,right,0.9956340193748474
d_1005861.exr,right,0.9956254959106445
d_1005862.exr,right,0.9953210949897766
d_1005865.exr,right,0.9956260919570923
d_1005867.exr,right,0.9956117868423462
d_1005868.exr,right,0.9956105351448059
d_1005869.exr,right,0.9956348538398743
d_1005870.exr,right,0.9956145286560059
d_1005871.exr,right,0.9956327080726624
d_1005874.exr,right,0.995612382888794
d_1005875.exr,right,0.9956360459327698
d_1005876.exr,right,0.9955965876579285
d_1005877.exr,right,0.9956294298171997
d_1005884.exr,right,0.9955829977989197
d_1005885.exr,right,0.9956260919570923
d_1005887.exr,right,0.9956238865852356
d_1005888.exr,right,0.9956229329109192
d_1005889.exr,right,0.9956238865852356
d_1005890.exr,right,0.995618462562561
d_1005891.exr,right,0.9956309795379639
d_1005892.exr,right,0.9956318140029907
d_1005893.exr,right,0.9956207871437073
d_1005895.exr,right,0.9956080317497253
d_1005896.exr,right,0.9955800175666809
d_1005897.exr,right,0.9955202341079712
d_1005898.exr,right,0.9933876991271973
d_1005899.exr,right,0.9955971837043762
d_1005900.exr,right,0.9955798983573914
d_1005902.exr,right,0.9956158399581909
d_1005905.exr,right,0.9956108927726746
d_1005906.exr,right,0.9956156015396118
d_1005910.exr,right,0.9956355690956116
d_1005911.exr,right,0.9956256151199341
d_1005912.exr,right,0.9956294298171997
d_1005914.exr,right,0.9955803751945496
d_1005915.exr,right,0.9956112504005432
d_1005916.exr,right,0.9947991371154785
d_1005917.exr,right,0.9956225752830505
d_1005918.exr,right,0.9956144094467163
d_1005919.exr,right,0.9955131411552429
d_1005920.exr,right,0.9956113696098328
d_1005921.exr,right,0.995609700679779
d_1005922.exr,right,0.9956117272377014
d_1005923.exr,right,0.9956306219100952
d_1005924.exr,right,0.9956295490264893
d_1005925.exr,right,0.9956296682357788
d_1005926.exr,right,0.9955110549926758
d_1005927.exr,right,0.9956048727035522
d_1005928.exr,right,0.9956071972846985
d_1005930.exr,wrong,0.9949588179588318
d_1005932.exr,right,0.9956296682357788
d_1005933.exr,right,0.9955912828445435
d_1005934.exr,right,0.99528568983078
d_1005936.exr,right,0.9956368803977966
d_1005937.exr,right,0.9956052899360657
d_1005939.exr,right,0.9943918585777283
d_1005940.exr,right,0.9954906105995178
d_1005941.exr,wrong,0.9914453029632568
d_1005944.exr,right,0.9956329464912415
d_1005945.exr,right,0.9925180673599243
d_1005946.exr,right,0.9955861568450928
d_1005947.exr,right,0.9955898523330688
d_1005948.exr,right,0.995448887348175
d_1005949.exr,right,0.995630145072937
d_1005950.exr,right,0.9956212639808655
d_1005951.exr,right,0.9956329464912415
d_1005952.exr,right,0.9956327080726624
d_1005953.exr,right,0.9956283569335938
d_1005954.exr,right,0.9953927993774414
d_1005955.exr,right,0.995631217956543
d_1005956.exr,right,0.9956276416778564
d_1005958.exr,right,0.9920957684516907
d_1005960.exr,right,0.971464991569519
d_1005961.exr,right,0.9953500032424927
d_1005962.exr,right,0.9956035614013672
d_1005964.exr,right,0.9956172704696655
d_1005965.exr,right,0.9956236481666565
d_1005966.exr,right,0.9950897097587585
d_1005968.exr,right,0.9956329464912415
d_1005969.exr,right,0.9953811168670654
d_1005971.exr,right,0.9956211447715759
d_1005972.exr,right,0.995555579662323
d_1005973.exr,right,0.9956051707267761
d_1005974.exr,right,0.9954208731651306
d_1005975.exr,right,0.9956325888633728
d_1005976.exr,right,0.9955131411552429
d_1005979.exr,right,0.9956139326095581
d_1005980.exr,right,0.9942504167556763
d_1005981.exr,right,0.9956254959106445
d_1005982.exr,right,0.9956348538398743
d_1005983.exr,right,0.9956034421920776
d_1005986.exr,right,0.9956116080284119
d_1005987.exr,right,0.9956324696540833
d_1005990.exr,right,0.9956113696098328
d_1005993.exr,right,0.995563268661499
d_1005995.exr,right,0.9956042766571045
d_1005996.exr,right,0.9955753087997437
d_1005997.exr,right,0.9955915808677673
d_1006000.exr,right,0.9956219792366028
d_1006001.exr,right,0.9956173896789551
d_1006002.exr,right,0.9956128597259521
d_1006004.exr,right,0.9956122636795044
d_1006006.exr,right,0.9956220984458923
d_1006007.exr,right,0.9955958724021912
d_1006009.exr,wrong,0.9924333095550537
d_1006010.exr,right,0.9956279993057251
d_1006012.exr,right,0.9956327080726624
d_1006015.exr,right,0.9956303834915161
d_1006016.exr,right,0.9955848455429077
d_1006017.exr,right,0.9956205487251282
d_1006018.exr,wrong,0.9947893619537354
d_1006019.exr,wrong,0.95828777551651
d_1006021.exr,right,0.9955646991729736
d_1006022.exr,right,0.9954227805137634
d_1006023.exr,right,0.9956198334693909
d_1006024.exr,right,0.9956088662147522
d_1006025.exr,right,0.995598554611206
d_1006026.exr,right,0.9955872297286987
d_1006027.exr,right,0.9955999851226807
d_1006029.exr,right,0.9945070147514343
d_1006030.exr,right,0.9956251978874207
d_1006032.exr,right,0.9956269264221191
d_1006033.exr,right,0.9956222176551819
d_1006034.exr,right,0.9951556921005249
d_1006037.exr,right,0.995606005191803
d_1006043.exr,right,0.9955663084983826
d_1006045.exr,right,0.9956158399581909
d_1006046.exr,right,0.9956169128417969
d_1006048.exr,right,0.9956355690956116
d_1006049.exr,right,0.9956283569335938
d_1006050.exr,right,0.9956011772155762
d_1006051.exr,right,0.9956113696098328
d_1006052.exr,right,0.9956231713294983
d_1006054.exr,right,0.9956297874450684
d_1006055.exr,right,0.995624840259552
d_1006056.exr,right,0.995606005191803
d_1006057.exr,right,0.9955911636352539
d_1006058.exr,right,0.9956206679344177
d_1006059.exr,right,0.9955119490623474
d_1006061.exr,right,0.9956005811691284
d_1006064.exr,right,0.9955857992172241
d_1006065.exr,right,0.9956342577934265
d_1006067.exr,right,0.9956293106079102
d_1006068.exr,right,0.9956262111663818
d_1006070.exr,right,0.995591938495636
d_1006071.exr,right,0.9956250786781311
d_1006073.exr,right,0.9955867528915405
d_1006074.exr,right,0.9956334233283997
d_1006075.exr,right,0.9956186413764954
d_1006077.exr,right,0.9956232905387878
d_1006078.exr,right,0.9956182241439819
d_1006080.exr,right,0.9954764246940613
d_1006081.exr,wrong,0.9957213401794434
d_1006083.exr,wrong,0.9932442307472229
d_1006084.exr,wrong,0.9949764013290405
d_1006085.exr,right,0.9955814480781555
d_1006088.exr,right,0.9956063628196716
d_1006089.exr,right,0.9956150054931641
d_1006090.exr,right,0.9953939914703369
d_1006091.exr,right,0.9956185221672058
d_1006093.exr,right,0.9956120252609253
d_1006094.exr,right,0.9924759268760681
d_1006096.exr,right,0.9956339001655579
d_1006100.exr,right,0.9956274032592773
d_1006101.exr,wrong,0.995600700378418
d_1006102.exr,right,0.9956128597259521
d_1006104.exr,right,0.9955995082855225
d_1006105.exr,right,0.9956085085868835
d_1006106.exr,wrong,0.9916462302207947
d_1006108.exr,right,0.9956262111663818
d_1006109.exr,right,0.9956359267234802
d_1006110.exr,right,0.9955937266349792
d_1006111.exr,right,0.9956033229827881
d_1006112.exr,right,0.9955843091011047
d_1006113.exr,right,0.9955958724021912
d_1006114.exr,right,0.9955615997314453
d_1006115.exr,right,0.9954667091369629
d_1006118.exr,right,0.9956316947937012
d_1006119.exr,right,0.9956306219100952
d_1006120.exr,right,0.9955904483795166
d_1006123.exr,right,0.9950628876686096
d_1006124.exr,right,0.9949852228164673
d_1006126.exr,right,0.9955620765686035
d_1006128.exr,right,0.9954971075057983
d_1006129.exr,right,0.9951670169830322
d_1006131.exr,right,0.9956034421920776
d_1006132.exr,right,0.9956203103065491
d_1006133.exr,right,0.9948803186416626
d_1006134.exr,right,0.9956249594688416
d_1006136.exr,wrong,0.9954673051834106
d_1006137.exr,right,0.9956238865852356
d_1006138.exr,right,0.9956034421920776
d_1006139.exr,right,0.9956133365631104
d_1006140.exr,right,0.9954675436019897
d_1006141.exr,right,0.9955856800079346
d_1006142.exr,right,0.9955950379371643
d_1006143.exr,right,0.9956188797950745
d_1006145.exr,right,0.9956230521202087
d_1006146.exr,right,0.9956181049346924
d_1006147.exr,right,0.9955942034721375
d_1006148.exr,right,0.9955894947052002
d_1006149.exr,right,0.9954859614372253
d_1006151.exr,right,0.9955755472183228
d_1006152.exr,right,0.9946635961532593
d_1006154.exr,right,0.995635449886322
d_1006155.exr,right,0.9956127405166626
d_1006156.exr,right,0.995582640171051
d_1006158.exr,right,0.9956240057945251
d_1006159.exr,right,0.9822215437889099
d_1006160.exr,right,0.9956210255622864
d_1006161.exr,right,0.9955978989601135
d_1006162.exr,right,0.9892760515213013
d_1006163.exr,right,0.9956334233283997
d_1006164.exr,right,0.9955796599388123
d_1006165.exr,right,0.9956135749816895
d_1006166.exr,right,0.995622456073761
d_1006167.exr,right,0.9956260919570923
d_1006168.exr,right,0.9955899715423584
d_1006169.exr,right,0.9956140518188477
d_1006171.exr,right,0.9955974221229553
d_1006172.exr,right,0.9956064820289612
d_1006173.exr,right,0.9955885410308838
d_1006174.exr,right,0.9956315755844116
d_1006175.exr,right,0.9956046342849731
d_1006176.exr,right,0.9956188797950745
d_1006180.exr,right,0.9956075549125671
d_1006184.exr,right,0.9956074357032776
d_1006187.exr,right,0.9956063628196716
d_1006189.exr,right,0.995507001876831
d_1006191.exr,right,0.990574300289154
d_1006192.exr,right,0.9955951571464539
d_1006193.exr,right,0.9956022500991821
d_1006195.exr,right,0.9955053329467773
d_1006196.exr,right,0.9956106543540955
d_1006197.exr,right,0.9956127405166626
d_1006198.exr,right,0.9956307411193848
d_1006202.exr,right,0.9956117272377014
d_1006204.exr,right,0.9955961108207703
d_1006205.exr,right,0.9955658316612244
d_1006206.exr,right,0.9956139326095581
d_1006207.exr,right,0.995618999004364
d_1006211.exr,right,0.9955729246139526
d_1006212.exr,right,0.9956040382385254
d_1006213.exr,right,0.9953798055648804
d_1006215.exr,right,0.9955480098724365
d_1006216.exr,right,0.9956359267234802
d_1006217.exr,wrong,0.9957259893417358
d_1006218.exr,right,0.995633065700531
d_1006219.exr,right,0.9956121444702148
d_1006220.exr,right,0.9956075549125671
d_1006221.exr,right,0.9955546259880066
d_1006222.exr,right,0.9954286813735962
d_1006223.exr,right,0.9956112504005432
d_1006224.exr,right,0.9956068396568298
d_1006225.exr,right,0.9956018924713135
d_1006226.exr,right,0.995604395866394
d_1006227.exr,right,0.9857155680656433
d_1006228.exr,right,0.9942145943641663
d_1006230.exr,right,0.9956130981445312
d_1006231.exr,right,0.9956182241439819
d_1006233.exr,right,0.9927400946617126
d_1006235.exr,right,0.9956254959106445
d_1006239.exr,right,0.9955451488494873
d_1006240.exr,right,0.9956243634223938
d_1006241.exr,right,0.9956045150756836
d_1006242.exr,right,0.9956018924713135
d_1006243.exr,right,0.9956209063529968
d_1006244.exr,right,0.9956270456314087
d_1006245.exr,right,0.9956252574920654
d_1006247.exr,right,0.9955716133117676
d_1006249.exr,right,0.9955720901489258
d_1006250.exr,right,0.9955631494522095
d_1006251.exr,right,0.9951286315917969
d_1006252.exr,right,0.9955885410308838
d_1006253.exr,right,0.9955449104309082
d_1006254.exr,right,0.9956050515174866
d_1006255.exr,right,0.9955242872238159
d_1006257.exr,right,0.9956313371658325
d_1006259.exr,right,0.9950742125511169
d_1006260.exr,right,0.9956054091453552
d_1006263.exr,right,0.9956305027008057
d_1006264.exr,right,0.9956205487251282
d_1006267.exr,right,0.9956334233283997
d_1006268.exr,right,0.9930220246315002
d_1006271.exr,right,0.9956226944923401
d_1006272.exr,right,0.9956380724906921
d_1006273.exr,right,0.9956226944923401
d_1006274.exr,right,0.9956289529800415
d_1006275.exr,right,0.9956265687942505
d_1006276.exr,right,0.9956204295158386
d_1006278.exr,right,0.9955867528915405
d_1006279.exr,right,0.9955843091011047
d_1006280.exr,right,0.9956018924713135
d_1006281.exr,right,0.9955171942710876
d_1006282.exr,right,0.995610773563385
d_1006283.exr,right,0.9956282377243042
d_1006285.exr,right,0.995214581489563
d_1006287.exr,right,0.9944650530815125
d_1006288.exr,right,0.9956082701683044
d_1006289.exr,right,0.9956225752830505
d_1006290.exr,right,0.9956079125404358
d_1006291.exr,right,0.9956069588661194
d_1006292.exr,wrong,0.9884097576141357
d_1006294.exr,right,0.9955847859382629
d_1006295.exr,right,0.9956294298171997
d_1006297.exr,right,0.995633065700531
d_1006298.exr,right,0.9956003427505493
d_1006299.exr,right,0.9956159591674805
d_1006300.exr,right,0.9956299066543579
d_1006301.exr,right,0.995455265045166
d_1006302.exr,right,0.9951954483985901
d_1006303.exr,right,0.9956157207489014
d_1006304.exr,right,0.995606005191803
d_1006305.exr,right,0.9956305027008057
d_1006306.exr,right,0.9955745935440063
d_1006307.exr,right,0.9956307411193848
d_1006308.exr,right,0.9955868721008301
d_1006309.exr,right,0.9955482482910156
d_1006310.exr,right,0.9956195950508118
d_1006311.exr,right,0.9956167936325073
d_1006312.exr,right,0.9955508708953857
d_1006314.exr,right,0.9906914830207825
d_1006315.exr,right,0.9954140186309814
d_1006316.exr,right,0.99561607837677
d_1006317.exr,right,0.9955794215202332
d_1006319.exr,right,0.9956309795379639
d_1006320.exr,right,0.9951289892196655
d_1006322.exr,right,0.9956329464912415
d_1006323.exr,right,0.9956191182136536
d_1006324.exr,right,0.9956258535385132
d_1006327.exr,right,0.9956071972846985
d_1006329.exr,right,0.9955358505249023
d_1006330.exr,right,0.9956242442131042
d_1006331.exr,right,0.9956050515174866
d_1006332.exr,right,0.9956003427505493
d_1006333.exr,right,0.9955896139144897
d_1006334.exr,right,0.9955815672874451
d_1006335.exr,wrong,0.9951983094215393
d_1006338.exr,right,0.995608389377594
d_1006341.exr,right,0.9956339001655579
d_1006342.exr,right,0.9956328272819519
d_1006343.exr,right,0.9953651428222656
d_1006344.exr,right,0.9956246018409729
d_1006345.exr,right,0.9956274032592773
d_1006351.exr,right,0.9956037998199463
d_1006352.exr,right,0.995503842830658
d_1006353.exr,right,0.9953857064247131
d_1006355.exr,right,0.9956070780754089
d_1006357.exr,right,0.9948887228965759
d_1006358.exr,right,0.9956284761428833
d_1006359.exr,right,0.9956032037734985
d_1006361.exr,right,0.995606005191803
d_1006362.exr,right,0.9956014156341553
d_1006363.exr,right,0.995495080947876
d_1006364.exr,right,0.9955430626869202
d_1006367.exr,right,0.9955955147743225
d_1006368.exr,right,0.9956333041191101
d_1006369.exr,right,0.9955540299415588
d_1006370.exr,right,0.9956236481666565
d_1006371.exr,right,0.9955910444259644
d_1006372.exr,right,0.9956346154212952
d_1006373.exr,right,0.9955930113792419
d_1006374.exr,right,0.9956023693084717
d_1006375.exr,right,0.995590090751648
d_1006376.exr,right,0.9955196380615234
d_1006378.exr,right,0.9956193566322327
d_1006379.exr,right,0.9956071972846985
d_1006380.exr,right,0.9956176280975342
d_1006381.exr,right,0.9955729246139526
d_1006385.exr,right,0.9956362843513489
d_1006386.exr,right,0.9956066012382507
d_1006388.exr,right,0.9956307411193848
d_1006389.exr,right,0.9954901337623596
d_1006390.exr,right,0.9955739974975586
d_1006391.exr,right,0.9956211447715759
d_1006392.exr,right,0.9938329458236694
d_1006394.exr,right,0.9956282377243042
d_1006397.exr,wrong,0.9903978109359741
d_1006398.exr,right,0.9955978989601135
d_1006399.exr,wrong,0.990415096282959
d_1006400.exr,right,0.9955843091011047
d_1006401.exr,right,0.9956206679344177
d_1006402.exr,right,0.9915322661399841
d_1006403.exr,right,0.9956102967262268
d_1006404.exr,right,0.9955765008926392
d_1006406.exr,right,0.9956240057945251
d_1006407.exr,right,0.9956278800964355
d_1006408.exr,right,0.995602011680603
d_1006414.exr,right,0.9945626854896545
d_1006415.exr,right,0.9952651262283325
d_1006416.exr,right,0.9955971837043762
d_1006418.exr,right,0.9955909252166748
d_1006419.exr,right,0.9937306642532349
d_1006420.exr,right,0.995576024055481
d_1006423.exr,right,0.9955958724021912
d_1006427.exr,right,0.989643931388855
d_1006428.exr,right,0.995612621307373
d_1006429.exr,right,0.995608389377594
d_1006430.exr,right,0.9955940842628479
d_1006432.exr,wrong,0.995722770690918
d_1006434.exr,right,0.9953728318214417
d_1006435.exr,right,0.9956232905387878
d_1006436.exr,right,0.9956252574920654
d_1006438.exr,right,0.995589017868042
d_1006440.exr,right,0.995587944984436
d_1006441.exr,right,0.9956188797950745
d_1006442.exr,right,0.9956198334693909
d_1006443.exr,right,0.9956036806106567
d_1006444.exr,right,0.9956289529800415
d_1006445.exr,right,0.9956193566322327
d_1006446.exr,right,0.995602011680603
d_1006447.exr,right,0.9955368041992188
d_1006449.exr,right,0.9956055283546448
d_1006450.exr,right,0.995614767074585
d_1006452.exr,right,0.9956113696098328
d_1006455.exr,right,0.9956142902374268
d_1006456.exr,right,0.9955509901046753
d_1006457.exr,right,0.9956183433532715
d_1006458.exr,right,0.9955944418907166
d_1006459.exr,right,0.9955869913101196
d_1006462.exr,right,0.9956278800964355
d_1006466.exr,right,0.9956027269363403
d_1006467.exr,right,0.9956075549125671
d_1006468.exr,right,0.995602011680603
d_1006469.exr,right,0.9956244826316833
d_1006471.exr,right,0.9953399896621704
d_1006472.exr,right,0.9956260919570923
d_1006474.exr,right,0.995598316192627
d_1006475.exr,right,0.9956010580062866
d_1006476.exr,right,0.9956014156341553
d_1006477.exr,right,0.9955537915229797
d_1006478.exr,right,0.9956350922584534
d_1006479.exr,right,0.9955898523330688
d_1006480.exr,right,0.9956327080726624
d_1006481.exr,right,0.9955487251281738
d_1006482.exr,right,0.9955915808677673
d_1006484.exr,right,0.9955527186393738
d_1006485.exr,right,0.9956095814704895
d_1006486.exr,right,0.9904671311378479
d_1006487.exr,right,0.9736214876174927
d_1006488.exr,wrong,0.9897233247756958
d_1006490.exr,right,0.995572566986084
d_1006491.exr,right,0.9947395920753479
d_1006492.exr,right,0.9953345656394958
d_1006495.exr,right,0.9955442547798157
d_1006496.exr,right,0.9956040382385254
d_1006497.exr,right,0.9955887794494629
d_1006498.exr,right,0.9956210255622864
d_1006499.exr,right,0.9956218600273132
d_1006500.exr,right,0.9956234097480774
d_1006502.exr,right,0.9944745898246765
d_1006503.exr,right,0.9956047534942627
d_1006504.exr,right,0.9956204295158386
d_1006505.exr,right,0.9954428672790527
d_1006506.exr,right,0.9955872297286987
d_1006508.exr,right,0.9956331849098206
d_1006509.exr,right,0.9948445558547974
d_1006510.exr,right,0.9955700039863586
d_1006511.exr,right,0.9956323504447937
d_1006513.exr,right,0.9948915243148804
d_1006515.exr,right,0.9954417943954468
d_1006518.exr,right,0.9956004619598389
d_1006520.exr,right,0.9956325888633728
d_1006521.exr,right,0.995629072189331
d_1006523.exr,right,0.9956282377243042
d_1006524.exr,right,0.9956079125404358
d_1006525.exr,right,0.9956024885177612
d_1006526.exr,right,0.995614767074585
d_1006528.exr,right,0.995629072189331
d_1006529.exr,right,0.9954290390014648
d_1006530.exr,right,0.995608389377594
d_1006531.exr,right,0.995200514793396
d_1006533.exr,right,0.9956287145614624
d_1006534.exr,right,0.9867907166481018
d_1006535.exr,right,0.949038028717041
d_1006536.exr,right,0.9956243634223938
d_1006537.exr,right,0.995631217956543
d_1006539.exr,right,0.9956319332122803
d_1006540.exr,right,0.9955778121948242
d_1006541.exr,right,0.9956296682357788
d_1006542.exr,right,0.9956175088882446
d_1006543.exr,right,0.9956199526786804
d_1006544.exr,right,0.9956281185150146
d_1006546.exr,right,0.9955920577049255
d_1006547.exr,right,0.9930694699287415
d_1006548.exr,right,0.9955852031707764
d_1006549.exr,right,0.9956346154212952
d_1006550.exr,wrong,0.9955675005912781
d_1006551.exr,right,0.9956028461456299
d_1006552.exr,right,0.9935395121574402
d_1006556.exr,right,0.9956021308898926
d_1006557.exr,right,0.9956339001655579
d_1006558.exr,wrong,0.995000422000885
d_1006559.exr,wrong,0.9934466481208801
d_1006560.exr,right,0.9954832792282104
d_1006561.exr,right,0.9955464601516724
d_1006562.exr,wrong,0.9923845529556274
d_1006563.exr,right,0.9955111742019653
d_1006564.exr,right,0.9956081509590149
d_1006565.exr,right,0.9956377148628235
d_1006567.exr,right,0.9956037998199463
d_1006568.exr,right,0.9956119060516357
d_1006569.exr,right,0.9955043196678162
d_1006570.exr,right,0.9956297874450684
d_1006571.exr,wrong,0.9940411448478699
d_1006572.exr,right,0.9955928921699524
d_1006574.exr,right,0.9956334233283997
d_1006575.exr,right,0.9940084218978882
d_1006576.exr,right,0.9956186413764954
d_1006577.exr,right,0.9956127405166626
d_1006578.exr,right,0.9955800175666809
d_1006579.exr,right,0.9956265687942505
d_1006580.exr,right,0.9956336617469788
d_1006581.exr,right,0.9923281073570251
d_1006584.exr,right,0.9956222176551819
d_1006585.exr,right,0.9956040382385254
d_1006586.exr,right,0.9955537915229797
d_1006588.exr,right,0.995609700679779
d_1006589.exr,right,0.99562668800354
d_1006590.exr,right,0.9955883026123047
d_1006591.exr,right,0.9956321120262146
d_1006592.exr,right,0.9955695271492004
d_1006593.exr,right,0.9379723072052002
d_1006594.exr,right,0.9956230521202087
d_1006595.exr,right,0.995609700679779
d_1006596.exr,right,0.9954901337623596
d_1006597.exr,right,0.9956344962120056
d_1006603.exr,right,0.9956390857696533
d_1006604.exr,right,0.9956164360046387
d_1006605.exr,right,0.995629072189331
d_1006606.exr,right,0.9956294298171997
d_1006608.exr,right,0.9955312609672546
d_1006609.exr,right,0.9949007034301758
d_1006610.exr,right,0.9956172704696655
d_1006611.exr,right,0.9955480098724365
d_1006612.exr,right,0.9956021308898926
d_1006613.exr,right,0.9956398010253906
d_1006614.exr,right,0.9956260919570923
d_1006615.exr,right,0.99549400806427
d_1006618.exr,right,0.995635449886322
d_1006619.exr,right,0.9955839514732361
d_1006620.exr,wrong,0.995429277420044
d_1006621.exr,right,0.9956315755844116
d_1006624.exr,right,0.9388880729675293
d_1006625.exr,right,0.9956364035606384
d_1006627.exr,right,0.9860795140266418
d_1006630.exr,wrong,0.9956001043319702
d_1006631.exr,right,0.9956355690956116
d_1006632.exr,right,0.99562007188797
d_1006633.exr,right,0.9956334233283997
d_1006634.exr,right,0.99561607837677
d_1006635.exr,right,0.99562007188797
d_1006640.exr,right,0.9956021308898926
d_1006642.exr,right,0.9956285953521729
d_1006643.exr,right,0.9956042766571045
d_1006645.exr,right,0.9956234097480774
d_1006646.exr,right,0.995319664478302
d_1006649.exr,right,0.9956011772155762
d_1006650.exr,right,0.9956260919570923
d_1006652.exr,right,0.9074011445045471
d_1006656.exr,right,0.9956054091453552
d_1006658.exr,right,0.9955283999443054
d_1006659.exr,right,0.994458794593811
d_1006660.exr,right,0.9956187605857849
d_1006661.exr,right,0.9956308603286743
d_1006662.exr,right,0.9949177503585815
d_1006664.exr,right,0.9955965876579285
d_1006666.exr,right,0.9956254959106445
d_1006668.exr,right,0.9956100583076477
d_1006669.exr,right,0.995590329170227
d_1006670.exr,right,0.9956225752830505
d_1006671.exr,right,0.9956310987472534
d_1006673.exr,right,0.9956347346305847
d_1006674.exr,right,0.9955326318740845
d_1006675.exr,right,0.9956371188163757
d_1006679.exr,right,0.9955865144729614
d_1006680.exr,right,0.995622456073761
d_1006684.exr,right,0.9956314563751221
d_1006688.exr,right,0.9956321120262146
d_1006689.exr,right,0.9956315755844116
d_1006690.exr,right,0.9956235289573669
d_1006692.exr,right,0.9956362843513489
d_1006693.exr,right,0.9956289529800415
d_1006695.exr,right,0.9956154823303223
d_1006696.exr,right,0.9956188797950745
d_1006697.exr,right,0.9953125715255737
d_1006698.exr,right,0.9956323504447937
d_1006699.exr,right,0.9956294298171997
d_1006700.exr,right,0.9956209063529968
d_1006701.exr,wrong,0.994918167591095
d_1006702.exr,right,0.9956294298171997
d_1006703.exr,right,0.9956101775169373
d_1006704.exr,right,0.995614767074585
d_1006705.exr,right,0.9956046342849731
d_1006706.exr,right,0.9956141710281372
d_1006708.exr,right,0.9956204295158386
d_1006709.exr,right,0.9956383109092712
d_1006710.exr,right,0.995625376701355
d_1006712.exr,right,0.9956320524215698
d_1006716.exr,right,0.9954938888549805
d_1006717.exr,right,0.9956236481666565
d_1006718.exr,right,0.9956170320510864
d_1006719.exr,right,0.9956320524215698
d_1006720.exr,right,0.9956102967262268
d_1006721.exr,right,0.9956146478652954
d_1006722.exr,right,0.9956325888633728
d_1006723.exr,right,0.9955322742462158
d_1006724.exr,right,0.9955995082855225
d_1006725.exr,right,0.9956257343292236
d_1006726.exr,right,0.9956234097480774
d_1006727.exr,right,0.9956335425376892
d_1006728.exr,right,0.9956026077270508
d_1006729.exr,wrong,0.9953717589378357
d_1006730.exr,right,0.9956244826316833
d_1006731.exr,right,0.9915012121200562
d_1006732.exr,right,0.9955136179924011
d_1006733.exr,right,0.995598316192627
d_1006735.exr,right,0.9956241250038147
d_1006736.exr,right,0.9956383109092712
d_1006738.exr,right,0.9956352114677429
d_1006739.exr,right,0.9955788254737854
d_1006742.exr,right,0.995602011680603
d_1006743.exr,right,0.9956228137016296
d_1006744.exr,right,0.9956368803977966
d_1006745.exr,right,0.9956302642822266
d_1006746.exr,right,0.9955998659133911
d_1006747.exr,right,0.9955785870552063
d_1006748.exr,right,0.9955945611000061
d_1006749.exr,right,0.9955931305885315
d_1006751.exr,right,0.9956306219100952
d_1006752.exr,right,0.9955162405967712
d_1006753.exr,right,0.9955596923828125
d_1006755.exr,right,0.9955768585205078
d_1006756.exr,right,0.9956027269363403
d_1006757.exr,right,0.9955694079399109
d_1006758.exr,right,0.9956014156341553
d_1006759.exr,right,0.9919127225875854
d_1006760.exr,right,0.9955030083656311
d_1006761.exr,right,0.9956033229827881
d_1006762.exr,right,0.9956075549125671
d_1006763.exr,right,0.9956004619598389
d_1006764.exr,right,0.9956192374229431
d_1006766.exr,right,0.9956333041191101
d_1006768.exr,right,0.9956272840499878
d_1006770.exr,right,0.9956075549125671
d_1006771.exr,right,0.9950319528579712
d_1006772.exr,right,0.9956263303756714
d_1006773.exr,right,0.9956306219100952
d_1006774.exr,right,0.99561607837677
d_1006775.exr,right,0.9956230521202087
d_1006776.exr,right,0.9956274032592773
d_1006777.exr,right,0.9955242872238159
d_1006778.exr,right,0.9956334233283997
d_1006780.exr,right,0.9956127405166626
d_1006782.exr,right,0.9948832988739014
d_1006783.exr,right,0.9956151247024536
d_1006784.exr,right,0.9956307411193848
d_1006785.exr,right,0.995554506778717
d_1006787.exr,right,0.9955950379371643
d_1006788.exr,right,0.995624840259552
d_1006789.exr,right,0.9956282377243042
d_1006790.exr,right,0.9947842955589294
d_1006792.exr,right,0.9956028461456299
d_1006793.exr,right,0.995594322681427
d_1006795.exr,right,0.9956346154212952
d_1006798.exr,right,0.995594322681427
d_1006800.exr,right,0.995629072189331
d_1006801.exr,right,0.995628833770752
d_1006802.exr,right,0.9956223368644714
d_1006804.exr,right,0.9955955147743225
d_1006805.exr,right,0.9956212639808655
d_1006806.exr,right,0.9956170320510864
d_1006807.exr,right,0.9955700039863586
d_1006808.exr,right,0.9956089854240417
d_1006810.exr,right,0.995385468006134
d_1006811.exr,right,0.9956396818161011
d_1006813.exr,right,0.9956105351448059
d_1006814.exr,right,0.9955732822418213
d_1006815.exr,right,0.9956158399581909
d_1006816.exr,right,0.9956021308898926
d_1006817.exr,right,0.9956114888191223
d_1006818.exr,right,0.9956322312355042
d_1006820.exr,right,0.9956152439117432
d_1006821.exr,right,0.99562007188797
d_1006822.exr,right,0.9956234097480774
d_1006826.exr,right,0.9955965876579285
d_1006827.exr,right,0.9956361651420593
d_1006828.exr,right,0.9956314563751221
d_1006829.exr,right,0.9955997467041016
d_1006830.exr,right,0.9956268072128296
d_1006831.exr,right,0.9956220984458923
d_1006832.exr,right,0.9952915906906128
d_1006833.exr,right,0.995636522769928
d_1006834.exr,right,0.9956256151199341
d_1006835.exr,right,0.9955896139144897
d_1006836.exr,right,0.9956291913986206
d_1006839.exr,right,0.9955993890762329
d_1006840.exr,right,0.995625376701355
d_1006841.exr,right,0.9956342577934265
d_1006843.exr,right,0.9956268072128296
d_1006844.exr,right,0.9955471754074097
d_1006845.exr,right,0.9955899715423584
d_1006847.exr,right,0.9955927729606628
d_1006850.exr,right,0.9953762292861938
d_1006851.exr,right,0.9956010580062866
d_1006852.exr,right,0.9956250786781311
d_1006854.exr,right,0.9956120252609253
d_1006855.exr,right,0.9946303367614746
d_1006857.exr,right,0.9956334233283997
d_1006858.exr,right,0.995609700679779
d_1006859.exr,right,0.9955951571464539
d_1006863.exr,right,0.9955997467041016
d_1006864.exr,right,0.995613694190979
d_1006865.exr,wrong,0.973068356513977
d_1006866.exr,right,0.9955756664276123
d_1006867.exr,right,0.9956272840499878
d_1006868.exr,right,0.9955911636352539
d_1006869.exr,wrong,0.9920627474784851
d_1006871.exr,right,0.9956240057945251
d_1006872.exr,right,0.9956299066543579
d_1006874.exr,right,0.9955931305885315
d_1006875.exr,right,0.9954824447631836
d_1006876.exr,right,0.9956193566322327
d_1006877.exr,right,0.9955863952636719
d_1006878.exr,right,0.9956173896789551
d_1006879.exr,right,0.9956102967262268
d_1006880.exr,wrong,0.993931770324707
d_1006882.exr,right,0.9955975413322449
d_1006883.exr,right,0.9956167936325073
d_1006887.exr,right,0.995627760887146
d_1006888.exr,right,0.9952875375747681
d_1006890.exr,right,0.995637834072113
d_1006891.exr,right,0.9956374764442444
d_1006892.exr,right,0.995604395866394
d_1006893.exr,right,0.9955730438232422
d_1006894.exr,right,0.9956001043319702
d_1006895.exr,right,0.9956334233283997
d_1006896.exr,right,0.9955295920372009
d_1006897.exr,right,0.9956295490264893
d_1006898.exr,right,0.9955671429634094
d_1006900.exr,right,0.9956265687942505
d_1006902.exr,right,0.995475709438324
d_1006905.exr,right,0.9956099390983582
d_1006906.exr,wrong,0.9933411478996277
d_1006908.exr,right,0.9956359267234802
d_1006910.exr,right,0.9956321120262146
d_1006911.exr,right,0.9956135749816895
d_1006912.exr,right,0.9956275224685669
d_1006916.exr,right,0.9956037998199463
d_1006919.exr,right,0.9956183433532715
d_1006920.exr,right,0.9953898191452026
d_1006923.exr,right,0.9940909743309021
d_1006924.exr,right,0.9956259727478027
d_1006927.exr,right,0.9956037998199463
d_1006929.exr,right,0.9956308603286743
d_1006930.exr,right,0.9953997731208801
d_1006931.exr,wrong,0.9957036375999451
d_1006932.exr,right,0.9956187605857849
d_1006933.exr,right,0.9956305027008057
d_1006934.exr,right,0.9915287494659424
d_1006935.exr,right,0.9956283569335938
d_1006936.exr,right,0.9955765008926392
d_1006939.exr,right,0.9956274032592773
d_1006940.exr,right,0.9956327080726624
d_1006942.exr,right,0.9956313371658325
d_1006943.exr,right,0.995604395866394
d_1006945.exr,right,0.9955992698669434
d_1006949.exr,right,0.9955446124076843
d_1006953.exr,right,0.9956134557723999
d_1006954.exr,right,0.9955937266349792
d_1006955.exr,right,0.9956187605857849
d_1006957.exr,right,0.9835541248321533
d_1006959.exr,wrong,0.9956520199775696
d_1006960.exr,right,0.9956293106079102
d_1006962.exr,right,0.9956291913986206
d_1006963.exr,right,0.9956069588661194
d_1006964.exr,right,0.9955800175666809
d_1006966.exr,right,0.9956181049346924
d_1006970.exr,right,0.9947011470794678
d_1006971.exr,right,0.9956120252609253
d_1006972.exr,right,0.9956105351448059
d_1006973.exr,right,0.995506763458252
d_1006974.exr,right,0.9955736398696899
d_1006976.exr,right,0.995618462562561
d_1006977.exr,wrong,0.9957091808319092
d_1006978.exr,right,0.9956068396568298
d_1006979.exr,right,0.9955765008926392
d_1006980.exr,right,0.9954816102981567
d_1006985.exr,right,0.9624930024147034
d_1006987.exr,right,0.9956175088882446
d_1006988.exr,wrong,0.9886720180511475
d_1006989.exr,right,0.9955997467041016
d_1006990.exr,right,0.9955824017524719
d_1006991.exr,right,0.9956299066543579
d_1006995.exr,right,0.9956193566322327
d_1006996.exr,right,0.9951040744781494
d_1006997.exr,right,0.9956268072128296
d_1006999.exr,right,0.9943443536758423
d_1007000.exr,wrong,0.9950627684593201
d_1007001.exr,right,0.9956362843513489
d_1007004.exr,wrong,0.9953824877738953
d_1007005.exr,right,0.9956296682357788
d_1007006.exr,right,0.9956173896789551
d_1007008.exr,right,0.9955911636352539
d_1007010.exr,right,0.995585560798645
d_1007011.exr,right,0.9956195950508118
d_1007015.exr,right,0.9956347346305847
d_1007016.exr,right,0.9956380724906921
d_1007017.exr,right,0.9956036806106567
d_1007020.exr,right,0.9956009387969971
d_1007022.exr,wrong,0.6012952327728271
d_1007023.exr,right,0.9956151247024536
d_1007025.exr,right,0.9955934882164001
d_1007027.exr,right,0.9954872727394104
d_1007028.exr,right,0.9956194758415222
d_1007029.exr,right,0.9956309795379639
d_1007032.exr,right,0.9956152439117432
d_1007033.exr,right,0.9955976605415344
d_1007034.exr,right,0.9956085085868835
d_1007036.exr,right,0.9956087470054626
d_1007037.exr,wrong,0.7277005910873413
d_1007038.exr,right,0.9956045150756836
d_1007039.exr,right,0.9956146478652954
d_1007041.exr,right,0.9955508708953857
d_1007042.exr,right,0.9956081509590149
d_1007044.exr,right,0.9956058859825134
d_1007047.exr,right,0.9956028461456299
d_1007049.exr,right,0.9955973029136658
d_1007050.exr,right,0.9956081509590149
d_1007051.exr,right,0.9955987930297852
d_1007052.exr,right,0.9956111311912537
d_1007054.exr,right,0.9956353306770325
d_1007055.exr,right,0.9956098198890686
d_1007056.exr,right,0.9956284761428833
d_1007057.exr,right,0.9955488443374634
d_1007058.exr,right,0.9956256151199341
d_1007059.exr,right,0.995613694190979
d_1007060.exr,right,0.9955865144729614
d_1007061.exr,right,0.9956077933311462
d_1007063.exr,right,0.9956285953521729
d_1007064.exr,right,0.9956034421920776
d_1007065.exr,right,0.9950222969055176
d_1007066.exr,right,0.9950710535049438
d_1007067.exr,right,0.9956122636795044
d_1007068.exr,right,0.9937291145324707
d_1007071.exr,right,0.9956023693084717
d_1007072.exr,right,0.9955915808677673
d_1007073.exr,right,0.9956009387969971
d_1007074.exr,right,0.9956017732620239
d_1007075.exr,right,0.9956231713294983
d_1007078.exr,right,0.9219633340835571
d_1007079.exr,right,0.9947690367698669
d_1007080.exr,right,0.9955928921699524
d_1007081.exr,right,0.9955012202262878
d_1007082.exr,right,0.9956077933311462
d_1007084.exr,right,0.9956307411193848
d_1007085.exr,right,0.9956161975860596
d_1007086.exr,right,0.9956229329109192
d_1007087.exr,right,0.9956079125404358
d_1007089.exr,right,0.9956047534942627
d_1007090.exr,right,0.9956264495849609
d_1007091.exr,right,0.995617151260376
d_1007092.exr,right,0.9956182241439819
d_1007095.exr,right,0.995599627494812
d_1007098.exr,right,0.9955928921699524
d_1007103.exr,right,0.9956066012382507
d_1007105.exr,right,0.9956358075141907
d_1007106.exr,right,0.9956264495849609
d_1007108.exr,right,0.9955558180809021
d_1007110.exr,right,0.9955987930297852
d_1007111.exr,right,0.9949182868003845
d_1007112.exr,right,0.9956275224685669
d_1007114.exr,right,0.9955981373786926
d_1007115.exr,right,0.9956289529800415
d_1007116.exr,right,0.9956199526786804
d_1007120.exr,right,0.9955736398696899
d_1007123.exr,right,0.9956119060516357
d_1007124.exr,right,0.9956281185150146
d_1007125.exr,right,0.9956296682357788
d_1007127.exr,right,0.9955926537513733
d_1007128.exr,right,0.9956135749816895
d_1007129.exr,right,0.9956026077270508
d_1007130.exr,right,0.9907305836677551
d_1007133.exr,right,0.9955978989601135
d_1007135.exr,right,0.9956303834915161
d_1007136.exr,right,0.9956315755844116
d_1007137.exr,right,0.9955909252166748
d_1007138.exr,right,0.9955883026123047
d_1007139.exr,right,0.9956117272377014
d_1007141.exr,right,0.9956132173538208
d_1007142.exr,right,0.9956328272819519
d_1007144.exr,right,0.9955973029136658
d_1007147.exr,right,0.9955969452857971
d_1007148.exr,right,0.9956098198890686
d_1007149.exr,right,0.9956238865852356
d_1007151.exr,right,0.9956159591674805
d_1007153.exr,right,0.9956384301185608
d_1007154.exr,right,0.9956282377243042
d_1007155.exr,right,0.9955520033836365
d_1007156.exr,right,0.9955942034721375
d_1007157.exr,right,0.9955506324768066
d_1007159.exr,right,0.9955605268478394
d_1007160.exr,right,0.9955812096595764
d_1007162.exr,right,0.9954699277877808
d_1007163.exr,right,0.9956285953521729
d_1007164.exr,right,0.9956176280975342
d_1007165.exr,right,0.9955511093139648
d_1007168.exr,right,0.9955930113792419
d_1007169.exr,right,0.9955978989601135
d_1007170.exr,right,0.9955833554267883
d_1007171.exr,right,0.9631341099739075
d_1007172.exr,right,0.9956150054931641
d_1007173.exr,right,0.9956125020980835
d_1007174.exr,right,0.9956157207489014
d_1007175.exr,right,0.9956034421920776
d_1007176.exr,right,0.9956322312355042
d_1007178.exr,right,0.9956340193748474
d_1007180.exr,right,0.9956257343292236
d_1007182.exr,right,0.9956244826316833
d_1007183.exr,right,0.9956313371658325
d_1007184.exr,right,0.9950932264328003
d_1007186.exr,right,0.995635449886322
d_1007187.exr,right,0.9956077933311462
d_1007189.exr,right,0.9956284761428833
d_1007190.exr,right,0.9948613047599792
d_1007192.exr,wrong,0.9942877888679504
d_1007193.exr,right,0.9953061938285828
d_1007196.exr,right,0.9954906105995178
d_1007200.exr,right,0.9956005811691284
d_1007201.exr,right,0.9955205917358398
d_1007202.exr,right,0.9955594539642334
d_1007204.exr,right,0.9956055283546448
d_1007205.exr,right,0.9955658316612244
d_1007208.exr,right,0.9956244826316833
d_1007210.exr,right,0.9956009387969971
d_1007211.exr,right,0.9956156015396118
d_1007213.exr,right,0.9956104159355164
d_1007214.exr,right,0.9956362843513489
d_1007215.exr,right,0.9956254959106445
d_1007216.exr,right,0.995634138584137
d_1007217.exr,right,0.9956166744232178
d_1007218.exr,right,0.9956022500991821
d_1007219.exr,right,0.9956079125404358
d_1007220.exr,right,0.995612621307373
d_1007221.exr,right,0.9956209063529968
d_1007222.exr,right,0.995599627494812
d_1007223.exr,right,0.9952690005302429
d_1007224.exr,right,0.9955810904502869
d_1007225.exr,right,0.9955716133117676
d_1007226.exr,right,0.9955129027366638
d_1007227.exr,right,0.9955917000770569
d_1007228.exr,right,0.995555579662323
d_1007229.exr,right,0.9956112504005432
d_1007230.exr,right,0.9956091046333313
d_1007231.exr,right,0.9953195452690125
d_1007232.exr,right,0.9956061244010925
d_1007233.exr,right,0.995624840259552
d_1007234.exr,right,0.9956271648406982
d_1007235.exr,right,0.995622456073761
d_1007236.exr,right,0.9956343770027161
d_1007238.exr,right,0.9956140518188477
d_1007240.exr,right,0.9955986738204956
d_1007241.exr,right,0.995568573474884
d_1007242.exr,right,0.995618462562561
d_1007243.exr,right,0.9956313371658325
d_1007244.exr,right,0.9956161975860596
d_1007246.exr,right,0.9956211447715759
d_1007247.exr,right,0.9956358075141907
d_1007248.exr,right,0.9956241250038147
d_1007250.exr,right,0.9952237010002136
d_1007251.exr,right,0.9903478622436523
d_1007253.exr,right,0.9955605268478394
d_1007254.exr,right,0.9956234097480774
d_1007255.exr,right,0.9956153631210327
d_1007256.exr,right,0.9956256151199341
d_1007257.exr,right,0.9955973029136658
d_1007259.exr,right,0.9956247210502625
d_1007260.exr,right,0.9955989122390747
d_1007261.exr,right,0.9942290782928467
d_1007262.exr,right,0.9955123066902161
d_1007263.exr,right,0.9956181049346924
d_1007264.exr,right,0.9956234097480774
d_1007265.exr,right,0.9956128597259521
d_1007267.exr,right,0.9952430129051208
d_1007268.exr,right,0.9956368803977966
d_1007269.exr,right,0.9955946803092957
d_1007270.exr,right,0.9956268072128296
d_1007271.exr,right,0.9953895807266235
d_1007272.exr,right,0.9956163167953491
d_1007274.exr,right,0.9945600628852844
d_1007275.exr,right,0.9955917000770569
d_1007276.exr,right,0.9956355690956116
d_1007277.exr,right,0.9955289959907532
d_1007278.exr,right,0.9955730438232422
d_1007279.exr,right,0.9955686926841736
d_1007280.exr,right,0.9956380724906921
d_1007281.exr,right,0.9956328272819519
d_1007283.exr,right,0.9956130981445312
d_1007285.exr,right,0.984741747379303
d_1007286.exr,right,0.9951682090759277
d_1007287.exr,right,0.9956181049346924
d_1007288.exr,wrong,0.9894629120826721
d_1007289.exr,right,0.9955883026123047
d_1007291.exr,wrong,0.9921827912330627
d_1007294.exr,right,0.995607316493988
d_1007296.exr,right,0.9954816102981567
d_1007297.exr,right,0.9956241250038147
d_1007298.exr,right,0.9956269264221191
d_1007300.exr,right,0.9955768585205078
d_1007301.exr,right,0.9953572154045105
d_1007303.exr,right,0.9953001737594604
d_1007304.exr,right,0.9955999851226807
d_1007305.exr,right,0.9949629306793213
d_1007309.exr,right,0.9956148862838745
d_1007310.exr,right,0.9956310987472534
d_1007312.exr,right,0.9956216216087341
d_1007314.exr,right,0.9956374764442444
d_1007315.exr,right,0.9956112504005432
d_1007316.exr,right,0.995618999004364
d_1007318.exr,right,0.9956192374229431
d_1007319.exr,right,0.9955645799636841
d_1007321.exr,right,0.9956249594688416
d_1007324.exr,right,0.9956228137016296
d_1007325.exr,right,0.9956389665603638
d_1007326.exr,right,0.9956271648406982
d_1007327.exr,right,0.995636522769928
d_1007328.exr,right,0.9955215454101562
d_1007329.exr,right,0.9954987168312073
d_1007330.exr,right,0.9955447912216187
d_1007331.exr,right,0.9956303834915161
d_1007332.exr,right,0.99556964635849
d_1007333.exr,right,0.9955844283103943
d_1007334.exr,right,0.995567262172699
d_1007335.exr,right,0.9956108927726746
d_1007336.exr,right,0.9956165552139282
d_1007337.exr,right,0.9956110119819641
d_1007338.exr,right,0.99562007188797
d_1007339.exr,right,0.9956195950508118
d_1007340.exr,right,0.9956117272377014
d_1007341.exr,right,0.9955856800079346
d_1007343.exr,right,0.9956264495849609
d_1007344.exr,right,0.9956195950508118
d_1007345.exr,right,0.995568573474884
d_1007346.exr,right,0.9956210255622864
d_1007348.exr,wrong,0.9957202076911926
d_1007349.exr,right,0.9955925345420837
d_1007350.exr,right,0.9956308603286743
d_1007351.exr,right,0.9956281185150146
d_1007352.exr,right,0.9956011772155762
d_1007353.exr,right,0.9956216216087341
d_1007354.exr,right,0.9955754280090332
d_1007355.exr,right,0.9947785139083862
d_1007356.exr,right,0.9955812096595764
d_1007357.exr,right,0.9956047534942627
d_1007358.exr,right,0.9955770969390869
d_1007359.exr,right,0.995624840259552
d_1007360.exr,right,0.9956220984458923
d_1007361.exr,right,0.9956339001655579
d_1007362.exr,right,0.9947086572647095
d_1007363.exr,right,0.9956114888191223
d_1007364.exr,right,0.9956355690956116
d_1007365.exr,right,0.995617151260376
d_1007366.exr,right,0.9955944418907166
d_1007367.exr,right,0.9956193566322327
d_1007368.exr,right,0.9956314563751221
d_1007369.exr,right,0.9956129789352417
d_1007372.exr,right,0.9956358075141907
d_1007375.exr,wrong,0.9957122802734375
d_1007377.exr,right,0.99513840675354
d_1007379.exr,right,0.9956371188163757
d_1007380.exr,right,0.9956128597259521
d_1007381.exr,right,0.9956077933311462
d_1007382.exr,right,0.9956315755844116
d_1007383.exr,right,0.9956211447715759
d_1007384.exr,right,0.9955927729606628
d_1007385.exr,right,0.9955711960792542
d_1007387.exr,right,0.9956258535385132
d_1007389.exr,right,0.9942985773086548
d_1007390.exr,right,0.9945778846740723
d_1007391.exr,right,0.9954341053962708
d_1007392.exr,wrong,0.9258227944374084
d_1007393.exr,right,0.9956085085868835
d_1007394.exr,right,0.9956297874450684
d_1007395.exr,right,0.9955995082855225
d_1007397.exr,right,0.9925385117530823
d_1007398.exr,wrong,0.9944321513175964
d_1007399.exr,right,0.9956283569335938
d_1007402.exr,wrong,0.9956955909729004
d_1007403.exr,wrong,0.9952957034111023
d_1007404.exr,right,0.995599627494812
d_1007405.exr,right,0.9956157207489014
d_1007406.exr,right,0.9955639839172363
d_1007407.exr,right,0.9956001043319702
d_1007408.exr,right,0.9955152869224548
d_1007409.exr,right,0.99561607837677
d_1007410.exr,right,0.9955549836158752
d_1007411.exr,right,0.9956027269363403
d_1007412.exr,right,0.9956310987472534
d_1007413.exr,right,0.9952000379562378
d_1007414.exr,right,0.9955824017524719
d_1007415.exr,right,0.9956287145614624
d_1007417.exr,right,0.9955982565879822
d_1007418.exr,right,0.9955856800079346
d_1007419.exr,right,0.995608389377594
d_1007420.exr,right,0.9956070780754089
d_1007426.exr,right,0.9956179857254028
d_1007427.exr,right,0.9956366419792175
d_1007429.exr,wrong,0.9957118034362793
d_1007431.exr,right,0.9955897331237793
d_1007432.exr,right,0.9956294298171997
d_1007433.exr,right,0.9943669438362122
d_1007434.exr,right,0.9948493838310242
d_1007436.exr,right,0.9956127405166626
d_1007438.exr,right,0.9955926537513733
d_1007440.exr,right,0.9956036806106567
d_1007442.exr,right,0.9956389665603638
d_1007444.exr,right,0.9955896139144897
d_1007445.exr,wrong,0.995205819606781
d_1007446.exr,right,0.995607316493988
d_1007447.exr,right,0.9956050515174866
d_1007450.exr,right,0.9956274032592773
d_1007453.exr,right,0.9956216216087341
d_1007454.exr,right,0.9956275224685669
d_1007457.exr,right,0.9918273687362671
d_1007458.exr,wrong,0.9952850937843323
d_1007459.exr,right,0.9956220984458923
d_1007460.exr,right,0.9876229763031006
d_1007461.exr,right,0.9956036806106567
d_1007462.exr,wrong,0.9948880076408386
d_1007463.exr,right,0.9951646327972412
d_1007464.exr,right,0.9955818057060242
d_1007465.exr,right,0.995594322681427
d_1007466.exr,right,0.9956203103065491
d_1007467.exr,right,0.9956359267234802
d_1007468.exr,right,0.9955852031707764
d_1007471.exr,right,0.9955846667289734
d_1007472.exr,right,0.9954759478569031
d_1007473.exr,right,0.9956120252609253
d_1007475.exr,right,0.9955629110336304
d_1007476.exr,right,0.9956057667732239
d_1007477.exr,right,0.9956183433532715
d_1007479.exr,right,0.9956212639808655
d_1007480.exr,right,0.995636522769928
d_1007481.exr,right,0.9956241250038147
d_1007484.exr,right,0.9956381916999817
d_1007485.exr,right,0.9956169128417969
d_1007486.exr,right,0.9956169128417969
d_1007487.exr,right,0.9955037236213684
d_1007488.exr,right,0.9954497218132019
d_1007489.exr,right,0.99562668800354
d_1007490.exr,right,0.9956220984458923
d_1007491.exr,right,0.9956034421920776
d_1007492.exr,right,0.9955964684486389
d_1007494.exr,right,0.9956232905387878
d_1007495.exr,right,0.9955887794494629
d_1007496.exr,right,0.9955915808677673
d_1007497.exr,right,0.9929503202438354
d_1007499.exr,right,0.9955846667289734
d_1007501.exr,right,0.9956185221672058
d_1007502.exr,right,0.9955936074256897
d_1007503.exr,right,0.995618462562561
d_1007504.exr,right,0.9956181049346924
d_1007508.exr,right,0.995517909526825
d_1007510.exr,right,0.9933075904846191
d_1007511.exr,right,0.9955950379371643
d_1007512.exr,right,0.9956157207489014
d_1007514.exr,right,0.9956021308898926
d_1007516.exr,right,0.9956262111663818
d_1007518.exr,right,0.9955838322639465
d_1007519.exr,right,0.9956284761428833
d_1007521.exr,right,0.9954765439033508
d_1007522.exr,right,0.9956170320510864
d_1007523.exr,right,0.9955790638923645
d_1007525.exr,right,0.9956186413764954
d_1007526.exr,right,0.9955535531044006
d_1007527.exr,wrong,0.9583984613418579
d_1007528.exr,right,0.9928652048110962
d_1007530.exr,right,0.9947465062141418
d_1007531.exr,right,0.9955928921699524
d_1007532.exr,wrong,0.9955878257751465
d_1007535.exr,right,0.9955902099609375
d_1007537.exr,wrong,0.993939995765686
d_1007538.exr,right,0.9956193566322327
d_1007539.exr,right,0.9955549836158752
d_1007540.exr,right,0.9955991506576538
d_1007543.exr,right,0.9956250786781311
d_1007544.exr,right,0.9956102967262268
d_1007545.exr,right,0.9955815672874451
d_1007546.exr,right,0.9956117868423462
d_1007548.exr,right,0.9949212670326233
d_1007549.exr,right,0.9955219030380249
d_1007550.exr,right,0.9955227375030518
d_1007551.exr,wrong,0.9956501126289368
d_1007552.exr,right,0.9939432740211487
d_1007553.exr,wrong,0.9947143197059631
d_1007554.exr,right,0.9955867528915405
d_1007555.exr,right,0.9956016540527344
d_1007556.exr,right,0.9953057169914246
d_1007557.exr,right,0.9956294298171997
d_1007558.exr,right,0.9956262111663818
d_1007562.exr,right,0.9956146478652954
d_1007564.exr,right,0.9955987930297852
d_1007565.exr,right,0.995563268661499
d_1007566.exr,right,0.9956222176551819
d_1007567.exr,wrong,0.9952256679534912
d_1007570.exr,right,0.9956272840499878
d_1007571.exr,right,0.9956234097480774
d_1007572.exr,right,0.882217288017273
d_1007573.exr,right,0.9890279769897461
d_1007574.exr,right,0.9956139326095581
d_1007577.exr,right,0.9956244826316833
d_1007578.exr,right,0.995612382888794
d_1007579.exr,right,0.9956121444702148
d_1007580.exr,right,0.9820053577423096
d_1007581.exr,right,0.9952084422111511
d_1007582.exr,right,0.9956076741218567
d_1007583.exr,right,0.995608389377594
d_1007584.exr,right,0.9956220984458923
d_1007585.exr,right,0.9956183433532715
d_1007587.exr,right,0.9956375956535339
d_1007588.exr,right,0.9956001043319702
d_1007589.exr,right,0.9955667853355408
d_1007591.exr,wrong,0.9936479926109314
d_1007592.exr,right,0.9955905675888062
d_1007593.exr,right,0.995618462562561
d_1007594.exr,right,0.9956077933311462
d_1007595.exr,right,0.9955583810806274
d_1007599.exr,right,0.9956165552139282
d_1007600.exr,right,0.9955775737762451
d_1007601.exr,right,0.9944559931755066
d_1007602.exr,right,0.9956361651420593
d_1007603.exr,right,0.9956235289573669
d_1007606.exr,right,0.9956039190292358
d_1007610.exr,right,0.9954922199249268
d_1007611.exr,right,0.9956117272377014
d_1007612.exr,right,0.9955974221229553
d_1007614.exr,right,0.9955306649208069
d_1007615.exr,right,0.9956389665603638
d_1007616.exr,right,0.9956046342849731
d_1007618.exr,right,0.9956297874450684
d_1007619.exr,wrong,0.9898029565811157
d_1007620.exr,right,0.9953413009643555
d_1007621.exr,right,0.9956015348434448
d_1007622.exr,right,0.9956263303756714
d_1007624.exr,right,0.9956113696098328
d_1007626.exr,right,0.9956003427505493
d_1007627.exr,right,0.9955918192863464
d_1007630.exr,right,0.995625376701355
d_1007631.exr,right,0.9956231713294983
d_1007632.exr,right,0.9955757856369019
d_1007634.exr,right,0.9954185485839844
d_1007635.exr,right,0.9956271648406982
d_1007636.exr,right,0.9956062436103821
d_1007637.exr,wrong,0.9957115650177002
d_1007638.exr,right,0.9956240057945251
d_1007641.exr,wrong,0.9945346117019653
d_1007642.exr,right,0.9955590963363647
d_1007645.exr,right,0.9956218600273132
d_1007648.exr,right,0.99562668800354
d_1007649.exr,right,0.9933470487594604
d_1007650.exr,right,0.9954860806465149
d_1007651.exr,wrong,0.9918944239616394
d_1007652.exr,right,0.9956377148628235
d_1007653.exr,right,0.9956212639808655
d_1007654.exr,right,0.9956052899360657
d_1007655.exr,right,0.9956333041191101
d_1007656.exr,wrong,0.991351842880249
d_1007657.exr,right,0.9888190627098083
d_1007658.exr,right,0.9956138134002686
d_1007659.exr,right,0.9956310987472534
d_1007660.exr,right,0.9956356883049011
d_1007661.exr,wrong,0.9953528642654419
d_1007662.exr,right,0.9954671859741211
d_1007663.exr,right,0.9716739654541016
d_1007664.exr,right,0.9955407977104187
d_1007665.exr,right,0.9956247210502625
d_1007668.exr,right,0.9956316947937012
d_1007670.exr,right,0.9956194758415222
d_1007672.exr,right,0.9956367611885071
d_1007673.exr,right,0.9956016540527344
d_1007674.exr,right,0.9936187267303467
d_1007675.exr,right,0.9956138134002686
d_1007676.exr,right,0.995581328868866
d_1007677.exr,right,0.9956356883049011
d_1007678.exr,right,0.9956133365631104
d_1007679.exr,right,0.9955365657806396
d_1007680.exr,right,0.9956086277961731
d_1007683.exr,right,0.9954087138175964
d_1007684.exr,right,0.9955066442489624
d_1007686.exr,right,0.995636522769928
d_1007687.exr,right,0.9956346154212952
d_1007688.exr,right,0.9956346154212952
d_1007689.exr,wrong,0.9933839440345764
d_1007691.exr,right,0.995635449886322
d_1007692.exr,right,0.9956242442131042
d_1007694.exr,wrong,0.9956413507461548
d_1007695.exr,right,0.9956291913986206
d_1007696.exr,right,0.9956008195877075
d_1007699.exr,right,0.9956170320510864
d_1007700.exr,right,0.9946724772453308
d_1007701.exr,right,0.9955918192863464
d_1007702.exr,right,0.995590090751648
d_1007703.exr,right,0.9956034421920776
d_1007704.exr,right,0.9956116080284119
d_1007706.exr,right,0.9948657155036926
d_1007707.exr,right,0.9955965876579285
d_1007708.exr,right,0.9956182241439819
d_1007710.exr,right,0.9956232905387878
d_1007711.exr,right,0.9955930113792419
d_1007712.exr,right,0.9956226944923401
d_1007713.exr,right,0.9956077933311462
d_1007714.exr,right,0.9956319332122803
d_1007715.exr,right,0.9956033229827881
d_1007718.exr,right,0.9956324696540833
d_1007719.exr,right,0.9956088662147522
d_1007721.exr,wrong,0.9956023693084717
d_1007723.exr,right,0.995587944984436
d_1007724.exr,right,0.9956226944923401
d_1007726.exr,right,0.9956392049789429
d_1007727.exr,right,0.9956061244010925
d_1007728.exr,right,0.9956129789352417
d_1007729.exr,right,0.995610773563385
d_1007730.exr,right,0.9955582618713379
d_1007732.exr,right,0.9956058859825134
d_1007733.exr,right,0.9956247210502625
d_1007734.exr,right,0.9955794215202332
d_1007735.exr,right,0.9955981373786926
d_1007737.exr,right,0.9956244826316833
d_1007739.exr,right,0.9956049919128418
d_1007742.exr,right,0.9956188797950745
d_1007743.exr,right,0.9956323504447937
d_1007744.exr,right,0.9956158399581909
d_1007745.exr,right,0.9956113696098328
d_1007747.exr,right,0.9955989122390747
d_1007749.exr,right,0.9954589605331421
d_1007750.exr,right,0.9956322312355042
d_1007753.exr,right,0.9956279993057251
d_1007754.exr,right,0.9956343770027161
d_1007755.exr,right,0.995631217956543
d_1007756.exr,right,0.9956210255622864
d_1007757.exr,right,0.9956135749816895
d_1007758.exr,right,0.9956114888191223
d_1007761.exr,right,0.9956219792366028
d_1007763.exr,right,0.9956327080726624
d_1007764.exr,right,0.995564341545105
d_1007765.exr,right,0.9956187605857849
d_1007766.exr,right,0.9955431818962097
d_1007767.exr,right,0.9956148862838745
d_1007768.exr,right,0.9956319332122803
d_1007772.exr,right,0.9956388473510742
d_1007773.exr,right,0.9956314563751221
d_1007775.exr,wrong,0.9944862723350525
d_1007776.exr,right,0.9946639537811279
d_1007777.exr,right,0.9956339001655579
d_1007778.exr,right,0.9955909252166748
d_1007780.exr,right,0.9956279993057251
d_1007782.exr,right,0.9955909252166748
d_1007783.exr,right,0.9956056475639343
d_1007784.exr,right,0.9942412376403809
d_1007785.exr,right,0.9956094622612
d_1007786.exr,right,0.9956145286560059
d_1007788.exr,right,0.9955980181694031
d_1007789.exr,right,0.9956014156341553
d_1007790.exr,right,0.9955832362174988
d_1007792.exr,right,0.9956322312355042
d_1007793.exr,right,0.9939956068992615
d_1007794.exr,right,0.99558025598526
d_1007795.exr,right,0.9956352114677429
d_1007796.exr,right,0.9956336617469788
d_1007799.exr,right,0.9956246018409729
d_1007800.exr,right,0.9956274032592773
d_1007801.exr,right,0.9956300258636475
d_1007802.exr,right,0.995630145072937
d_1007803.exr,right,0.9956034421920776
d_1007804.exr,right,0.9942843317985535
d_1007805.exr,right,0.9956049919128418
d_1007807.exr,right,0.9956048727035522
d_1007809.exr,right,0.995628833770752
d_1007810.exr,right,0.9956159591674805
d_1007812.exr,right,0.9956127405166626
d_1007814.exr,right,0.9956113696098328
d_1007815.exr,right,0.9955708384513855
d_1007816.exr,right,0.9956364035606384
d_1007817.exr,right,0.9956331849098206
d_1007819.exr,right,0.9898043870925903
d_1007820.exr,right,0.9956359267234802
d_1007821.exr,right,0.995630145072937
d_1007822.exr,wrong,0.993794322013855
d_1007826.exr,right,0.9956125020980835
d_1007827.exr,wrong,0.9923571348190308
d_1007829.exr,right,0.9955947995185852
d_1007830.exr,right,0.9956308603286743
d_1007831.exr,right,0.9956324696540833
d_1007832.exr,right,0.9956082701683044
d_1007834.exr,right,0.9956263303756714
d_1007837.exr,right,0.9956146478652954
d_1007838.exr,right,0.9956151247024536
d_1007840.exr,right,0.99561607837677
d_1007842.exr,right,0.9956080317497253
d_1007843.exr,wrong,0.995725154876709
d_1007845.exr,right,0.9956104159355164
d_1007846.exr,right,0.995232880115509
d_1007847.exr,wrong,0.9954944849014282
d_1007848.exr,right,0.9955759048461914
d_1007849.exr,right,0.9952583909034729
d_1007850.exr,right,0.9956220984458923
d_1007851.exr,right,0.9956100583076477
d_1007853.exr,right,0.9956279993057251
d_1007854.exr,right,0.9956289529800415
d_1007855.exr,right,0.9955049157142639
d_1007856.exr,right,0.9955880641937256
d_1007857.exr,right,0.9954816102981567
d_1007858.exr,wrong,0.9950593709945679
d_1007859.exr,right,0.9857401251792908
d_1007861.exr,right,0.9954559803009033
d_1007863.exr,right,0.9956163167953491
d_1007864.exr,right,0.9955993890762329
d_1007865.exr,right,0.9956071972846985
d_1007866.exr,right,0.9955945611000061
d_1007867.exr,right,0.9956183433532715
d_1007868.exr,right,0.995617151260376
d_1007870.exr,right,0.9953889846801758
d_1007871.exr,right,0.9955596923828125
d_1007872.exr,right,0.9956360459327698
d_1007873.exr,right,0.9952842593193054
d_1007874.exr,right,0.9955060482025146
d_1007875.exr,right,0.9956036806106567
d_1007876.exr,right,0.9956324696540833
d_1007877.exr,wrong,0.9931724667549133
d_1007878.exr,right,0.9955423474311829
d_1007880.exr,right,0.9956271648406982
d_1007881.exr,right,0.9956244826316833
d_1007882.exr,right,0.9955717325210571
d_1007884.exr,right,0.9955875873565674
d_1007885.exr,right,0.9955927729606628
d_1007888.exr,right,0.9952728152275085
d_1007890.exr,right,0.9955808520317078
d_1007896.exr,right,0.9956166744232178
d_1007897.exr,wrong,0.9952560067176819
d_1007898.exr,right,0.9944045543670654
d_1007899.exr,right,0.9934060573577881
d_1007900.exr,right,0.9953385591506958
d_1007901.exr,right,0.9956225752830505
d_1007902.exr,right,0.9955392479896545
d_1007903.exr,right,0.9943863153457642
d_1007904.exr,right,0.9956158399581909
d_1007905.exr,right,0.9947203397750854
d_1007908.exr,right,0.9956371188163757
d_1007909.exr,right,0.9955512285232544
d_1007910.exr,right,0.9955872297286987
d_1007912.exr,right,0.9956076741218567
d_1007915.exr,right,0.9955617189407349
d_1007916.exr,right,0.9950301647186279
d_1007917.exr,right,0.9956069588661194
d_1007918.exr,right,0.9956167936325073
d_1007919.exr,right,0.9955753087997437
d_1007920.exr,right,0.9955829977989197
d_1007924.exr,right,0.9956272840499878
d_1007925.exr,right,0.9951382875442505
d_1007926.exr,right,0.995612382888794
d_1007928.exr,right,0.9956154823303223
d_1007930.exr,right,0.9956226944923401
d_1007932.exr,right,0.9955079555511475
d_1007933.exr,right,0.9956226944923401
d_1007935.exr,right,0.9951307773590088
d_1007937.exr,right,0.9956385493278503
d_1007938.exr,right,0.9956166744232178
d_1007939.exr,wrong,0.9951531887054443
d_1007940.exr,right,0.9956157207489014
d_1007943.exr,right,0.9956347346305847
d_1007944.exr,right,0.9955551028251648
d_1007947.exr,right,0.9956085085868835
d_1007948.exr,right,0.995612621307373
d_1007949.exr,right,0.9956142902374268
d_1007950.exr,right,0.9956181049346924
d_1007951.exr,right,0.9956223368644714
d_1007953.exr,right,0.9955928921699524
d_1007956.exr,right,0.9956167936325073
d_1007957.exr,right,0.9812225699424744
d_1007960.exr,right,0.9956089854240417
d_1007961.exr,right,0.995484471321106
d_1007963.exr,right,0.9956359267234802
d_1007965.exr,right,0.9955862760543823
d_1007966.exr,right,0.9956100583076477
d_1007969.exr,right,0.9956079125404358
d_1007970.exr,right,0.99561607837677
d_1007971.exr,right,0.9930777549743652
d_1007973.exr,right,0.9956119060516357
d_1007974.exr,right,0.9955108165740967
d_1007976.exr,right,0.9956327080726624
d_1007977.exr,right,0.9956356883049011
d_1007979.exr,right,0.9956362843513489
d_1007982.exr,right,0.9956058859825134
d_1007983.exr,right,0.9956327080726624
d_1007984.exr,right,0.6254521608352661
d_1007985.exr,right,0.9950190782546997
d_1007986.exr,right,0.995539128780365
d_1007989.exr,wrong,0.9934317469596863
d_1007992.exr,right,0.9955273270606995
d_1007993.exr,right,0.9956324696540833
d_1007994.exr,right,0.995630145072937
d_1007996.exr,right,0.9956130981445312
d_1007997.exr,right,0.995105504989624
d_1007998.exr,right,0.9956276416778564
d_1008001.exr,right,0.9956329464912415
d_1008002.exr,wrong,0.9957016110420227
d_1008003.exr,right,0.9956268072128296
d_1008004.exr,right,0.9956055283546448
d_1008005.exr,right,0.9956185221672058
d_1008006.exr,right,0.9955586194992065
d_1008007.exr,right,0.9956037998199463
d_1008009.exr,right,0.9955921769142151
d_1008010.exr,right,0.99562668800354
d_1008013.exr,right,0.9956047534942627
d_1008015.exr,wrong,0.9953100085258484
d_1008018.exr,right,0.9955984354019165
d_1008020.exr,right,0.9956257343292236
d_1008021.exr,right,0.995613694190979
d_1008023.exr,right,0.9936975836753845
d_1008024.exr,right,0.9956348538398743
d_1008025.exr,wrong,0.989772379398346
d_1008026.exr,right,0.9956264495849609
d_1008028.exr,right,0.9956024885177612
d_1008029.exr,right,0.9956283569335938
d_1008030.exr,right,0.9955942034721375
d_1008031.exr,right,0.9956106543540955
d_1008032.exr,right,0.9956336617469788
d_1008033.exr,right,0.9956334233283997
d_1008035.exr,right,0.9956295490264893
d_1008036.exr,right,0.9955377578735352
d_1008037.exr,right,0.9956339001655579
d_1008038.exr,right,0.9956132173538208
d_1008039.exr,right,0.9955995082855225
d_1008041.exr,right,0.9956372380256653
d_1008042.exr,right,0.9953110814094543
d_1008044.exr,right,0.9956198334693909
d_1008045.exr,right,0.9956285953521729
d_1008047.exr,right,0.9956268072128296
d_1008048.exr,right,0.9956264495849609
d_1008050.exr,right,0.995631217956543
d_1008051.exr,right,0.9956310987472534
d_1008052.exr,right,0.995597779750824
d_1008053.exr,right,0.9954800605773926
d_1008054.exr,right,0.995623767375946
d_1008055.exr,right,0.9955981373786926
d_1008056.exr,right,0.9956251978874207
d_1008057.exr,right,0.9956284761428833
d_1008059.exr,right,0.9956234097480774
d_1008060.exr,right,0.9956152439117432
d_1008062.exr,right,0.986257791519165
d_1008063.exr,right,0.9956095814704895
d_1008066.exr,right,0.9956203103065491
d_1008067.exr,right,0.9956310987472534
d_1008069.exr,right,0.9956182241439819
d_1008070.exr,right,0.9956307411193848
d_1008071.exr,right,0.9956140518188477
d_1008072.exr,right,0.9956287145614624
d_1008073.exr,right,0.99562007188797
d_1008074.exr,right,0.995625376701355
d_1008075.exr,right,0.9956268072128296
d_1008077.exr,right,0.9956254959106445
d_1008079.exr,right,0.9951273202896118
d_1008082.exr,right,0.9956193566322327
d_1008083.exr,right,0.9955978989601135
d_1008084.exr,right,0.9950397610664368
d_1008085.exr,wrong,0.9781452417373657
d_1008086.exr,right,0.9956139326095581
d_1008087.exr,right,0.9955961108207703
d_1008090.exr,right,0.9872816205024719
d_1008091.exr,right,0.9956161975860596
d_1008094.exr,right,0.9956139326095581
d_1008095.exr,right,0.9934576153755188
d_1008097.exr,right,0.9956085085868835
d_1008098.exr,right,0.9956117272377014
d_1008102.exr,right,0.9954379200935364
d_1008104.exr,right,0.9956305027008057
d_1008106.exr,right,0.9956226944923401
d_1008107.exr,right,0.9956029653549194
d_1008109.exr,right,0.9956173896789551
d_1008110.exr,right,0.9955759048461914
d_1008111.exr,wrong,0.6568373441696167
d_1008112.exr,right,0.9951878786087036
d_1008113.exr,right,0.9956315755844116
d_1008114.exr,right,0.9956315755844116
d_1008115.exr,right,0.9954889416694641
d_1008116.exr,right,0.9956075549125671
d_1008117.exr,right,0.995564877986908
d_1008118.exr,right,0.9953923225402832
d_1008119.exr,right,0.9956125020980835
d_1008121.exr,right,0.9955604076385498
d_1008125.exr,right,0.995629072189331
d_1008126.exr,right,0.9953540563583374
d_1008127.exr,right,0.9956121444702148
d_1008131.exr,right,0.995613694190979
d_1008133.exr,right,0.9956116080284119
d_1008135.exr,right,0.995608389377594
d_1008136.exr,right,0.9956074357032776
d_1008137.exr,wrong,0.5213680267333984
d_1008138.exr,right,0.9956014156341553
d_1008139.exr,right,0.9946133494377136
d_1008140.exr,right,0.9953124523162842
d_1008141.exr,right,0.9956307411193848
d_1008142.exr,right,0.9956238865852356
d_1008143.exr,right,0.992703914642334
d_1008144.exr,right,0.9956293106079102
d_1008145.exr,right,0.9955962300300598
d_1008146.exr,right,0.9951145648956299
d_1008147.exr,right,0.995604395866394
d_1008148.exr,right,0.9955751895904541
d_1008149.exr,right,0.9955874681472778
d_1008151.exr,right,0.995625376701355
d_1008154.exr,right,0.9955461025238037
d_1008155.exr,wrong,0.9938703775405884
d_1008158.exr,right,0.9955993890762329
d_1008159.exr,right,0.9956343770027161
d_1008160.exr,right,0.9955874681472778
d_1008161.exr,right,0.9954965114593506
d_1008163.exr,right,0.9956191182136536
d_1008164.exr,right,0.9956324696540833
d_1008165.exr,right,0.9956192374229431
d_1008167.exr,right,0.9956017732620239
d_1008168.exr,right,0.9956240057945251
d_1008169.exr,right,0.9956281185150146
d_1008170.exr,right,0.9956039190292358
d_1008173.exr,right,0.995578944683075
d_1008176.exr,right,0.9956318140029907
d_1008178.exr,right,0.9555798172950745
d_1008179.exr,right,0.995628833770752
d_1008181.exr,right,0.9955962300300598
d_1008182.exr,right,0.995637834072113
d_1008183.exr,right,0.9956102967262268
d_1008185.exr,right,0.9956179857254028
d_1008187.exr,right,0.9956154823303223
d_1008188.exr,right,0.995610773563385
d_1008189.exr,right,0.995236337184906
d_1008190.exr,right,0.995635449886322
d_1008191.exr,right,0.9955716133117676
d_1008192.exr,right,0.9956270456314087
d_1008193.exr,right,0.9944660067558289
d_1008194.exr,right,0.9956199526786804
d_1008195.exr,right,0.9956355690956116
d_1008197.exr,right,0.995240330696106
d_1008198.exr,right,0.9956297874450684
d_1008199.exr,wrong,0.9754135012626648
d_1008200.exr,right,0.9955750703811646
d_1008201.exr,wrong,0.9942615032196045
d_1008202.exr,right,0.9956099390983582
d_1008203.exr,right,0.9956296682357788
d_1008204.exr,right,0.9956350922584534
d_1008205.exr,right,0.9947551488876343
d_1008207.exr,right,0.9956389665603638
d_1008208.exr,right,0.9956157207489014
d_1008209.exr,right,0.9956181049346924
d_1008212.exr,right,0.9955974221229553
d_1008213.exr,right,0.995451033115387
d_1008215.exr,right,0.9952722191810608
d_1008216.exr,right,0.9956322312355042
d_1008218.exr,right,0.9949682354927063
d_1008219.exr,right,0.9956271648406982
d_1008220.exr,right,0.994767427444458
d_1008221.exr,right,0.995593249797821
d_1008222.exr,right,0.9946756362915039
d_1008223.exr,right,0.9956061244010925
d_1008224.exr,right,0.9955925345420837
d_1008225.exr,right,0.9956098198890686
d_1008227.exr,right,0.9956091046333313
d_1008228.exr,right,0.9955602884292603
d_1008229.exr,right,0.9955424666404724
d_1008232.exr,right,0.9956144094467163
d_1008235.exr,right,0.995614767074585
d_1008236.exr,right,0.995590329170227
d_1008237.exr,right,0.9318807721138
d_1008239.exr,right,0.9956142902374268
d_1008240.exr,right,0.9955719709396362
d_1008241.exr,right,0.9956375956535339
d_1008243.exr,right,0.9956223368644714
d_1008244.exr,right,0.9955759048461914
d_1008246.exr,right,0.995618999004364
d_1008249.exr,right,0.9956183433532715
d_1008251.exr,right,0.9955949187278748
d_1008252.exr,right,0.9955867528915405
d_1008253.exr,right,0.9956116080284119
d_1008254.exr,right,0.9956106543540955
d_1008255.exr,right,0.9953563809394836
d_1008256.exr,right,0.9955952763557434
d_1008258.exr,right,0.995603084564209
d_1008260.exr,right,0.9956308603286743
d_1008263.exr,right,0.9955818057060242
d_1008264.exr,right,0.9955690503120422
d_1008266.exr,right,0.9956303834915161
d_1008267.exr,right,0.9956071972846985
d_1008268.exr,right,0.9956368803977966
d_1008269.exr,right,0.99562007188797
d_1008270.exr,right,0.9955854415893555
d_1008271.exr,right,0.9956132173538208
d_1008272.exr,right,0.9951142072677612
d_1008273.exr,right,0.9956254959106445
d_1008275.exr,right,0.9955102205276489
d_1008276.exr,right,0.9956321120262146
d_1008277.exr,right,0.9949638843536377
d_1008278.exr,right,0.9956258535385132
d_1008281.exr,right,0.9953213334083557
d_1008282.exr,right,0.995612382888794
d_1008283.exr,right,0.9955722093582153
d_1008284.exr,right,0.9956336617469788
d_1008286.exr,right,0.9955993890762329
d_1008287.exr,right,0.9956281185150146
d_1008288.exr,right,0.9956325888633728
d_1008289.exr,right,0.9956064820289612
d_1008290.exr,wrong,0.9955726861953735
d_1008291.exr,right,0.995634138584137
d_1008293.exr,right,0.9956240057945251
d_1008294.exr,right,0.9956081509590149
d_1008295.exr,right,0.9956352114677429
d_1008297.exr,right,0.9956362843513489
d_1008298.exr,right,0.9955774545669556
d_1008299.exr,right,0.9956222176551819
d_1008300.exr,wrong,0.9948969483375549
d_1008301.exr,right,0.9723333716392517
d_1008302.exr,right,0.9956325888633728
d_1008304.exr,right,0.9956175088882446
d_1008305.exr,right,0.9953113198280334
d_1008306.exr,wrong,0.9950315952301025
d_1008307.exr,right,0.995625376701355
d_1008308.exr,right,0.994519054889679
d_1008309.exr,right,0.9947984218597412
d_1008310.exr,right,0.9956002235412598
d_1008311.exr,right,0.9956240057945251
d_1008312.exr,right,0.9956380724906921
d_1008313.exr,right,0.9956232905387878
d_1008314.exr,right,0.9956232905387878
d_1008316.exr,right,0.995602011680603
d_1008317.exr,right,0.9956323504447937
d_1008318.exr,right,0.8991238474845886
d_1008320.exr,right,0.9949362277984619
d_1008321.exr,right,0.9955987930297852
d_1008323.exr,right,0.9956165552139282
d_1008324.exr,right,0.995572566986084
d_1008325.exr,right,0.9955835938453674
d_1008327.exr,right,0.9937335848808289
d_1008328.exr,right,0.9955694079399109
d_1008329.exr,right,0.9890453815460205
d_1008331.exr,right,0.9956215023994446
d_1008332.exr,right,0.9956178665161133
d_1008333.exr,right,0.9926919341087341
d_1008334.exr,right,0.9955552220344543
d_1008335.exr,right,0.9956359267234802
d_1008336.exr,right,0.9955794215202332
d_1008338.exr,right,0.9956316947937012
d_1008339.exr,wrong,0.823381781578064
d_1008340.exr,right,0.9956252574920654
d_1008343.exr,right,0.9956244826316833
d_1008346.exr,right,0.9956297874450684
d_1008347.exr,right,0.9953227639198303
d_1008348.exr,right,0.9956075549125671
d_1008349.exr,right,0.9956241250038147
d_1008350.exr,right,0.9956296682357788
d_1008351.exr,right,0.9956183433532715
d_1008352.exr,right,0.9956139326095581
d_1008353.exr,right,0.9956303834915161
d_1008354.exr,right,0.9955652356147766
d_1008355.exr,right,0.9956069588661194
d_1008357.exr,right,0.9955780506134033
d_1008358.exr,right,0.9956061244010925
d_1008359.exr,right,0.9956383109092712
d_1008360.exr,wrong,0.9946956038475037
d_1008361.exr,right,0.9551281929016113
d_1008362.exr,right,0.9955920577049255
d_1008364.exr,right,0.9956309795379639
d_1008366.exr,right,0.9955847859382629
d_1008367.exr,right,0.9956302642822266
d_1008368.exr,right,0.995609700679779
d_1008370.exr,right,0.9955812096595764
d_1008372.exr,right,0.9956230521202087
d_1008373.exr,wrong,0.994216799736023
d_1008374.exr,right,0.9956270456314087
d_1008375.exr,right,0.9894471168518066
d_1008377.exr,right,0.9956205487251282
d_1008381.exr,right,0.9956113696098328
d_1008382.exr,right,0.9956176280975342
d_1008384.exr,right,0.9956263303756714
d_1008385.exr,right,0.9955148100852966
d_1008386.exr,wrong,0.9568328261375427
d_1008387.exr,right,0.9956322312355042
d_1008388.exr,right,0.9956027269363403
d_1008390.exr,right,0.995627760887146
d_1008391.exr,right,0.9956259727478027
d_1008392.exr,right,0.9956194758415222
d_1008394.exr,right,0.9955319166183472
d_1008395.exr,right,0.9955877065658569
d_1008398.exr,right,0.995621383190155
d_1008399.exr,right,0.9956347346305847
d_1008401.exr,right,0.9956067204475403
d_1008402.exr,right,0.9956217408180237
d_1008403.exr,right,0.9956231713294983
d_1008405.exr,right,0.9956389665603638
d_1008406.exr,right,0.9955808520317078
d_1008407.exr,right,0.9956151247024536
d_1008409.exr,right,0.9955440163612366
d_1008410.exr,right,0.9956274032592773
d_1008411.exr,right,0.9956042766571045
d_1008412.exr,right,0.995602011680603
d_1008413.exr,right,0.9946160912513733
d_1008414.exr,right,0.9956383109092712
d_1008415.exr,right,0.9948636889457703
d_1008417.exr,right,0.9956337809562683
d_1008418.exr,right,0.9956035614013672
d_1008419.exr,right,0.9955742359161377
d_1008420.exr,right,0.9951155185699463
d_1008422.exr,right,0.9956308603286743
d_1008424.exr,right,0.9954847097396851
d_1008425.exr,right,0.9956022500991821
d_1008426.exr,right,0.9956076741218567
d_1008427.exr,right,0.9929889440536499
d_1008428.exr,right,0.9532632827758789
d_1008430.exr,right,0.9956380724906921
d_1008431.exr,right,0.9956328272819519
d_1008432.exr,right,0.9955574870109558
d_1008433.exr,right,0.9955359697341919
d_1008434.exr,right,0.9955856800079346
d_1008436.exr,right,0.9956395626068115
d_1008437.exr,right,0.9956157207489014
d_1008438.exr,right,0.9954272508621216
d_1008439.exr,right,0.9949806332588196
d_1008441.exr,right,0.9956299066543579
d_1008442.exr,right,0.9955894947052002
d_1008443.exr,right,0.99562007188797
d_1008444.exr,right,0.995609700679779
d_1008445.exr,right,0.9956219792366028
d_1008446.exr,right,0.9956111311912537
d_1008448.exr,right,0.9931446313858032
d_1008450.exr,right,0.9956350922584534
d_1008451.exr,right,0.9955615997314453
d_1008452.exr,right,0.9955631494522095
d_1008453.exr,right,0.9956170320510864
d_1008454.exr,right,0.995570957660675
d_1008456.exr,right,0.9956104159355164
d_1008457.exr,right,0.9956209063529968
d_1008460.exr,right,0.9956024885177612
d_1008461.exr,right,0.995633065700531
d_1008464.exr,wrong,0.994756817817688
d_1008466.exr,right,0.9955675005912781
d_1008467.exr,right,0.9954761862754822
d_1008468.exr,right,0.9956132173538208
d_1008469.exr,right,0.9956289529800415
d_1008470.exr,right,0.9956251978874207
d_1008472.exr,right,0.9956324696540833
d_1008474.exr,right,0.9955724477767944
d_1008476.exr,right,0.9953010082244873
d_1008477.exr,right,0.9956104159355164
d_1008478.exr,right,0.9956089854240417
d_1008479.exr,right,0.9956205487251282
d_1008480.exr,right,0.9956081509590149
d_1008481.exr,right,0.995585560798645
d_1008483.exr,right,0.9956300258636475
d_1008485.exr,right,0.9955761432647705
d_1008486.exr,wrong,0.9945393204689026
d_1008488.exr,wrong,0.9952240586280823
d_1008490.exr,wrong,0.9952031373977661
d_1008491.exr,wrong,0.9936674237251282
d_1008492.exr,right,0.9955320358276367
d_1008493.exr,right,0.9950931072235107
d_1008494.exr,right,0.9956183433532715
d_1008495.exr,right,0.9956111311912537
d_1008496.exr,right,0.9925515651702881
d_1008500.exr,right,0.9955999851226807
d_1008502.exr,right,0.9956130981445312
d_1008503.exr,right,0.9955978989601135
d_1008504.exr,right,0.9956283569335938
d_1008505.exr,right,0.9940071105957031
d_1008506.exr,right,0.9956194758415222
d_1008507.exr,right,0.9956236481666565
d_1008509.exr,right,0.9952319264411926
d_1008510.exr,right,0.9956232905387878
d_1008513.exr,right,0.9956335425376892
d_1008514.exr,right,0.9956276416778564
d_1008515.exr,right,0.9955978989601135
d_1008518.exr,right,0.9956229329109192
d_1008521.exr,right,0.9956104159355164
d_1008523.exr,right,0.9955034852027893
d_1008524.exr,right,0.9956209063529968
d_1008526.exr,right,0.9955804944038391
d_1008528.exr,right,0.9955635070800781
d_1008531.exr,right,0.9956041574478149
d_1008532.exr,right,0.9956156015396118
d_1008533.exr,right,0.995603084564209
d_1008534.exr,right,0.9956085085868835
d_1008536.exr,right,0.9956282377243042
d_1008538.exr,right,0.9955030083656311
d_1008540.exr,right,0.9956192374229431
d_1008541.exr,right,0.9956256151199341
d_1008543.exr,right,0.9949965476989746
d_1008545.exr,right,0.9945499300956726
d_1008546.exr,right,0.9956024885177612
d_1008547.exr,right,0.9956305027008057
d_1008548.exr,right,0.9956270456314087
d_1008549.exr,right,0.9956141710281372
d_1008551.exr,right,0.9956334233283997
d_1008552.exr,right,0.9956342577934265
d_1008554.exr,right,0.9956076741218567
d_1008556.exr,wrong,0.9942126870155334
d_1008557.exr,right,0.9956142902374268
d_1008559.exr,right,0.9956205487251282
d_1008561.exr,right,0.9956272840499878
d_1008562.exr,right,0.9956093430519104
d_1008563.exr,right,0.9956398010253906
d_1008565.exr,right,0.99562007188797
d_1008566.exr,right,0.9741836786270142
d_1008567.exr,right,0.9956170320510864
d_1008569.exr,right,0.9955930113792419
d_1008570.exr,right,0.9956158399581909
d_1008571.exr,right,0.9872497916221619
d_1008572.exr,right,0.9955944418907166
d_1008573.exr,right,0.9952967762947083
d_1008575.exr,right,0.9955812096595764
d_1008576.exr,right,0.9954586029052734
d_1008577.exr,right,0.9844222068786621
d_1008578.exr,right,0.9956356883049011
d_1008580.exr,right,0.9955333471298218
d_1008581.exr,right,0.995589017868042
d_1008582.exr,right,0.9956154823303223
d_1008583.exr,right,0.9927424192428589
d_1008587.exr,right,0.9934806823730469
d_1008588.exr,right,0.9956186413764954
d_1008591.exr,right,0.9954673051834106
d_1008592.exr,right,0.9956144094467163
d_1008593.exr,right,0.9956117272377014
d_1008594.exr,right,0.9956383109092712
d_1008595.exr,right,0.9955871105194092
d_1008596.exr,right,0.9956086277961731
d_1008597.exr,right,0.9947232007980347
d_1008598.exr,wrong,0.9758771657943726
d_1008601.exr,right,0.9955961108207703
d_1008602.exr,right,0.9956218600273132
d_1008608.exr,right,0.9956034421920776
d_1008609.exr,right,0.9956307411193848
d_1008610.exr,right,0.9956299066543579
d_1008611.exr,right,0.9956014156341553
d_1008612.exr,right,0.9956271648406982
d_1008613.exr,right,0.995621383190155
d_1008616.exr,right,0.9956172704696655
d_1008619.exr,right,0.9955883026123047
d_1008620.exr,right,0.9955801367759705
d_1008621.exr,right,0.9955761432647705
d_1008622.exr,right,0.9956268072128296
d_1008623.exr,right,0.9956319332122803
d_1008624.exr,right,0.9956151247024536
d_1008625.exr,right,0.9955894947052002
d_1008626.exr,right,0.9952455163002014
d_1008627.exr,right,0.9956324696540833
d_1008628.exr,right,0.9956129789352417
d_1008629.exr,right,0.9956306219100952
d_1008630.exr,right,0.9955612421035767
d_1008632.exr,right,0.9956028461456299
d_1008634.exr,right,0.9955567717552185
d_1008635.exr,right,0.9955499172210693
d_1008636.exr,right,0.9955694079399109
d_1008637.exr,right,0.995609700679779
d_1008638.exr,right,0.9956222176551819
d_1008640.exr,right,0.9956305027008057
d_1008642.exr,right,0.9956348538398743
d_1008643.exr,right,0.995631217956543
d_1008644.exr,right,0.9956293106079102
d_1008645.exr,right,0.9956181049346924
d_1008646.exr,right,0.9941762685775757
d_1008647.exr,wrong,0.9891207218170166
d_1008648.exr,right,0.9956366419792175
d_1008649.exr,right,0.9956026077270508
d_1008652.exr,right,0.9955772161483765
d_1008653.exr,right,0.9955577254295349
d_1008654.exr,wrong,0.9954190254211426
d_1008655.exr,right,0.9955524802207947
d_1008656.exr,right,0.9955893754959106
d_1008658.exr,right,0.9956183433532715
d_1008659.exr,right,0.9950195550918579
d_1008660.exr,right,0.9956210255622864
d_1008661.exr,right,0.9956132173538208
d_1008662.exr,right,0.995618999004364
d_1008663.exr,right,0.9956388473510742
d_1008666.exr,right,0.9956342577934265
d_1008667.exr,right,0.9952298402786255
d_1008668.exr,right,0.9956359267234802
d_1008669.exr,right,0.9956052899360657
d_1008670.exr,right,0.9956269264221191
d_1008673.exr,right,0.9955155253410339
d_1008674.exr,right,0.9956294298171997
d_1008676.exr,right,0.9956374764442444
d_1008677.exr,right,0.9956068396568298
d_1008678.exr,right,0.9956152439117432
d_1008681.exr,right,0.9956153631210327
d_1008682.exr,right,0.9956181049346924
d_1008684.exr,right,0.9939073920249939
d_1008685.exr,right,0.9956071972846985
d_1008686.exr,right,0.9891470670700073
d_1008687.exr,right,0.9883157014846802
d_1008688.exr,right,0.9956140518188477
d_1008689.exr,right,0.9950843453407288
d_1008690.exr,right,0.9955347776412964
d_1008691.exr,right,0.9956182241439819
d_1008693.exr,right,0.9956067204475403
d_1008696.exr,right,0.995568573474884
d_1008697.exr,right,0.995613694190979
d_1008698.exr,right,0.9956307411193848
d_1008699.exr,right,0.992396891117096
d_1008700.exr,right,0.9945283532142639
d_1008701.exr,right,0.9956236481666565
d_1008702.exr,right,0.9955323934555054
d_1008703.exr,right,0.9956108927726746
d_1008704.exr,right,0.9956392049789429
d_1008706.exr,right,0.9956048727035522
d_1008707.exr,wrong,0.9873073101043701
d_1008708.exr,right,0.9952216744422913
d_1008711.exr,right,0.9956088662147522
d_1008712.exr,wrong,0.5831485986709595
d_1008713.exr,right,0.9242765307426453
d_1008714.exr,right,0.9953446984291077
d_1008716.exr,right,0.995526134967804
d_1008717.exr,wrong,0.9944751858711243
d_1008719.exr,right,0.9956076741218567
d_1008720.exr,right,0.9956274032592773
d_1008721.exr,right,0.9955963492393494
d_1008722.exr,right,0.9956344962120056
d_1008723.exr,right,0.995594322681427
d_1008724.exr,right,0.9956336617469788
d_1008725.exr,right,0.9947583079338074
d_1008726.exr,right,0.9954190254211426
d_1008727.exr,right,0.9956021308898926
d_1008729.exr,right,0.9956108927726746
d_1008730.exr,right,0.995608389377594
d_1008731.exr,right,0.9956329464912415
d_1008732.exr,right,0.9955850839614868
d_1008733.exr,right,0.9955850839614868
d_1008734.exr,right,0.9956002235412598
d_1008738.exr,right,0.9956270456314087
d_1008741.exr,right,0.9956308603286743
d_1008743.exr,right,0.9956051707267761
d_1008744.exr,right,0.9956197142601013
d_1008746.exr,right,0.9955452680587769
d_1008747.exr,right,0.9954236149787903
d_1008748.exr,right,0.8229328393936157
d_1008749.exr,right,0.9954470992088318
d_1008750.exr,right,0.9955976605415344
d_1008751.exr,right,0.9942319989204407
d_1008752.exr,right,0.9956114888191223
d_1008753.exr,wrong,0.9939193725585938
d_1008754.exr,right,0.9955483675003052
d_1008755.exr,right,0.9956359267234802
d_1008756.exr,right,0.995635449886322
d_1008759.exr,right,0.9956133365631104
d_1008762.exr,right,0.995627760887146
d_1008763.exr,right,0.9956064820289612
d_1008764.exr,right,0.9956296682357788
d_1008765.exr,right,0.9945456981658936
d_1008766.exr,right,0.9956163167953491
d_1008771.exr,right,0.99562668800354
d_1008772.exr,right,0.9956260919570923
d_1008773.exr,right,0.9956093430519104
d_1008774.exr,right,0.9956272840499878
d_1008777.exr,wrong,0.9892767667770386
d_1008778.exr,right,0.9956167936325073
d_1008779.exr,right,0.9956058859825134
d_1008780.exr,right,0.9956315755844116
d_1008781.exr,right,0.9956125020980835
d_1008782.exr,right,0.9955768585205078
d_1008783.exr,right,0.995527446269989
d_1008784.exr,right,0.9956175088882446
d_1008786.exr,right,0.9942933320999146
d_1008788.exr,right,0.9956362843513489
d_1008789.exr,wrong,0.9955377578735352
d_1008790.exr,right,0.9956314563751221
d_1008793.exr,right,0.9956308603286743
d_1008794.exr,right,0.9947186708450317
d_1008795.exr,right,0.9956369996070862
d_1008796.exr,right,0.9956108927726746
d_1008798.exr,right,0.9955495595932007
d_1008800.exr,right,0.995636522769928
d_1008801.exr,right,0.9956076741218567
d_1008802.exr,right,0.9955571293830872
d_1008803.exr,right,0.9956129789352417
d_1008804.exr,right,0.9955042004585266
d_1008806.exr,right,0.9956187605857849
d_1008807.exr,right,0.9956275224685669
d_1008808.exr,right,0.9914835095405579
d_1008810.exr,right,0.9955968260765076
d_1008812.exr,right,0.9955766201019287
d_1008815.exr,right,0.9956152439117432
d_1008816.exr,right,0.9954788684844971
d_1008817.exr,right,0.9956324696540833
d_1008819.exr,right,0.9956316947937012
d_1008820.exr,right,0.9955831170082092
d_1008821.exr,right,0.9956347346305847
d_1008823.exr,right,0.9956163167953491
d_1008825.exr,right,0.9955936074256897
d_1008826.exr,right,0.9955828785896301
d_1008827.exr,right,0.9955968260765076
d_1008828.exr,right,0.9956278800964355
d_1008829.exr,right,0.9955989122390747
d_1008830.exr,right,0.9956204295158386
d_1008831.exr,right,0.9956102967262268
d_1008833.exr,right,0.9956339001655579
d_1008834.exr,right,0.9956177473068237
d_1008835.exr,right,0.9850555658340454
d_1008836.exr,right,0.9956100583076477
d_1008838.exr,wrong,0.9922339916229248
d_1008840.exr,right,0.995624840259552
d_1008841.exr,right,0.9955924153327942
d_1008842.exr,right,0.9872159361839294
d_1008845.exr,right,0.9955335855484009
d_1008847.exr,right,0.9955188035964966
d_1008849.exr,right,0.9956183433532715
d_1008850.exr,right,0.9956193566322327
d_1008851.exr,right,0.9955776929855347
d_1008853.exr,right,0.9956157207489014
d_1008854.exr,right,0.9955974221229553
d_1008855.exr,right,0.9955796599388123
d_1008856.exr,right,0.9956309795379639
d_1008858.exr,right,0.9956333041191101
d_1008859.exr,right,0.9956309795379639
d_1008860.exr,right,0.9956182241439819
d_1008861.exr,right,0.9956112504005432
d_1008862.exr,right,0.9955737590789795
d_1008863.exr,right,0.9954877495765686
d_1008864.exr,right,0.9939785003662109
d_1008868.exr,right,0.9955547451972961
d_1008870.exr,right,0.9953733086585999
d_1008871.exr,right,0.9956269264221191
d_1008872.exr,right,0.9956270456314087
d_1008873.exr,right,0.9956211447715759
d_1008874.exr,wrong,0.994239330291748
d_1008875.exr,right,0.995556652545929
d_1008876.exr,right,0.995625376701355
d_1008877.exr,right,0.9951710104942322
d_1008878.exr,wrong,0.9936823844909668
d_1008879.exr,right,0.9956226944923401
d_1008880.exr,right,0.9956228137016296
d_1008881.exr,right,0.9954333901405334
d_1008882.exr,right,0.9948254823684692
d_1008883.exr,right,0.9956035614013672
d_1008884.exr,wrong,0.99407958984375
d_1008885.exr,right,0.9956217408180237
d_1008887.exr,right,0.9956067204475403
d_1008888.exr,right,0.9955011010169983
d_1008889.exr,right,0.9955354928970337
d_1008890.exr,right,0.9950054287910461
d_1008892.exr,wrong,0.787155032157898
d_1008893.exr,wrong,0.9946867227554321
d_1008894.exr,right,0.9956193566322327
d_1008896.exr,right,0.9956346154212952
d_1008897.exr,right,0.9956322312355042
d_1008899.exr,right,0.9955908060073853
d_1008900.exr,right,0.9956074357032776
d_1008901.exr,right,0.9956128597259521
d_1008902.exr,right,0.9956344962120056
d_1008903.exr,right,0.9955997467041016
d_1008904.exr,wrong,0.9956932663917542
d_1008905.exr,right,0.9927927255630493
d_1008906.exr,right,0.9956068396568298
d_1008907.exr,right,0.9955827593803406
d_1008908.exr,right,0.9956152439117432
d_1008911.exr,right,0.9956364035606384
d_1008913.exr,right,0.9953193068504333
d_1008915.exr,right,0.9955820441246033
d_1008916.exr,right,0.9956299066543579
d_1008918.exr,right,0.9805667400360107
d_1008919.exr,right,0.9953416585922241
d_1008920.exr,right,0.9956334233283997
d_1008923.exr,right,0.9956070780754089
d_1008924.exr,right,0.995598316192627
d_1008925.exr,right,0.994906485080719
d_1008927.exr,right,0.9956249594688416
d_1008928.exr,right,0.9956110119819641
d_1008930.exr,wrong,0.9956954717636108
d_1008931.exr,right,0.9918497800827026
d_1008933.exr,right,0.995617151260376
d_1008934.exr,right,0.9873542189598083
d_1008935.exr,right,0.9956022500991821
d_1008936.exr,right,0.9941733479499817
d_1008937.exr,right,0.9956183433532715
d_1008938.exr,right,0.9875227808952332
d_1008940.exr,right,0.9956240057945251
d_1008941.exr,right,0.9956186413764954
d_1008942.exr,right,0.9953870177268982
d_1008945.exr,right,0.9956212639808655
d_1008946.exr,right,0.9956269264221191
d_1008948.exr,right,0.9956154823303223
d_1008951.exr,right,0.9955920577049255
d_1008953.exr,right,0.9956110119819641
d_1008954.exr,right,0.9954890608787537
d_1008956.exr,right,0.995608389377594
d_1008957.exr,wrong,0.9953219294548035
d_1008958.exr,wrong,0.9956834316253662
d_1008959.exr,right,0.995559573173523
d_1008960.exr,right,0.9956254959106445
d_1008961.exr,right,0.9956100583076477
d_1008963.exr,right,0.9956386685371399
d_1008964.exr,right,0.9956340193748474
d_1008965.exr,right,0.995414137840271
d_1008966.exr,right,0.9956374764442444
d_1008967.exr,right,0.9953855872154236
d_1008968.exr,right,0.9956223368644714
d_1008970.exr,right,0.9956349730491638
d_1008971.exr,right,0.9955344200134277
d_1008973.exr,right,0.995634138584137
d_1008974.exr,right,0.9952539205551147
d_1008976.exr,right,0.9952360987663269
d_1008977.exr,right,0.9956268072128296
d_1008978.exr,wrong,0.9956858158111572
d_1008980.exr,right,0.9955952763557434
d_1008981.exr,right,0.9956117868423462
d_1008982.exr,right,0.9956130981445312
d_1008984.exr,wrong,0.9957239627838135
d_1008985.exr,right,0.9955704808235168
d_1008986.exr,right,0.9956158399581909
d_1008988.exr,right,0.9956315755844116
d_1008989.exr,right,0.9956352114677429
d_1008991.exr,right,0.9955910444259644
d_1008992.exr,right,0.9956367611885071
d_1008993.exr,right,0.9956278800964355
d_1008994.exr,right,0.9956316947937012
d_1008996.exr,right,0.9956086277961731
d_1008997.exr,right,0.9954777359962463
d_1008998.exr,right,0.9956299066543579
d_1009001.exr,wrong,0.9936886429786682
d_1009004.exr,right,0.9938721656799316
d_1009007.exr,right,0.9956046342849731
d_1009008.exr,right,0.9950876832008362
d_1009009.exr,right,0.9955226182937622
d_1009011.exr,right,0.9956205487251282
d_1009014.exr,wrong,0.9942706823348999
d_1009015.exr,right,0.9956305027008057
d_1009016.exr,right,0.9956201910972595
d_1009018.exr,right,0.9956216216087341
d_1009019.exr,right,0.9956306219100952
d_1009021.exr,wrong,0.9947053790092468
d_1009022.exr,right,0.9956199526786804
d_1009023.exr,right,0.995630145072937
d_1009025.exr,right,0.9956209063529968
d_1009026.exr,right,0.9956258535385132
d_1009028.exr,right,0.9956191182136536
d_1009029.exr,right,0.9955949187278748
d_1009030.exr,right,0.9955155253410339
d_1009031.exr,right,0.9956276416778564
d_1009033.exr,right,0.9956051707267761
d_1009034.exr,right,0.9956193566322327
d_1009036.exr,wrong,0.9942446351051331
d_1009037.exr,right,0.9956002235412598
d_1009038.exr,right,0.9955625534057617
d_1009040.exr,right,0.9944381713867188
d_1009041.exr,right,0.9956015348434448
d_1009043.exr,right,0.995633065700531
d_1009046.exr,right,0.9956108927726746
d_1009047.exr,right,0.9956327080726624
d_1009048.exr,right,0.9956335425376892
d_1009049.exr,right,0.9948574304580688
d_1009050.exr,right,0.9956164360046387
d_1009051.exr,right,0.9956081509590149
d_1009053.exr,right,0.9956272840499878
d_1009055.exr,right,0.9955920577049255
d_1009056.exr,right,0.9956246018409729
d_1009057.exr,right,0.9956041574478149
d_1009058.exr,right,0.9955405592918396
d_1009059.exr,right,0.9955755472183228
d_1009061.exr,right,0.9956230521202087
d_1009062.exr,right,0.9955947995185852
d_1009064.exr,right,0.9955014586448669
d_1009065.exr,right,0.9955012202262878
d_1009066.exr,right,0.9951168298721313
d_1009068.exr,right,0.995635449886322
d_1009069.exr,right,0.995608389377594
d_1009071.exr,right,0.9956316947937012
d_1009073.exr,right,0.9951573014259338
d_1009074.exr,right,0.9955950379371643
d_1009075.exr,right,0.9955188035964966
d_1009078.exr,right,0.9955525994300842
d_1009079.exr,right,0.9934938549995422
d_1009080.exr,right,0.9956360459327698
d_1009081.exr,right,0.995629072189331
d_1009082.exr,right,0.9956140518188477
d_1009083.exr,right,0.9956362843513489
d_1009084.exr,right,0.9956300258636475
d_1009086.exr,right,0.9956076741218567
d_1009088.exr,right,0.9953728318214417
d_1009090.exr,right,0.9956364035606384
d_1009091.exr,right,0.9955976605415344
d_1009092.exr,right,0.9956117272377014
d_1009096.exr,right,0.9956057667732239
d_1009097.exr,right,0.9955908060073853
d_1009099.exr,wrong,0.9957194924354553
d_1009101.exr,right,0.9956108927726746
d_1009102.exr,right,0.9956287145614624
d_1009104.exr,right,0.9956289529800415
d_1009106.exr,right,0.9956361651420593
d_1009107.exr,right,0.9956179857254028
d_1009108.exr,right,0.995389461517334
d_1009109.exr,right,0.9955779314041138
d_1009114.exr,right,0.9953769445419312
d_1009117.exr,right,0.9956232905387878
d_1009118.exr,right,0.9956356883049011
d_1009119.exr,right,0.9956064820289612
d_1009121.exr,right,0.9946409463882446
d_1009122.exr,right,0.9955888986587524
d_1009123.exr,right,0.9956234097480774
d_1009125.exr,right,0.9956176280975342
d_1009127.exr,right,0.9956142902374268
d_1009128.exr,right,0.9956258535385132
d_1009129.exr,right,0.9956254959106445
d_1009132.exr,right,0.99561607837677
d_1009134.exr,right,0.9955949187278748
d_1009136.exr,right,0.9955452680587769
d_1009138.exr,right,0.9947038292884827
d_1009140.exr,wrong,0.9900715351104736
d_1009141.exr,right,0.9956276416778564
d_1009143.exr,right,0.9956219792366028
d_1009144.exr,right,0.995622456073761
d_1009146.exr,right,0.9956222176551819
d_1009148.exr,right,0.9955614805221558
d_1009150.exr,right,0.9956264495849609
d_1009151.exr,right,0.9953867793083191
d_1009152.exr,right,0.9956320524215698
d_1009153.exr,right,0.9955810904502869
d_1009154.exr,right,0.9956235289573669
d_1009155.exr,right,0.9947060942649841
d_1009156.exr,right,0.9954727292060852
d_1009157.exr,right,0.9956156015396118
d_1009158.exr,right,0.9955917000770569
d_1009160.exr,right,0.9955032467842102
d_1009161.exr,right,0.9956099390983582
d_1009163.exr,right,0.9955850839614868
d_1009165.exr,right,0.9952908754348755
d_1009166.exr,wrong,0.9894514679908752
d_1009167.exr,right,0.9956064820289612
d_1009168.exr,right,0.9953635931015015
d_1009169.exr,right,0.9944120049476624
d_1009172.exr,right,0.995630145072937
d_1009174.exr,right,0.9956260919570923
d_1009175.exr,right,0.9956231713294983
d_1009177.exr,right,0.9956185221672058
d_1009178.exr,wrong,0.9955594539642334
d_1009179.exr,right,0.9955736398696899
d_1009180.exr,right,0.9955991506576538
d_1009181.exr,right,0.9956114888191223
d_1009182.exr,right,0.9956114888191223
d_1009184.exr,right,0.9956062436103821
d_1009186.exr,right,0.9955394864082336
d_1009187.exr,right,0.9955809712409973
d_1009188.exr,right,0.9956169128417969
d_1009191.exr,right,0.995581328868866
d_1009192.exr,right,0.9956220984458923
d_1009194.exr,right,0.995612382888794
d_1009196.exr,wrong,0.9950013756752014
d_1009197.exr,right,0.9922404289245605
d_1009198.exr,right,0.9956322312355042
d_1009199.exr,right,0.9956268072128296
d_1009200.exr,right,0.9956225752830505
d_1009202.exr,right,0.9956264495849609
d_1009203.exr,right,0.995550274848938
d_1009204.exr,right,0.9956347346305847
d_1009205.exr,right,0.9955193996429443
d_1009206.exr,right,0.9955897331237793
d_1009207.exr,right,0.9955849647521973
d_1009209.exr,right,0.9955774545669556
d_1009210.exr,right,0.9956210255622864
d_1009211.exr,right,0.9956211447715759
d_1009213.exr,right,0.9956256151199341
d_1009215.exr,right,0.9956299066543579
d_1009216.exr,right,0.9956389665603638
d_1009217.exr,right,0.9955998659133911
d_1009218.exr,right,0.9956117272377014
d_1009219.exr,wrong,0.9957185387611389
d_1009221.exr,right,0.9956216216087341
d_1009222.exr,right,0.9865206480026245
d_1009223.exr,right,0.9955659508705139
d_1009224.exr,right,0.9956157207489014
d_1009226.exr,right,0.9956004619598389
d_1009227.exr,right,0.9956165552139282
d_1009228.exr,right,0.9956122636795044
d_1009229.exr,right,0.9956295490264893
d_1009230.exr,right,0.995158851146698
d_1009233.exr,right,0.9956169128417969
d_1009234.exr,right,0.9956260919570923
d_1009235.exr,right,0.9956278800964355
d_1009236.exr,right,0.9955973029136658
d_1009237.exr,right,0.995631217956543
d_1009240.exr,right,0.9956219792366028
d_1009242.exr,right,0.9956223368644714
d_1009246.exr,right,0.9955873489379883
d_1009247.exr,right,0.9956183433532715
d_1009248.exr,right,0.9954806566238403
d_1009250.exr,wrong,0.9948976635932922
d_1009251.exr,right,0.995511531829834
d_1009253.exr,right,0.9901211261749268
d_1009254.exr,wrong,0.995717465877533
d_1009255.exr,right,0.9956158399581909
d_1009256.exr,right,0.9956251978874207
d_1009257.exr,right,0.9956318140029907
d_1009258.exr,right,0.9956251978874207
d_1009259.exr,right,0.9956375956535339
d_1009260.exr,right,0.9956166744232178
d_1009261.exr,right,0.9956164360046387
d_1009263.exr,right,0.9942892789840698
d_1009264.exr,right,0.9956306219100952
d_1009265.exr,right,0.9790145754814148
d_1009268.exr,right,0.9925034046173096
d_1009269.exr,right,0.9956334233283997
d_1009271.exr,right,0.6601132154464722
d_1009272.exr,right,0.9955748319625854
d_1009273.exr,right,0.9956240057945251
d_1009275.exr,wrong,0.994232714176178
d_1009276.exr,right,0.9956101775169373
d_1009277.exr,wrong,0.9950396418571472
d_1009278.exr,right,0.9954410791397095
d_1009279.exr,right,0.9956216216087341
d_1009281.exr,right,0.9954319000244141
d_1009283.exr,right,0.9943654537200928
d_1009284.exr,right,0.9955955147743225
d_1009285.exr,right,0.995610773563385
d_1009286.exr,right,0.9955995082855225
d_1009288.exr,right,0.9956106543540955
d_1009289.exr,right,0.9956185221672058
d_1009290.exr,wrong,0.9954267144203186
d_1009292.exr,right,0.9956217408180237
d_1009293.exr,right,0.9955347776412964
d_1009294.exr,right,0.9956262111663818
d_1009298.exr,right,0.995607316493988
d_1009299.exr,right,0.9953821301460266
d_1009300.exr,right,0.9956241250038147
d_1009301.exr,right,0.9955812096595764
d_1009302.exr,right,0.9956232905387878
d_1009303.exr,right,0.9956105351448059
d_1009305.exr,right,0.9956186413764954
d_1009307.exr,right,0.9956282377243042
d_1009308.exr,wrong,0.9738065004348755
d_1009309.exr,right,0.9956135749816895
d_1009310.exr,right,0.9955641031265259
d_1009311.exr,wrong,0.9936315417289734
d_1009312.exr,right,0.9956226944923401
d_1009313.exr,right,0.9956236481666565
d_1009315.exr,right,0.9956325888633728
d_1009316.exr,right,0.9956218600273132
d_1009317.exr,right,0.9956361651420593
d_1009318.exr,wrong,0.9941984415054321
d_1009319.exr,right,0.9955695271492004
d_1009321.exr,right,0.9956212639808655
d_1009322.exr,right,0.99561607837677
d_1009323.exr,right,0.9955568909645081
d_1009324.exr,right,0.9956320524215698
d_1009326.exr,wrong,0.9953291416168213
d_1009328.exr,right,0.9956287145614624
d_1009329.exr,wrong,0.9947828650474548
d_1009331.exr,right,0.995630145072937
d_1009333.exr,right,0.9956170320510864
d_1009334.exr,right,0.9956264495849609
d_1009336.exr,right,0.9956010580062866
d_1009338.exr,right,0.9956349730491638
d_1009339.exr,right,0.9956246018409729
d_1009340.exr,right,0.9956250786781311
d_1009342.exr,right,0.9956367611885071
d_1009343.exr,right,0.9955936074256897
d_1009344.exr,right,0.9956099390983582
d_1009346.exr,right,0.9956079125404358
d_1009347.exr,right,0.9956263303756714
d_1009350.exr,right,0.9955487251281738
d_1009351.exr,right,0.9951723217964172
d_1009352.exr,right,0.9956366419792175
d_1009353.exr,wrong,0.9952785968780518
d_1009354.exr,right,0.9952200055122375
d_1009355.exr,right,0.9955382943153381
d_1009356.exr,right,0.9956235289573669
d_1009357.exr,right,0.9955767393112183
d_1009358.exr,right,0.9956067204475403
d_1009359.exr,right,0.995466947555542
d_1009360.exr,right,0.9953383207321167
d_1009361.exr,wrong,0.9956167936325073
d_1009362.exr,right,0.9956206679344177
d_1009364.exr,right,0.9956035614013672
d_1009366.exr,right,0.995624840259552
d_1009368.exr,right,0.9955946803092957
d_1009369.exr,right,0.9956269264221191
d_1009371.exr,right,0.9956153631210327
d_1009372.exr,right,0.9956299066543579
d_1009373.exr,right,0.9955922961235046
d_1009375.exr,right,0.9945603013038635
d_1009376.exr,right,0.9954480528831482
d_1009377.exr,right,0.9956343770027161
d_1009378.exr,right,0.995145857334137
d_1009379.exr,right,0.9956367611885071
d_1009380.exr,right,0.9956015348434448
d_1009381.exr,right,0.9954848289489746
d_1009382.exr,right,0.9956297874450684
d_1009383.exr,right,0.995208203792572
d_1009384.exr,right,0.9955066442489624
d_1009385.exr,right,0.9955938458442688
d_1009386.exr,right,0.9954761862754822
d_1009387.exr,right,0.995608389377594
d_1009388.exr,right,0.9699636101722717
d_1009389.exr,right,0.9956250786781311
d_1009391.exr,right,0.9956364035606384
d_1009393.exr,right,0.9955755472183228
d_1009394.exr,right,0.9955427050590515
d_1009397.exr,right,0.9956075549125671
d_1009398.exr,right,0.9956260919570923
d_1009399.exr,right,0.9956375956535339
d_1009400.exr,right,0.9956152439117432
d_1009402.exr,right,0.9956247210502625
d_1009403.exr,right,0.9956114888191223
d_1009404.exr,right,0.9956111311912537
d_1009405.exr,right,0.9955894947052002
d_1009406.exr,right,0.99561607837677
d_1009407.exr,right,0.9954943656921387
d_1009408.exr,right,0.9953646659851074
d_1009409.exr,right,0.9953828454017639
d_1009410.exr,wrong,0.9950675964355469
d_1009411.exr,right,0.9956156015396118
d_1009412.exr,right,0.995564877986908
d_1009413.exr,wrong,0.9957072138786316
d_1009414.exr,right,0.9956324696540833
d_1009416.exr,right,0.9956040382385254
d_1009417.exr,right,0.9956386685371399
d_1009418.exr,right,0.9955887794494629
d_1009419.exr,right,0.9956337809562683
d_1009421.exr,right,0.9955859184265137
d_1009423.exr,right,0.9955443739891052
d_1009424.exr,right,0.9956307411193848
d_1009425.exr,right,0.9956170320510864
d_1009426.exr,right,0.8194196820259094
d_1009427.exr,right,0.995594322681427
d_1009429.exr,right,0.9956392049789429
d_1009430.exr,right,0.9953113198280334
d_1009431.exr,right,0.995618462562561
d_1009432.exr,right,0.9956051707267761
d_1009434.exr,right,0.9955607652664185
d_1009436.exr,wrong,0.9952281713485718
d_1009437.exr,right,0.9956191182136536
d_1009438.exr,right,0.9955863952636719
d_1009439.exr,right,0.9956231713294983
d_1009440.exr,right,0.9956093430519104
d_1009443.exr,right,0.9956230521202087
d_1009444.exr,right,0.9940040707588196
d_1009446.exr,right,0.9956032037734985
d_1009447.exr,right,0.9956056475639343
d_1009450.exr,right,0.9956169128417969
d_1009452.exr,right,0.9956199526786804
d_1009453.exr,right,0.9955999851226807
d_1009454.exr,right,0.995609700679779
d_1009455.exr,right,0.9956271648406982
d_1009456.exr,right,0.9953226447105408
d_1009458.exr,right,0.9955427050590515
d_1009459.exr,right,0.9956042766571045
d_1009461.exr,right,0.995622456073761
d_1009462.exr,right,0.9955785870552063
d_1009463.exr,right,0.995621383190155
d_1009464.exr,right,0.9956246018409729
d_1009465.exr,right,0.9956348538398743
d_1009466.exr,right,0.9955329895019531
d_1009467.exr,right,0.9956085085868835
d_1009468.exr,right,0.9949396848678589
d_1009469.exr,right,0.9956165552139282
d_1009471.exr,right,0.9955689311027527
d_1009472.exr,right,0.995590329170227
d_1009474.exr,right,0.9956032037734985
d_1009475.exr,right,0.9956134557723999
d_1009477.exr,right,0.9956056475639343
d_1009479.exr,right,0.9956387877464294
d_1009480.exr,right,0.9956063628196716
d_1009483.exr,wrong,0.8658113479614258
d_1009484.exr,right,0.9956110119819641
d_1009486.exr,wrong,0.9955896139144897
d_1009487.exr,right,0.9955549836158752
d_1009488.exr,right,0.9956297874450684
d_1009489.exr,right,0.994823694229126
d_1009491.exr,right,0.9956309795379639
d_1009492.exr,right,0.9955957531929016
d_1009493.exr,right,0.9956366419792175
d_1009498.exr,right,0.9956246018409729
d_1009499.exr,right,0.9955934882164001
d_1009500.exr,right,0.9956210255622864
d_1009502.exr,right,0.9950630068778992
d_1009503.exr,right,0.9954801797866821
d_1009504.exr,wrong,0.9950929880142212
d_1009505.exr,right,0.9956027269363403
d_1009506.exr,right,0.995618999004364
d_1009507.exr,right,0.9956309795379639
d_1009509.exr,right,0.9956088662147522
d_1009510.exr,right,0.9956169128417969
d_1009511.exr,right,0.9955530762672424
d_1009512.exr,right,0.9955976605415344
d_1009513.exr,right,0.9956187605857849
d_1009517.exr,right,0.9956321120262146
d_1009518.exr,right,0.9956310987472534
d_1009519.exr,wrong,0.9921754002571106
d_1009525.exr,right,0.99562007188797
d_1009527.exr,right,0.9956023693084717
d_1009528.exr,right,0.9956342577934265
d_1009529.exr,right,0.9956229329109192
d_1009530.exr,right,0.9956216216087341
d_1009532.exr,right,0.9956105351448059
d_1009533.exr,right,0.9954239726066589
d_1009534.exr,right,0.9956092238426208
d_1009536.exr,wrong,0.9905136823654175
d_1009538.exr,right,0.995636522769928
d_1009539.exr,right,0.995629072189331
d_1009540.exr,right,0.9956299066543579
d_1009542.exr,right,0.9956121444702148
d_1009544.exr,right,0.9956048727035522
d_1009547.exr,right,0.995153546333313
d_1009549.exr,right,0.9955992698669434
d_1009550.exr,right,0.9956009387969971
d_1009551.exr,right,0.9956076741218567
d_1009552.exr,right,0.9956181049346924
d_1009553.exr,right,0.9954955577850342
d_1009554.exr,right,0.995625376701355
d_1009555.exr,right,0.9955915212631226
d_1009557.exr,right,0.9956252574920654
d_1009558.exr,right,0.9954674243927002
d_1009559.exr,right,0.9956209063529968
d_1009561.exr,right,0.9954938888549805
d_1009562.exr,right,0.995579183101654
d_1009563.exr,right,0.9956270456314087
d_1009564.exr,right,0.9956217408180237
d_1009565.exr,right,0.9956057667732239
d_1009566.exr,right,0.9941179752349854
d_1009568.exr,right,0.995612621307373
d_1009571.exr,right,0.9956259727478027
d_1009575.exr,right,0.9956321120262146
d_1009577.exr,wrong,0.995722770690918
d_1009578.exr,right,0.9956198334693909
d_1009579.exr,right,0.9956198334693909
d_1009580.exr,right,0.9956305027008057
d_1009583.exr,right,0.995590329170227
d_1009584.exr,right,0.9956187605857849
d_1009585.exr,right,0.99535071849823
d_1009586.exr,right,0.9954076409339905
d_1009590.exr,right,0.9956204295158386
d_1009591.exr,right,0.9955970644950867
d_1009593.exr,right,0.9956324696540833
d_1009594.exr,right,0.995535135269165
d_1009596.exr,right,0.9956231713294983
d_1009597.exr,right,0.9955516457557678
d_1009598.exr,right,0.9956278800964355
d_1009599.exr,right,0.9956254959106445
d_1009600.exr,right,0.9956001043319702
d_1009602.exr,right,0.9955854415893555
d_1009605.exr,right,0.9956105351448059
d_1009607.exr,right,0.9914883375167847
d_1009608.exr,right,0.9954979419708252
d_1009609.exr,right,0.9954841136932373
d_1009610.exr,wrong,0.7253787517547607
d_1009611.exr,wrong,0.9951364398002625
d_1009612.exr,right,0.9956251978874207
d_1009614.exr,right,0.995613694190979
d_1009615.exr,right,0.9956164360046387
d_1009616.exr,right,0.9956024885177612
d_1009618.exr,right,0.9955673813819885
d_1009619.exr,right,0.9955930113792419
d_1009622.exr,right,0.9956300258636475
d_1009623.exr,right,0.9956342577934265
d_1009624.exr,right,0.9955289959907532
d_1009626.exr,right,0.9956333041191101
d_1009627.exr,right,0.9956249594688416
d_1009628.exr,right,0.9956194758415222
d_1009629.exr,right,0.9955729246139526
d_1009630.exr,right,0.9956182241439819
d_1009631.exr,right,0.9869911074638367
d_1009632.exr,right,0.9956313371658325
d_1009633.exr,right,0.9956324696540833
d_1009634.exr,right,0.9956113696098328
d_1009635.exr,right,0.9956203103065491
d_1009636.exr,right,0.9956308603286743
d_1009637.exr,right,0.9956252574920654
d_1009638.exr,right,0.9947909116744995
d_1009639.exr,right,0.9956291913986206
d_1009640.exr,right,0.9918171763420105
d_1009641.exr,right,0.9955145716667175
d_1009642.exr,right,0.995604395866394
d_1009644.exr,right,0.9956033229827881
d_1009647.exr,right,0.995439350605011
d_1009648.exr,right,0.9938894510269165
d_1009650.exr,right,0.9956232905387878
d_1009651.exr,right,0.995617151260376
d_1009654.exr,right,0.9956197142601013
d_1009655.exr,right,0.9956014156341553
d_1009659.exr,right,0.9956216216087341
d_1009660.exr,right,0.9955639839172363
d_1009661.exr,right,0.9956295490264893
d_1009664.exr,right,0.9956220984458923
d_1009665.exr,right,0.9956223368644714
d_1009666.exr,right,0.9955951571464539
d_1009668.exr,right,0.9955964684486389
d_1009669.exr,right,0.9955950379371643
d_1009671.exr,right,0.9956024885177612
d_1009673.exr,right,0.9956181049346924
d_1009676.exr,right,0.9956324696540833
d_1009677.exr,right,0.9955915808677673
d_1009678.exr,right,0.9956307411193848
d_1009680.exr,right,0.9928138852119446
d_1009683.exr,right,0.9956133365631104
d_1009685.exr,right,0.9538928270339966
d_1009686.exr,right,0.9956276416778564
d_1009688.exr,right,0.9956028461456299
d_1009689.exr,right,0.9956231713294983
d_1009691.exr,right,0.9956046342849731
d_1009693.exr,right,0.9956265687942505
d_1009694.exr,right,0.9951034784317017
d_1009696.exr,right,0.9956203103065491
d_1009697.exr,right,0.995634138584137
d_1009698.exr,right,0.9956120252609253
d_1009699.exr,right,0.9956088662147522
d_1009700.exr,right,0.9956008195877075
d_1009701.exr,right,0.9956344962120056
d_1009703.exr,right,0.9949532151222229
d_1009704.exr,right,0.9955824017524719
d_1009705.exr,right,0.9956139326095581
d_1009706.exr,right,0.9955978989601135
d_1009707.exr,right,0.9801576733589172
d_1009708.exr,right,0.9869749546051025
d_1009709.exr,right,0.9947939515113831
d_1009713.exr,right,0.9956132173538208
d_1009714.exr,right,0.9956369996070862
d_1009715.exr,right,0.9955700039863586
d_1009716.exr,right,0.9956101775169373
d_1009717.exr,right,0.9956324696540833
d_1009721.exr,right,0.9956061244010925
d_1009722.exr,right,0.9956295490264893
d_1009723.exr,right,0.9950174689292908
d_1009724.exr,right,0.9956249594688416
d_1009727.exr,right,0.9955671429634094
d_1009728.exr,wrong,0.994731068611145
d_1009729.exr,right,0.9956264495849609
d_1009730.exr,right,0.9955852031707764
d_1009731.exr,right,0.995608389377594
d_1009732.exr,right,0.9837770462036133
d_1009733.exr,right,0.9955627918243408
d_1009736.exr,right,0.9956232905387878
d_1009738.exr,right,0.9956230521202087
d_1009740.exr,right,0.9940497875213623
d_1009741.exr,right,0.99562007188797
d_1009743.exr,right,0.9956315755844116
d_1009744.exr,right,0.9956187605857849
d_1009747.exr,right,0.9955905675888062
d_1009748.exr,right,0.9956081509590149
d_1009749.exr,right,0.9956279993057251
d_1009750.exr,right,0.995599627494812
d_1009751.exr,right,0.995633065700531
d_1009752.exr,right,0.9956339001655579
d_1009753.exr,right,0.9955820441246033
d_1009754.exr,right,0.9938974976539612
d_1009756.exr,right,0.9955514073371887
d_1009757.exr,right,0.9945376515388489
d_1009758.exr,right,0.9955820441246033
d_1009759.exr,right,0.9956197142601013
d_1009762.exr,right,0.9954871535301208
d_1009763.exr,right,0.9955841898918152
d_1009765.exr,right,0.9956163167953491
d_1009766.exr,right,0.9334689974784851
d_1009768.exr,right,0.9956258535385132
d_1009769.exr,right,0.9956191182136536
d_1009773.exr,right,0.9955075979232788
d_1009774.exr,right,0.9955920577049255
d_1009776.exr,right,0.9956029653549194
d_1009777.exr,right,0.9955571293830872
d_1009778.exr,right,0.9956066012382507
d_1009779.exr,right,0.9955475330352783
d_1009780.exr,wrong,0.9951667785644531
d_1009781.exr,right,0.9956172704696655
d_1009782.exr,right,0.9955666661262512
d_1009783.exr,right,0.9956125020980835
d_1009784.exr,right,0.9955999851226807
d_1009785.exr,right,0.9946105480194092
d_1009787.exr,right,0.9956186413764954
d_1009788.exr,right,0.9937788844108582
d_1009789.exr,right,0.9956082701683044
d_1009790.exr,right,0.9956207871437073
d_1009791.exr,right,0.9956024885177612
d_1009792.exr,wrong,0.9945013523101807
d_1009793.exr,right,0.9955269694328308
d_1009796.exr,right,0.9955741167068481
d_1009797.exr,right,0.9956300258636475
d_1009799.exr,right,0.995612621307373
d_1009802.exr,right,0.9955992698669434
d_1009803.exr,right,0.9956144094467163
d_1009806.exr,right,0.9956027269363403
d_1009807.exr,right,0.9956127405166626
d_1009808.exr,right,0.9948753714561462
d_1009809.exr,right,0.9955910444259644
d_1009810.exr,right,0.9955669045448303
d_1009811.exr,right,0.9954538345336914
d_1009812.exr,right,0.9951276779174805
d_1009814.exr,right,0.9956151247024536
d_1009815.exr,right,0.9956080317497253
d_1009816.exr,right,0.9956018924713135
d_1009817.exr,right,0.980899453163147
d_1009819.exr,right,0.9955756664276123
d_1009821.exr,wrong,0.9946838021278381
d_1009824.exr,right,0.9956106543540955
d_1009826.exr,right,0.9956220984458923
d_1009827.exr,right,0.995606005191803
d_1009828.exr,right,0.995631217956543
d_1009829.exr,right,0.9955965876579285
d_1009830.exr,right,0.995630145072937
d_1009831.exr,right,0.9956275224685669
d_1009832.exr,right,0.9953307509422302
d_1009833.exr,right,0.9956344962120056
d_1009834.exr,right,0.9948587417602539
d_1009836.exr,right,0.9956165552139282
d_1009837.exr,right,0.9956192374229431
d_1009839.exr,right,0.995617151260376
d_1009840.exr,right,0.9956197142601013
d_1009842.exr,right,0.8337094783782959
d_1009843.exr,right,0.9956106543540955
d_1009846.exr,right,0.9955961108207703
d_1009847.exr,right,0.9955840706825256
d_1009848.exr,right,0.9956321120262146
d_1009849.exr,right,0.995486319065094
d_1009850.exr,right,0.995618462562561
d_1009851.exr,right,0.9956316947937012
d_1009852.exr,right,0.9956222176551819
d_1009853.exr,right,0.9956193566322327
d_1009854.exr,right,0.9955719709396362
d_1009856.exr,right,0.9956194758415222
d_1009857.exr,right,0.9956154823303223
d_1009858.exr,right,0.9955910444259644
d_1009859.exr,right,0.9956178665161133
d_1009860.exr,right,0.9955884218215942
d_1009861.exr,right,0.9955844283103943
d_1009862.exr,wrong,0.9942960143089294
d_1009863.exr,wrong,0.9915423393249512
d_1009864.exr,right,0.9956040382385254
d_1009865.exr,wrong,0.9870122075080872
d_1009866.exr,right,0.9956009387969971
d_1009867.exr,right,0.9954207539558411
d_1009868.exr,right,0.995623767375946
d_1009869.exr,right,0.9955268502235413
d_1009871.exr,right,0.995595395565033
d_1009872.exr,right,0.9956327080726624
d_1009874.exr,right,0.9950792789459229
d_1009875.exr,right,0.9956141710281372
d_1009877.exr,right,0.9955019354820251
d_1009878.exr,right,0.9956210255622864
d_1009880.exr,right,0.9956308603286743
d_1009887.exr,wrong,0.9913499355316162
d_1009888.exr,right,0.9955522418022156
d_1009889.exr,right,0.9956173896789551
d_1009890.exr,wrong,0.9924153685569763
d_1009891.exr,right,0.9956247210502625
d_1009892.exr,right,0.9956185221672058
d_1009896.exr,right,0.9954908490180969
d_1009897.exr,right,0.9956262111663818
d_1009898.exr,right,0.9956024885177612
d_1009899.exr,right,0.9956269264221191
d_1009900.exr,right,0.9955980181694031
d_1009901.exr,right,0.9956356883049011
d_1009902.exr,right,0.9956362843513489
d_1009903.exr,wrong,0.9896863102912903
d_1009904.exr,right,0.9955806136131287
d_1009905.exr,right,0.9855231046676636
d_1009906.exr,right,0.9955899715423584
d_1009909.exr,right,0.9956335425376892
d_1009910.exr,right,0.9955818057060242
d_1009912.exr,wrong,0.8998194336891174
d_1009913.exr,right,0.9956100583076477
d_1009915.exr,right,0.9954468607902527
d_1009917.exr,right,0.9956353306770325
d_1009919.exr,right,0.9956002235412598
d_1009921.exr,right,0.9956269264221191
d_1009922.exr,right,0.9956080317497253
d_1009923.exr,right,0.9956206679344177
d_1009924.exr,wrong,0.9913181066513062
d_1009925.exr,right,0.9956035614013672
d_1009926.exr,right,0.9956244826316833
d_1009928.exr,right,0.9943589568138123
d_1009929.exr,right,0.9956335425376892
d_1009931.exr,right,0.9956272840499878
d_1009932.exr,right,0.9956216216087341
d_1009934.exr,right,0.9956258535385132
d_1009935.exr,right,0.9956016540527344
d_1009936.exr,right,0.9956170320510864
d_1009938.exr,right,0.995595395565033
d_1009939.exr,wrong,0.9719769358634949
d_1009941.exr,right,0.9956112504005432
d_1009942.exr,right,0.9956274032592773
d_1009943.exr,right,0.9956334233283997
d_1009944.exr,right,0.9956177473068237
d_1009946.exr,right,0.9956263303756714
d_1009948.exr,right,0.9956207871437073
d_1009949.exr,right,0.9956313371658325
d_1009951.exr,right,0.9956035614013672
d_1009952.exr,right,0.9956163167953491
d_1009954.exr,right,0.995633065700531
d_1009955.exr,wrong,0.9950059056282043
d_1009956.exr,right,0.9956325888633728
d_1009957.exr,right,0.9956101775169373
d_1009959.exr,right,0.9955944418907166
d_1009960.exr,wrong,0.995320737361908
d_1009961.exr,right,0.9956077933311462
d_1009962.exr,right,0.9956244826316833
d_1009963.exr,wrong,0.9957135915756226
d_1009964.exr,right,0.9955750703811646
d_1009965.exr,right,0.9956085085868835
d_1009966.exr,right,0.9956226944923401
d_1009969.exr,right,0.9956058859825134
d_1009971.exr,right,0.9956204295158386
d_1009972.exr,right,0.9955692887306213
d_1009976.exr,right,0.9956379532814026
d_1009977.exr,right,0.9955990314483643
d_1009978.exr,right,0.9956051707267761
d_1009979.exr,right,0.9956314563751221
d_1009980.exr,right,0.9950135350227356
d_1009981.exr,right,0.99562668800354
d_1009982.exr,right,0.9956240057945251
d_1009984.exr,right,0.9956309795379639
d_1009985.exr,right,0.9956251978874207
d_1009986.exr,right,0.99498450756073
d_1009987.exr,right,0.9956284761428833
d_1009988.exr,right,0.9956392049789429
d_1009989.exr,right,0.995597779750824
d_1009990.exr,wrong,0.9957119226455688
d_1009992.exr,right,0.9956250786781311
d_1009993.exr,right,0.9956223368644714
d_1009994.exr,right,0.9956040382385254
d_1009996.exr,right,0.9951128363609314
d_1009997.exr,right,0.9956046342849731
d_1009998.exr,right,0.9956361651420593
d_1009999.exr,right,0.9956259727478027
d_1010001.exr,wrong,0.9957063794136047
d_1010002.exr,right,0.9956337809562683
d_1010003.exr,right,0.9956247210502625
d_1010004.exr,right,0.9956212639808655
d_1010005.exr,right,0.9956099390983582
d_1010006.exr,right,0.9956335425376892
d_1010007.exr,right,0.9956309795379639
d_1010010.exr,right,0.9934383034706116
d_1010011.exr,right,0.9956163167953491
d_1010013.exr,right,0.9956272840499878
d_1010015.exr,right,0.995636522769928
d_1010016.exr,wrong,0.995048463344574
d_1010017.exr,right,0.9956192374229431
d_1010018.exr,right,0.9956334233283997
d_1010019.exr,right,0.9956130981445312
d_1010021.exr,right,0.9956193566322327
d_1010024.exr,right,0.995610773563385
d_1010027.exr,right,0.9956116080284119
d_1010028.exr,right,0.9955428242683411
d_1010029.exr,right,0.9956279993057251
d_1010030.exr,right,0.9956319332122803
d_1010031.exr,right,0.9956232905387878
d_1010032.exr,right,0.9956063628196716
d_1010033.exr,right,0.9956057667732239
d_1010034.exr,right,0.9955412745475769
d_1010035.exr,right,0.995564341545105
d_1010036.exr,right,0.9956373572349548
d_1010037.exr,right,0.9955808520317078
d_1010038.exr,right,0.9956379532814026
d_1010039.exr,right,0.9956276416778564
d_1010040.exr,right,0.9955697655677795
d_1010041.exr,right,0.995360791683197
d_1010042.exr,right,0.9953600764274597
d_1010043.exr,right,0.9955881834030151
d_1010044.exr,right,0.995610773563385
d_1010048.exr,right,0.9956225752830505
d_1010050.exr,right,0.9956269264221191
d_1010051.exr,right,0.9956028461456299
d_1010052.exr,right,0.9955655932426453
d_1010054.exr,right,0.9956328272819519
d_1010056.exr,right,0.9956283569335938
d_1010061.exr,right,0.9956323504447937
d_1010062.exr,right,0.995589017868042
d_1010063.exr,right,0.9955335855484009
d_1010065.exr,right,0.9956236481666565
d_1010066.exr,right,0.9956198334693909
d_1010067.exr,right,0.995622456073761
d_1010069.exr,right,0.9956230521202087
d_1010071.exr,right,0.9956323504447937
d_1010072.exr,wrong,0.9955447912216187
d_1010073.exr,right,0.9956132173538208
d_1010074.exr,right,0.9955458641052246
d_1010075.exr,right,0.995627760887146
d_1010076.exr,right,0.9955146908760071
d_1010077.exr,right,0.9956151247024536
d_1010078.exr,right,0.9956238865852356
d_1010079.exr,right,0.9950568675994873
d_1010080.exr,wrong,0.9910383224487305
d_1010081.exr,right,0.9956176280975342
d_1010082.exr,right,0.995608389377594
d_1010083.exr,right,0.9956150054931641
d_1010084.exr,right,0.9955756664276123
d_1010086.exr,right,0.9948341846466064
d_1010087.exr,right,0.9955020546913147
d_1010088.exr,right,0.9956328272819519
d_1010090.exr,right,0.9956057667732239
d_1010091.exr,right,0.9955675005912781
d_1010092.exr,right,0.9947623610496521
d_1010094.exr,right,0.9956291913986206
d_1010096.exr,right,0.9956265687942505
d_1010097.exr,right,0.6153981685638428
d_1010098.exr,right,0.9956066012382507
d_1010099.exr,right,0.9955839514732361
d_1010103.exr,right,0.9956236481666565
d_1010104.exr,right,0.9955447912216187
d_1010105.exr,right,0.9911215305328369
d_1010107.exr,right,0.9955403208732605
d_1010108.exr,right,0.9956154823303223
d_1010111.exr,right,0.9956285953521729
d_1010112.exr,right,0.995468258857727
d_1010113.exr,right,0.9954670667648315
d_1010115.exr,right,0.9956270456314087
d_1010116.exr,right,0.9956154823303223
d_1010117.exr,right,0.9956322312355042
d_1010118.exr,right,0.9955639839172363
d_1010119.exr,right,0.9955345392227173
d_1010121.exr,right,0.9956036806106567
d_1010123.exr,right,0.9904384016990662
d_1010124.exr,right,0.99561607837677
d_1010125.exr,right,0.9956212639808655
d_1010126.exr,wrong,0.9937969446182251
d_1010129.exr,right,0.9941604733467102
d_1010130.exr,right,0.9956315755844116
d_1010131.exr,right,0.9956347346305847
d_1010134.exr,wrong,0.9956960678100586
d_1010137.exr,right,0.9955971837043762
d_1010138.exr,right,0.995433509349823
d_1010139.exr,right,0.9955958724021912
d_1010140.exr,right,0.9956148862838745
d_1010141.exr,right,0.9956070780754089
d_1010144.exr,right,0.9956207871437073
d_1010146.exr,right,0.9956260919570923
d_1010147.exr,right,0.995628833770752
d_1010148.exr,right,0.9954392313957214
d_1010149.exr,right,0.9956252574920654
d_1010151.exr,right,0.9956009387969971
d_1010152.exr,right,0.9956035614013672
d_1010154.exr,right,0.9956289529800415
d_1010155.exr,right,0.9956342577934265
d_1010156.exr,right,0.9956100583076477
d_1010157.exr,right,0.9956289529800415
d_1010158.exr,right,0.9954742789268494
d_1010159.exr,right,0.9956010580062866
d_1010160.exr,right,0.9955183267593384
d_1010161.exr,right,0.9955670237541199
d_1010163.exr,right,0.993610680103302
d_1010164.exr,right,0.9956012964248657
d_1010165.exr,right,0.995426595211029
d_1010166.exr,right,0.995612382888794
d_1010167.exr,right,0.9951516389846802
d_1010169.exr,right,0.9956303834915161
d_1010171.exr,right,0.9956099390983582
d_1010173.exr,right,0.995625376701355
d_1010175.exr,right,0.9955171942710876
d_1010176.exr,right,0.9956167936325073
d_1010177.exr,right,0.9955665469169617
d_1010179.exr,right,0.9956159591674805
d_1010185.exr,right,0.9942756295204163
d_1010186.exr,right,0.9956328272819519
d_1010187.exr,right,0.9823914170265198
d_1010189.exr,right,0.9956167936325073
d_1010190.exr,right,0.9955193996429443
d_1010191.exr,right,0.9952307343482971
d_1010192.exr,right,0.9956079125404358
d_1010193.exr,right,0.9955508708953857
d_1010195.exr,right,0.9956220984458923
d_1010196.exr,right,0.9955558180809021
d_1010198.exr,right,0.9956022500991821
d_1010200.exr,right,0.9955728054046631
d_1010202.exr,right,0.9954307079315186
d_1010210.exr,right,0.9956093430519104
d_1010211.exr,wrong,0.9937360286712646
d_1010212.exr,right,0.9956275224685669
d_1010213.exr,right,0.9955838322639465
d_1010214.exr,right,0.9955815672874451
d_1010216.exr,right,0.9956240057945251
d_1010220.exr,right,0.9956017732620239
d_1010221.exr,right,0.9955005049705505
d_1010223.exr,right,0.9956268072128296
d_1010224.exr,right,0.9956358075141907
d_1010225.exr,right,0.9956212639808655
d_1010226.exr,right,0.9956230521202087
d_1010227.exr,right,0.9956279993057251
d_1010228.exr,right,0.9956320524215698
d_1010229.exr,right,0.9955807328224182
d_1010230.exr,right,0.9956164360046387
d_1010231.exr,right,0.99558025598526
d_1010232.exr,right,0.9956216216087341
d_1010235.exr,right,0.9956340193748474
d_1010236.exr,right,0.9955821633338928
d_1010237.exr,right,0.9956183433532715
d_1010238.exr,right,0.995624840259552
d_1010239.exr,right,0.9955936074256897
d_1010240.exr,right,0.9956197142601013
d_1010241.exr,right,0.9956344962120056
d_1010243.exr,right,0.9956229329109192
d_1010245.exr,right,0.995631217956543
d_1010246.exr,right,0.9956327080726624
d_1010248.exr,right,0.9956087470054626
d_1010249.exr,right,0.9956369996070862
d_1010250.exr,right,0.9956054091453552
d_1010254.exr,right,0.9956173896789551
d_1010255.exr,right,0.9956063628196716
d_1010256.exr,right,0.9956347346305847
d_1010260.exr,right,0.9951843619346619
d_1010261.exr,right,0.9953092932701111
d_1010262.exr,right,0.9956191182136536
d_1010263.exr,right,0.9956076741218567
d_1010266.exr,right,0.9956048727035522
d_1010268.exr,right,0.9956194758415222
d_1010270.exr,right,0.9956116080284119
d_1010271.exr,right,0.9956130981445312
d_1010273.exr,right,0.9956128597259521
d_1010275.exr,right,0.9956032037734985
d_1010276.exr,right,0.9956066012382507
d_1010277.exr,wrong,0.9957245588302612
d_1010278.exr,right,0.9920656085014343
d_1010279.exr,right,0.9956389665603638
d_1010280.exr,right,0.9955921769142151
d_1010281.exr,right,0.9956198334693909
d_1010282.exr,right,0.995633065700531
d_1010284.exr,wrong,0.6052926778793335
d_1010285.exr,right,0.9956305027008057
d_1010288.exr,right,0.9956215023994446
d_1010290.exr,wrong,0.9951781034469604
d_1010292.exr,right,0.9956140518188477
d_1010293.exr,right,0.9955610036849976
d_1010295.exr,right,0.9952729344367981
d_1010296.exr,right,0.9947214126586914
d_1010297.exr,right,0.9951375126838684
d_1010298.exr,right,0.995603084564209
d_1010302.exr,right,0.9955860376358032
d_1010303.exr,right,0.995627760887146
d_1010305.exr,right,0.9955602884292603
d_1010306.exr,right,0.9956232905387878
d_1010307.exr,right,0.9955084323883057
d_1010308.exr,right,0.9956350922584534
d_1010310.exr,right,0.995603084564209
d_1010311.exr,right,0.9949657320976257
d_1010312.exr,right,0.9955975413322449
d_1010313.exr,right,0.9956305027008057
d_1010315.exr,right,0.9908003211021423
d_1010317.exr,right,0.9956156015396118
d_1010318.exr,right,0.9956217408180237
d_1010320.exr,right,0.9956254959106445
d_1010321.exr,right,0.9956133365631104
d_1010322.exr,right,0.995512068271637
d_1010323.exr,wrong,0.9955030083656311
d_1010325.exr,right,0.9956024885177612
d_1010327.exr,wrong,0.9951026439666748
d_1010330.exr,right,0.9956152439117432
d_1010332.exr,wrong,0.9948248863220215
d_1010333.exr,right,0.9955507516860962
d_1010334.exr,wrong,0.9941440224647522
d_1010336.exr,right,0.9956303834915161
d_1010337.exr,right,0.9956340193748474
d_1010338.exr,right,0.9955816864967346
d_1010339.exr,right,0.9956306219100952
d_1010340.exr,right,0.995556652545929
d_1010341.exr,right,0.9956334233283997
d_1010342.exr,right,0.9577189683914185
d_1010343.exr,right,0.9956350922584534
d_1010345.exr,right,0.9956222176551819
d_1010346.exr,right,0.9954664707183838
d_1010347.exr,right,0.9955976605415344
d_1010348.exr,wrong,0.9878934025764465
d_1010352.exr,right,0.9955931305885315
d_1010353.exr,right,0.9956111311912537
d_1010355.exr,right,0.995629072189331
d_1010356.exr,right,0.995598554611206
d_1010357.exr,right,0.9956265687942505
d_1010358.exr,wrong,0.995481014251709
d_1010359.exr,right,0.9931555390357971
d_1010360.exr,right,0.9955964684486389
d_1010361.exr,right,0.9955974221229553
d_1010362.exr,right,0.9955831170082092
d_1010363.exr,right,0.9956082701683044
d_1010364.exr,right,0.9956293106079102
d_1010366.exr,right,0.9954074025154114
d_1010367.exr,right,0.9949432015419006
d_1010368.exr,right,0.9956306219100952
d_1010370.exr,right,0.9240042567253113
d_1010371.exr,right,0.9956249594688416
d_1010372.exr,right,0.9956336617469788
d_1010373.exr,wrong,0.9952675104141235
d_1010374.exr,right,0.9956040382385254
d_1010375.exr,right,0.9867558479309082
d_1010378.exr,right,0.9956352114677429
d_1010379.exr,right,0.9956240057945251
d_1010380.exr,right,0.9956036806106567
d_1010381.exr,right,0.9955968260765076
d_1010382.exr,right,0.9934984445571899
d_1010383.exr,right,0.9956247210502625
d_1010384.exr,right,0.9956314563751221
d_1010385.exr,wrong,0.9934170246124268
d_1010386.exr,right,0.9956275224685669
d_1010387.exr,right,0.9955931305885315
d_1010388.exr,right,0.9956347346305847
d_1010389.exr,right,0.9952369928359985
d_1010391.exr,right,0.9956374764442444
d_1010392.exr,right,0.9954889416694641
d_1010395.exr,right,0.9956331849098206
d_1010396.exr,right,0.9956334233283997
d_1010397.exr,right,0.9955981373786926
d_1010398.exr,right,0.9956203103065491
d_1010399.exr,right,0.9956112504005432
d_1010400.exr,right,0.9943768382072449
d_1010401.exr,right,0.9956086277961731
d_1010402.exr,right,0.9956258535385132
d_1010405.exr,right,0.9956080317497253
d_1010406.exr,right,0.9955784678459167
d_1010407.exr,right,0.9956242442131042
d_1010408.exr,right,0.9955993890762329
d_1010410.exr,right,0.9954879879951477
d_1010411.exr,right,0.9955952763557434
d_1010412.exr,right,0.9956344962120056
d_1010413.exr,right,0.9955624341964722
d_1010414.exr,right,0.9956061244010925
d_1010415.exr,right,0.9956204295158386
d_1010416.exr,right,0.9955924153327942
d_1010417.exr,right,0.9912282228469849
d_1010418.exr,right,0.9949943423271179
d_1010420.exr,right,0.9956121444702148
d_1010421.exr,right,0.9956342577934265
d_1010422.exr,right,0.9927182197570801
d_1010423.exr,wrong,0.9941908717155457
d_1010425.exr,right,0.9947522878646851
d_1010426.exr,right,0.9956145286560059
d_1010427.exr,wrong,0.9953115582466125
d_1010428.exr,right,0.9955981373786926
d_1010430.exr,right,0.9951953291893005
d_1010431.exr,right,0.9956269264221191
d_1010432.exr,right,0.9916793704032898
d_1010433.exr,right,0.9956130981445312
d_1010435.exr,right,0.9956142902374268
d_1010437.exr,right,0.99561607837677
d_1010438.exr,right,0.9956015348434448
d_1010439.exr,right,0.995622456073761
d_1010442.exr,right,0.9956120252609253
d_1010443.exr,right,0.995598554611206
d_1010445.exr,right,0.9956230521202087
d_1010446.exr,right,0.9956175088882446
d_1010447.exr,right,0.9955963492393494
d_1010448.exr,right,0.9955993890762329
d_1010451.exr,right,0.9956110119819641
d_1010452.exr,right,0.9956067204475403
d_1010453.exr,right,0.9955925345420837
d_1010455.exr,wrong,0.9955698847770691
d_1010457.exr,wrong,0.9945755004882812
d_1010458.exr,right,0.9954900145530701
d_1010462.exr,right,0.9956349730491638
d_1010463.exr,right,0.9956081509590149
d_1010464.exr,right,0.9954181909561157
d_1010465.exr,right,0.9956300258636475
d_1010467.exr,right,0.9956152439117432
d_1010470.exr,right,0.995609700679779
d_1010471.exr,right,0.9956360459327698
d_1010472.exr,right,0.9955594539642334
d_1010473.exr,right,0.9956159591674805
d_1010474.exr,right,0.9956081509590149
d_1010475.exr,right,0.9952862858772278
d_1010476.exr,right,0.9956049919128418
d_1010478.exr,right,0.9956282377243042
d_1010479.exr,right,0.9956135749816895
d_1010480.exr,right,0.9955928921699524
d_1010481.exr,right,0.9956071972846985
d_1010483.exr,right,0.9928637146949768
d_1010484.exr,right,0.9956064820289612
d_1010485.exr,right,0.995631217956543
d_1010486.exr,right,0.9956252574920654
d_1010487.exr,right,0.9956352114677429
d_1010488.exr,right,0.9956346154212952
d_1010489.exr,right,0.9955732822418213
d_1010490.exr,right,0.9956176280975342
d_1010491.exr,right,0.9956234097480774
d_1010493.exr,right,0.9956356883049011
d_1010495.exr,right,0.9956377148628235
d_1010496.exr,right,0.9956235289573669
d_1010499.exr,right,0.9956387877464294
d_1010500.exr,right,0.9953842759132385
d_1010501.exr,right,0.9950743317604065
d_1010503.exr,right,0.9955809712409973
d_1010504.exr,right,0.9956049919128418
d_1010505.exr,right,0.9956191182136536
d_1010507.exr,right,0.9956247210502625
d_1010509.exr,wrong,0.9737964868545532
d_1010511.exr,right,0.9956226944923401
d_1010512.exr,right,0.9956210255622864
d_1010513.exr,right,0.9949588179588318
d_1010514.exr,right,0.9956319332122803
d_1010515.exr,right,0.9956087470054626
d_1010517.exr,right,0.9869875907897949
d_1010518.exr,right,0.9956306219100952
d_1010520.exr,right,0.9955701231956482
d_1010521.exr,right,0.9956320524215698
d_1010522.exr,right,0.9945060610771179
d_1010526.exr,right,0.9951632022857666
d_1010527.exr,right,0.9956238865852356
d_1010528.exr,right,0.9956251978874207
d_1010529.exr,right,0.9956130981445312
d_1010530.exr,right,0.9951663017272949
d_1010531.exr,right,0.9956192374229431
d_1010533.exr,right,0.9953102469444275
d_1010534.exr,right,0.9955863952636719
d_1010538.exr,right,0.9956328272819519
d_1010539.exr,right,0.995607316493988
d_1010540.exr,right,0.9956347346305847
d_1010543.exr,right,0.9956145286560059
d_1010545.exr,right,0.9953328967094421
d_1010548.exr,right,0.9956120252609253
d_1010550.exr,right,0.9956271648406982
d_1010551.exr,right,0.9956335425376892
d_1010552.exr,right,0.9956279993057251
d_1010553.exr,right,0.9955922961235046
d_1010554.exr,right,0.9956229329109192
d_1010557.exr,right,0.9955416321754456
d_1010558.exr,right,0.9956296682357788
d_1010559.exr,right,0.9956358075141907
d_1010560.exr,right,0.9956176280975342
d_1010561.exr,right,0.9947589039802551
d_1010562.exr,right,0.9955472946166992
d_1010563.exr,right,0.9955199956893921
d_1010564.exr,right,0.9956062436103821
d_1010565.exr,right,0.9955627918243408
d_1010566.exr,right,0.995564877986908
d_1010567.exr,wrong,0.9943089485168457
d_1010568.exr,right,0.9956218600273132
d_1010570.exr,wrong,0.985509991645813
d_1010571.exr,right,0.9956070780754089
d_1010574.exr,right,0.9956192374229431
d_1010575.exr,right,0.9956294298171997
d_1010576.exr,right,0.9956055283546448
d_1010577.exr,right,0.9956307411193848
d_1010579.exr,right,0.9955164790153503
d_1010580.exr,right,0.9954873919487
d_1010582.exr,right,0.995622456073761
d_1010583.exr,wrong,0.9957032799720764
d_1010584.exr,right,0.9956265687942505
d_1010585.exr,right,0.9956157207489014
d_1010586.exr,right,0.9956258535385132
d_1010587.exr,right,0.995559811592102
d_1010588.exr,right,0.9955963492393494
d_1010589.exr,right,0.9955970644950867
d_1010591.exr,right,0.9956247210502625
d_1010592.exr,right,0.995622456073761
d_1010593.exr,right,0.9956165552139282
d_1010596.exr,right,0.9956139326095581
d_1010597.exr,right,0.995625376701355
d_1010598.exr,right,0.9955995082855225
d_1010600.exr,right,0.9956183433532715
d_1010601.exr,right,0.9955645799636841
d_1010602.exr,right,0.9889547824859619
d_1010607.exr,right,0.9956296682357788
d_1010608.exr,right,0.9956114888191223
d_1010609.exr,right,0.9956070780754089
d_1010610.exr,right,0.9935682415962219
d_1010611.exr,right,0.9956350922584534
d_1010612.exr,right,0.9944664835929871
d_1010613.exr,right,0.995624840259552
d_1010614.exr,right,0.9956381916999817
d_1010615.exr,right,0.9955810904502869
d_1010616.exr,right,0.9956242442131042
d_1010618.exr,right,0.9953840374946594
d_1010620.exr,right,0.9955945611000061
d_1010622.exr,right,0.9955651164054871
d_1010623.exr,right,0.9956094622612
d_1010624.exr,right,0.9955030083656311
d_1010626.exr,right,0.9956296682357788
d_1010627.exr,right,0.9956356883049011
d_1010631.exr,wrong,0.9953475594520569
d_1010632.exr,right,0.9956242442131042
d_1010633.exr,right,0.9956272840499878
d_1010634.exr,right,0.9956048727035522
d_1010636.exr,right,0.9956002235412598
d_1010638.exr,right,0.9955564141273499
d_1010639.exr,right,0.9956355690956116
d_1010641.exr,right,0.9956293106079102
d_1010642.exr,right,0.9956117272377014
d_1010645.exr,right,0.9955001473426819
d_1010647.exr,right,0.9955974221229553
d_1010650.exr,right,0.9956033229827881
d_1010651.exr,right,0.9956244826316833
d_1010652.exr,right,0.9952598214149475
d_1010653.exr,right,0.9953816533088684
d_1010655.exr,right,0.9956265687942505
d_1010656.exr,right,0.9956117868423462
d_1010657.exr,right,0.9956146478652954
d_1010658.exr,wrong,0.9948899745941162
d_1010659.exr,right,0.9956150054931641
d_1010661.exr,right,0.9956296682357788
d_1010662.exr,right,0.9956395626068115
d_1010663.exr,right,0.9956250786781311
d_1010667.exr,right,0.9955993890762329
d_1010668.exr,right,0.9956361651420593
d_1010670.exr,right,0.9956024885177612
d_1010672.exr,right,0.9956210255622864
d_1010673.exr,right,0.9955872297286987
d_1010675.exr,right,0.9956339001655579
d_1010676.exr,right,0.9955908060073853
d_1010677.exr,right,0.9956029653549194
d_1010678.exr,right,0.995587944984436
d_1010680.exr,right,0.9955963492393494
d_1010681.exr,right,0.995381236076355
d_1010682.exr,right,0.9956163167953491
d_1010683.exr,right,0.9956295490264893
d_1010684.exr,right,0.9956371188163757
d_1010685.exr,right,0.9956112504005432
d_1010687.exr,right,0.995630145072937
d_1010689.exr,wrong,0.9350188970565796
d_1010690.exr,right,0.9956392049789429
d_1010692.exr,right,0.9956302642822266
d_1010693.exr,right,0.995612382888794
d_1010695.exr,right,0.9956164360046387
d_1010696.exr,right,0.9956015348434448
d_1010697.exr,right,0.9858308434486389
d_1010698.exr,right,0.99562668800354
d_1010699.exr,right,0.9956197142601013
d_1010700.exr,right,0.9956356883049011
d_1010701.exr,wrong,0.9939422011375427
d_1010702.exr,wrong,0.9948189854621887
d_1010703.exr,wrong,0.9882436990737915
d_1010705.exr,right,0.9956201910972595
d_1010706.exr,wrong,0.9927383065223694
d_1010707.exr,right,0.9956287145614624
d_1010708.exr,right,0.9956206679344177
d_1010709.exr,right,0.995625376701355
d_1010712.exr,right,0.9956071972846985
d_1010713.exr,right,0.9956217408180237
d_1010714.exr,right,0.9955822825431824
d_1010716.exr,right,0.995612382888794
d_1010717.exr,wrong,0.9957243204116821
d_1010718.exr,right,0.9956009387969971
d_1010720.exr,right,0.9956254959106445
d_1010721.exr,right,0.9956164360046387
d_1010722.exr,right,0.9953202605247498
d_1010724.exr,right,0.9955390095710754
d_1010725.exr,right,0.9956027269363403
d_1010727.exr,right,0.9956366419792175
d_1010728.exr,right,0.9952036142349243
d_1010730.exr,right,0.9955514073371887
d_1010731.exr,right,0.9956364035606384
d_1010732.exr,right,0.9955821633338928
d_1010734.exr,right,0.9956194758415222
d_1010736.exr,right,0.9955986738204956
d_1010737.exr,right,0.9956194758415222
d_1010738.exr,right,0.9956235289573669
d_1010739.exr,right,0.9956229329109192
d_1010741.exr,right,0.9956353306770325
d_1010742.exr,right,0.99558025598526
d_1010743.exr,right,0.9955456256866455
d_1010746.exr,right,0.9956081509590149
d_1010748.exr,right,0.9955867528915405
d_1010749.exr,right,0.9943910241127014
d_1010750.exr,right,0.9956283569335938
d_1010752.exr,right,0.9956379532814026
d_1010753.exr,wrong,0.9936554431915283
d_1010754.exr,right,0.9944207072257996
d_1010757.exr,right,0.9955976605415344
d_1010759.exr,right,0.9956324696540833
d_1010761.exr,right,0.9956308603286743
d_1010762.exr,right,0.9956274032592773
d_1010763.exr,right,0.9956236481666565
d_1010764.exr,right,0.9956086277961731
d_1010767.exr,right,0.9956302642822266
d_1010768.exr,right,0.9956095814704895
d_1010770.exr,right,0.9956049919128418
d_1010772.exr,wrong,0.9938933253288269
d_1010773.exr,right,0.9915978908538818
d_1010774.exr,right,0.9956346154212952
d_1010777.exr,right,0.9956158399581909
d_1010780.exr,wrong,0.6068772673606873
d_1010781.exr,right,0.9949776530265808
d_1010783.exr,right,0.9956276416778564
d_1010786.exr,right,0.9956259727478027
d_1010788.exr,right,0.995633065700531
d_1010790.exr,right,0.9955665469169617
d_1010791.exr,right,0.9956318140029907
d_1010795.exr,right,0.9956356883049011
d_1010796.exr,right,0.9955422282218933
d_1010798.exr,right,0.9953088164329529
d_1010799.exr,right,0.9956263303756714
d_1010800.exr,wrong,0.9916302561759949
d_1010801.exr,right,0.995522141456604
d_1010802.exr,right,0.9956125020980835
d_1010805.exr,right,0.9900151491165161
d_1010807.exr,right,0.9949538111686707
d_1010808.exr,right,0.995622456073761
d_1010810.exr,right,0.9947972893714905
d_1010812.exr,right,0.9956011772155762
d_1010813.exr,right,0.9948475360870361
d_1010816.exr,right,0.9955946803092957
d_1010821.exr,right,0.9922910332679749
d_1010822.exr,right,0.9952438473701477
d_1010824.exr,right,0.9955428242683411
d_1010825.exr,right,0.9952846169471741
d_1010830.exr,right,0.9909892678260803
d_1010831.exr,right,0.9956193566322327
d_1010832.exr,right,0.9955939650535583
d_1010833.exr,right,0.9956161975860596
d_1010834.exr,right,0.99562668800354
d_1010836.exr,right,0.9956011772155762
d_1010837.exr,right,0.9956055283546448
d_1010838.exr,right,0.995622456073761
d_1010839.exr,right,0.9956226944923401
d_1010840.exr,right,0.9956310987472534
d_1010841.exr,right,0.9955987930297852
d_1010845.exr,right,0.9956028461456299
d_1010847.exr,right,0.9956204295158386
d_1010849.exr,right,0.9956323504447937
d_1010851.exr,right,0.9956358075141907
d_1010852.exr,right,0.9955975413322449
d_1010855.exr,right,0.9956313371658325
d_1010856.exr,right,0.9905339479446411
d_1010857.exr,right,0.995629072189331
d_1010858.exr,right,0.9956156015396118
d_1010859.exr,right,0.9955968260765076
d_1010860.exr,right,0.995630145072937
d_1010861.exr,right,0.9956170320510864
d_1010862.exr,wrong,0.7165383100509644
d_1010863.exr,right,0.9956161975860596
d_1010864.exr,wrong,0.9954522252082825
d_1010865.exr,right,0.9956199526786804
d_1010866.exr,right,0.9955054521560669
d_1010867.exr,right,0.9956271648406982
d_1010868.exr,right,0.9956346154212952
d_1010870.exr,right,0.9954859614372253
d_1010871.exr,right,0.9955797791481018
d_1010874.exr,right,0.9955110549926758
d_1010876.exr,right,0.9937185049057007
d_1010879.exr,right,0.9956100583076477
d_1010881.exr,right,0.9956176280975342
d_1010883.exr,right,0.9955706000328064
d_1010884.exr,right,0.9956268072128296
d_1010885.exr,right,0.9956321120262146
d_1010887.exr,right,0.9956075549125671
d_1010888.exr,right,0.9956175088882446
d_1010889.exr,right,0.9956041574478149
d_1010890.exr,right,0.9955911636352539
d_1010892.exr,right,0.9955541491508484
d_1010893.exr,right,0.9956337809562683
d_1010896.exr,right,0.9955815672874451
d_1010897.exr,right,0.9956258535385132
d_1010899.exr,right,0.9956093430519104
d_1010901.exr,right,0.995614767074585
d_1010902.exr,right,0.9956094622612
d_1010903.exr,right,0.9956198334693909
d_1010906.exr,wrong,0.7372305393218994
d_1010907.exr,right,0.9956319332122803
d_1010908.exr,right,0.9956182241439819
d_1010909.exr,right,0.9956048727035522
d_1010911.exr,right,0.995572566986084
d_1010913.exr,right,0.9956337809562683
d_1010915.exr,right,0.995505690574646
d_1010916.exr,right,0.9956098198890686
d_1010917.exr,right,0.9956100583076477
d_1010918.exr,right,0.9956322312355042
d_1010920.exr,right,0.9956166744232178
d_1010921.exr,right,0.9956223368644714
d_1010922.exr,right,0.9956085085868835
d_1010924.exr,right,0.9956169128417969
d_1010926.exr,right,0.995617151260376
d_1010927.exr,right,0.9955987930297852
d_1010928.exr,right,0.9934805631637573
d_1010930.exr,right,0.9955255389213562
d_1010931.exr,right,0.9955340623855591
d_1010933.exr,wrong,0.9956514239311218
d_1010936.exr,right,0.9956144094467163
d_1010938.exr,right,0.9956092238426208
d_1010939.exr,right,0.9955909252166748
d_1010940.exr,right,0.995598554611206
d_1010943.exr,right,0.9955938458442688
d_1010946.exr,wrong,0.9300549030303955
d_1010948.exr,right,0.6743214726448059
d_1010951.exr,right,0.9955508708953857
d_1010952.exr,right,0.9956242442131042
d_1010954.exr,right,0.9956217408180237
d_1010955.exr,right,0.9956148862838745
d_1010956.exr,wrong,0.9955376386642456
d_1010958.exr,right,0.9956063628196716
d_1010960.exr,right,0.9955524802207947
d_1010961.exr,right,0.9956294298171997
d_1010962.exr,right,0.9956088662147522
d_1010964.exr,right,0.9956069588661194
d_1010965.exr,right,0.995606005191803
d_1010966.exr,right,0.9956231713294983
d_1010967.exr,right,0.9956313371658325
d_1010968.exr,right,0.9956347346305847
d_1010970.exr,right,0.9956127405166626
d_1010972.exr,right,0.9468483924865723
d_1010974.exr,right,0.9955242872238159
d_1010975.exr,right,0.9956056475639343
d_1010976.exr,right,0.9955906867980957
d_1010978.exr,right,0.9956316947937012
d_1010981.exr,right,0.9956001043319702
d_1010982.exr,right,0.9956187605857849
d_1010983.exr,right,0.9956299066543579
d_1010984.exr,right,0.995596706867218
d_1010985.exr,right,0.9956064820289612
d_1010986.exr,right,0.9896635413169861
d_1010987.exr,right,0.9954046010971069
d_1010988.exr,right,0.9956310987472534
d_1010989.exr,right,0.9956276416778564
d_1010990.exr,right,0.9956216216087341
d_1010992.exr,right,0.9956222176551819
d_1010993.exr,right,0.9956002235412598
d_1010995.exr,right,0.9956197142601013
d_1010997.exr,right,0.9956139326095581
d_1010999.exr,right,0.9956305027008057
d_1011000.exr,right,0.9956271648406982
d_1011001.exr,right,0.9956071972846985
d_1011004.exr,wrong,0.9954692125320435
d_1011005.exr,right,0.9956310987472534
d_1011006.exr,right,0.9956314563751221
d_1011008.exr,right,0.9939678907394409
d_1011009.exr,right,0.9956191182136536
d_1011012.exr,right,0.9956100583076477
d_1011013.exr,right,0.9955728054046631
d_1011015.exr,right,0.9956307411193848
d_1011016.exr,right,0.9955844283103943
d_1011017.exr,right,0.9956014156341553
d_1011021.exr,right,0.995604395866394
d_1011022.exr,right,0.9956334233283997
d_1011024.exr,right,0.9953452944755554
d_1011025.exr,right,0.9956322312355042
d_1011026.exr,right,0.9955934882164001
d_1011029.exr,right,0.9956379532814026
d_1011030.exr,right,0.9956257343292236
d_1011031.exr,right,0.9956339001655579
d_1011032.exr,right,0.995245635509491
d_1011033.exr,right,0.995583713054657
d_1011034.exr,right,0.9956170320510864
d_1011036.exr,right,0.7929819822311401
d_1011038.exr,right,0.9956071972846985
d_1011039.exr,right,0.9956159591674805
d_1011041.exr,right,0.9956012964248657
d_1011043.exr,right,0.9955561757087708
d_1011046.exr,right,0.9956374764442444
d_1011047.exr,right,0.9956212639808655
d_1011048.exr,right,0.9955229759216309
d_1011049.exr,right,0.9897028803825378
d_1011050.exr,right,0.9956251978874207
d_1011051.exr,right,0.9956089854240417
d_1011053.exr,right,0.995128870010376
d_1011058.exr,right,0.9956275224685669
d_1011059.exr,right,0.9955912828445435
d_1011061.exr,right,0.9955410361289978
d_1011062.exr,right,0.9956258535385132
d_1011064.exr,wrong,0.992874026298523
d_1011065.exr,wrong,0.9905663132667542
d_1011067.exr,right,0.9956012964248657
d_1011068.exr,right,0.9956242442131042
d_1011070.exr,right,0.9956324696540833
d_1011071.exr,right,0.9956152439117432
d_1011072.exr,right,0.9956105351448059
d_1011073.exr,right,0.9956220984458923
d_1011074.exr,right,0.9956211447715759
d_1011075.exr,right,0.9937825798988342
d_1011076.exr,right,0.9956380724906921
d_1011078.exr,right,0.995636522769928
d_1011083.exr,right,0.9956114888191223
d_1011084.exr,right,0.9955543875694275
d_1011087.exr,right,0.9955378770828247
d_1011088.exr,right,0.9955973029136658
d_1011089.exr,right,0.9956051707267761
d_1011090.exr,right,0.9956387877464294
d_1011093.exr,right,0.9956064820289612
d_1011095.exr,right,0.9956010580062866
d_1011096.exr,wrong,0.995236337184906
d_1011097.exr,right,0.9956128597259521
d_1011098.exr,right,0.9956129789352417
d_1011104.exr,right,0.995625376701355
d_1011106.exr,right,0.9956119060516357
d_1011107.exr,right,0.9956080317497253
d_1011108.exr,right,0.995594322681427
d_1011111.exr,right,0.9953291416168213
d_1011112.exr,right,0.9956324696540833
d_1011113.exr,right,0.9956105351448059
d_1011114.exr,right,0.995599627494812
d_1011115.exr,right,0.9955475330352783
d_1011116.exr,right,0.9949777722358704
d_1011118.exr,right,0.9956381916999817
d_1011120.exr,right,0.9956302642822266
d_1011121.exr,right,0.9802257418632507
d_1011122.exr,right,0.9956151247024536
d_1011123.exr,right,0.9955833554267883
d_1011124.exr,right,0.9955862760543823
d_1011125.exr,right,0.9954900145530701
d_1011126.exr,right,0.9956111311912537
d_1011127.exr,right,0.9956283569335938
d_1011131.exr,right,0.9956186413764954
d_1011133.exr,right,0.9956128597259521
d_1011134.exr,right,0.9956029653549194
d_1011135.exr,right,0.9953124523162842
d_1011138.exr,right,0.9956352114677429
d_1011139.exr,right,0.9956347346305847
d_1011140.exr,right,0.9956241250038147
d_1011143.exr,right,0.9956236481666565
d_1011145.exr,right,0.9955735206604004
d_1011146.exr,right,0.9956003427505493
d_1011147.exr,right,0.9956100583076477
d_1011148.exr,right,0.9956235289573669
d_1011149.exr,right,0.995469331741333
d_1011150.exr,right,0.9956133365631104
d_1011151.exr,right,0.9956313371658325
d_1011152.exr,right,0.995559573173523
d_1011153.exr,right,0.9956209063529968
d_1011154.exr,right,0.9956328272819519
d_1011156.exr,right,0.9956223368644714
d_1011157.exr,right,0.9955667853355408
d_1011159.exr,right,0.9876627922058105
d_1011160.exr,right,0.9956116080284119
d_1011162.exr,right,0.9956241250038147
d_1011163.exr,right,0.9956283569335938
d_1011164.exr,right,0.9956055283546448
d_1011165.exr,right,0.9949274063110352
d_1011166.exr,right,0.9955868721008301
d_1011168.exr,right,0.9956217408180237
d_1011170.exr,right,0.9956348538398743
d_1011172.exr,right,0.9955745935440063
d_1011173.exr,right,0.9956169128417969
d_1011174.exr,right,0.9956251978874207
d_1011175.exr,right,0.9955384135246277
d_1011176.exr,right,0.9956268072128296
d_1011177.exr,right,0.9956121444702148
d_1011178.exr,right,0.9956089854240417
d_1011179.exr,right,0.995630145072937
d_1011180.exr,right,0.9955482482910156
d_1011181.exr,right,0.9956058859825134
d_1011182.exr,right,0.9956050515174866
d_1011183.exr,right,0.9956165552139282
d_1011184.exr,right,0.9955129027366638
d_1011185.exr,right,0.995591938495636
d_1011186.exr,right,0.9956009387969971
d_1011187.exr,right,0.9956158399581909
d_1011188.exr,right,0.9956183433532715
d_1011190.exr,right,0.9954121708869934
d_1011191.exr,right,0.9952048063278198
d_1011192.exr,right,0.9953045845031738
d_1011195.exr,right,0.9955965876579285
d_1011196.exr,right,0.995623767375946
d_1011197.exr,right,0.9956236481666565
d_1011198.exr,right,0.9956135749816895
d_1011199.exr,right,0.9956232905387878
d_1011200.exr,right,0.9956322312355042
d_1011201.exr,right,0.9955958724021912
d_1011202.exr,right,0.9956122636795044
d_1011203.exr,right,0.9956235289573669
d_1011205.exr,right,0.9956173896789551
d_1011206.exr,right,0.9956315755844116
d_1011207.exr,right,0.995598316192627
d_1011208.exr,right,0.9956076741218567
d_1011209.exr,right,0.9949091076850891
d_1011211.exr,right,0.9955761432647705
d_1011213.exr,right,0.9956374764442444
d_1011214.exr,right,0.9956157207489014
d_1011215.exr,right,0.9955618381500244
d_1011216.exr,right,0.9956372380256653
d_1011221.exr,right,0.9956142902374268
d_1011222.exr,right,0.9955841898918152
d_1011223.exr,right,0.9956144094467163
d_1011224.exr,right,0.9951249957084656
d_1011227.exr,right,0.9956361651420593
d_1011228.exr,right,0.9956185221672058
d_1011229.exr,right,0.9653481245040894
d_1011230.exr,right,0.9955480098724365
d_1011231.exr,right,0.9956192374229431
d_1011232.exr,right,0.9954889416694641
d_1011233.exr,right,0.9956159591674805
d_1011234.exr,right,0.9953042268753052
d_1011236.exr,right,0.9955955147743225
d_1011237.exr,right,0.995617151260376
d_1011239.exr,right,0.9955904483795166
d_1011240.exr,right,0.9956297874450684
d_1011242.exr,right,0.9946257472038269
d_1011243.exr,right,0.9956336617469788
d_1011245.exr,right,0.9956278800964355
d_1011246.exr,right,0.9956164360046387
d_1011247.exr,right,0.9956119060516357
d_1011248.exr,right,0.995628833770752
d_1011249.exr,right,0.9955741167068481
d_1011250.exr,right,0.9927534461021423
d_1011252.exr,right,0.995623767375946
d_1011253.exr,right,0.9955873489379883
d_1011255.exr,right,0.9956242442131042
d_1011257.exr,right,0.9956203103065491
d_1011258.exr,right,0.9955828785896301
d_1011259.exr,right,0.9954900145530701
d_1011261.exr,right,0.9956181049346924
d_1011262.exr,right,0.995519757270813
d_1011265.exr,right,0.995610773563385
d_1011266.exr,right,0.9956291913986206
d_1011270.exr,right,0.9956318140029907
d_1011271.exr,right,0.9953891038894653
d_1011272.exr,right,0.9956212639808655
d_1011273.exr,right,0.995520830154419
d_1011274.exr,right,0.9956207871437073
d_1011275.exr,right,0.995636522769928
d_1011276.exr,right,0.9956191182136536
d_1011278.exr,right,0.9956069588661194
d_1011279.exr,right,0.9956231713294983
d_1011280.exr,right,0.9953422546386719
d_1011282.exr,right,0.9956325888633728
d_1011284.exr,right,0.995628833770752
d_1011285.exr,right,0.9955917000770569
d_1011286.exr,right,0.9955407977104187
d_1011288.exr,right,0.9955933690071106
d_1011289.exr,right,0.9955871105194092
d_1011291.exr,right,0.9956297874450684
d_1011292.exr,right,0.9956119060516357
d_1011293.exr,right,0.9956034421920776
d_1011295.exr,right,0.9956291913986206
d_1011296.exr,right,0.9956157207489014
d_1011297.exr,right,0.9956187605857849
d_1011298.exr,right,0.995607316493988
d_1011299.exr,right,0.9956116080284119
d_1011300.exr,right,0.9956334233283997
d_1011302.exr,right,0.9956260919570923
d_1011303.exr,right,0.9956177473068237
d_1011304.exr,right,0.9956295490264893
d_1011305.exr,right,0.995607316493988
d_1011307.exr,right,0.9956368803977966
d_1011308.exr,wrong,0.9857264757156372
d_1011309.exr,right,0.9956320524215698
d_1011311.exr,right,0.9956055283546448
d_1011312.exr,right,0.9935362935066223
d_1011314.exr,right,0.9949871301651001
d_1011315.exr,right,0.9955784678459167
d_1011317.exr,right,0.995631217956543
d_1011318.exr,right,0.9956349730491638
d_1011321.exr,right,0.9955915212631226
d_1011322.exr,right,0.9952163696289062
d_1011323.exr,right,0.9956284761428833
d_1011324.exr,right,0.9956287145614624
d_1011325.exr,right,0.9955819249153137
d_1011328.exr,right,0.9954793453216553
d_1011330.exr,right,0.9956198334693909
d_1011331.exr,right,0.9956127405166626
d_1011334.exr,right,0.9951797723770142
d_1011335.exr,right,0.9956361651420593
d_1011338.exr,right,0.9955806136131287
d_1011339.exr,right,0.995597779750824
d_1011342.exr,right,0.9956247210502625
d_1011343.exr,right,0.9956323504447937
d_1011345.exr,right,0.9956163167953491
d_1011348.exr,right,0.9956144094467163
d_1011349.exr,right,0.9956197142601013
d_1011350.exr,wrong,0.9951090216636658
d_1011351.exr,right,0.9956368803977966
d_1011352.exr,right,0.995589017868042
d_1011354.exr,right,0.9956282377243042
d_1011355.exr,right,0.9953746199607849
d_1011359.exr,right,0.9955814480781555
d_1011360.exr,right,0.9955195188522339
d_1011362.exr,right,0.9955947995185852
d_1011363.exr,right,0.9955920577049255
d_1011364.exr,right,0.9956191182136536
d_1011365.exr,right,0.9956252574920654
d_1011367.exr,right,0.9956285953521729
d_1011368.exr,right,0.9956177473068237
d_1011371.exr,right,0.9956339001655579
d_1011372.exr,right,0.9956134557723999
d_1011373.exr,right,0.9956251978874207
d_1011375.exr,right,0.9944578409194946
d_1011377.exr,right,0.9954670667648315
d_1011378.exr,right,0.9955915808677673
d_1011379.exr,wrong,0.9954849481582642
d_1011380.exr,right,0.9956203103065491
d_1011382.exr,right,0.9955539107322693
d_1011383.exr,right,0.9956129789352417
d_1011384.exr,right,0.9956183433532715
d_1011385.exr,right,0.9956310987472534
d_1011386.exr,right,0.9956316947937012
d_1011389.exr,right,0.9953433871269226
d_1011390.exr,right,0.9949619770050049
d_1011391.exr,right,0.9956140518188477
d_1011392.exr,right,0.9956067204475403
d_1011393.exr,right,0.9956246018409729
d_1011396.exr,right,0.9956121444702148
d_1011397.exr,right,0.9955629110336304
d_1011398.exr,right,0.9956282377243042
d_1011400.exr,right,0.9956380724906921
d_1011401.exr,right,0.9956212639808655
d_1011402.exr,right,0.9956141710281372
d_1011403.exr,right,0.9875942468643188
d_1011404.exr,right,0.9952114224433899
d_1011405.exr,right,0.9956272840499878
d_1011406.exr,right,0.9956075549125671
d_1011407.exr,right,0.9955819249153137
d_1011409.exr,right,0.9956179857254028
d_1011411.exr,right,0.9956010580062866
d_1011412.exr,right,0.9956042766571045
d_1011413.exr,right,0.9956306219100952
d_1011414.exr,right,0.9956150054931641
d_1011415.exr,right,0.9955852031707764
d_1011417.exr,right,0.9956139326095581
d_1011418.exr,right,0.9955862760543823
d_1011420.exr,right,0.9956390857696533
d_1011421.exr,right,0.9956194758415222
d_1011422.exr,right,0.9956287145614624
d_1011423.exr,right,0.9956005811691284
d_1011424.exr,right,0.9956176280975342
d_1011425.exr,right,0.9956022500991821
d_1011426.exr,right,0.9956170320510864
d_1011427.exr,right,0.9956192374229431
d_1011428.exr,right,0.9954196214675903
d_1011429.exr,right,0.9955993890762329
d_1011430.exr,right,0.9956238865852356
d_1011434.exr,right,0.9956003427505493
d_1011435.exr,right,0.9956333041191101
d_1011436.exr,right,0.9956175088882446
d_1011438.exr,right,0.9956368803977966
d_1011440.exr,right,0.9956040382385254
d_1011442.exr,right,0.9956252574920654
d_1011443.exr,right,0.9955475330352783
d_1011446.exr,right,0.9956310987472534
d_1011447.exr,right,0.9956262111663818
d_1011449.exr,right,0.9956302642822266
d_1011450.exr,right,0.9956247210502625
d_1011451.exr,right,0.9955945611000061
d_1011452.exr,right,0.995621383190155
d_1011453.exr,right,0.9955973029136658
d_1011454.exr,right,0.9862532019615173
d_1011455.exr,wrong,0.8780838251113892
d_1011457.exr,right,0.9955350160598755
d_1011460.exr,right,0.995623767375946
d_1011461.exr,right,0.9956340193748474
d_1011463.exr,right,0.9955949187278748
d_1011464.exr,right,0.9956128597259521
d_1011466.exr,wrong,0.9953402280807495
d_1011467.exr,right,0.9956183433532715
d_1011469.exr,right,0.9955884218215942
d_1011470.exr,right,0.9956254959106445
d_1011471.exr,right,0.9956212639808655
d_1011472.exr,right,0.9956334233283997
d_1011476.exr,right,0.99562668800354
d_1011478.exr,right,0.9953161478042603
d_1011479.exr,right,0.9946780204772949
d_1011482.exr,right,0.9955742359161377
d_1011484.exr,right,0.9956310987472534
d_1011486.exr,right,0.9956337809562683
d_1011487.exr,right,0.9956117272377014
d_1011489.exr,right,0.9956325888633728
d_1011490.exr,wrong,0.9956755042076111
d_1011491.exr,right,0.9956152439117432
d_1011494.exr,right,0.9956254959106445
d_1011495.exr,right,0.9956309795379639
d_1011497.exr,right,0.9948660135269165
d_1011498.exr,right,0.9956276416778564
d_1011499.exr,wrong,0.9922736287117004
d_1011501.exr,right,0.9955848455429077
d_1011503.exr,right,0.9956170320510864
d_1011506.exr,right,0.9956032037734985
d_1011507.exr,right,0.9955833554267883
d_1011508.exr,right,0.9954636693000793
d_1011509.exr,right,0.9956258535385132
d_1011510.exr,right,0.9954718351364136
d_1011512.exr,right,0.9950608611106873
d_1011513.exr,right,0.9956264495849609
d_1011514.exr,right,0.9956077933311462
d_1011515.exr,right,0.9956193566322327
d_1011518.exr,right,0.9956014156341553
d_1011519.exr,right,0.9954683780670166
d_1011521.exr,right,0.9956348538398743
d_1011522.exr,right,0.9949663281440735
d_1011524.exr,right,0.9956229329109192
d_1011525.exr,right,0.9956300258636475
d_1011526.exr,right,0.9956240057945251
d_1011529.exr,right,0.9951552152633667
d_1011531.exr,right,0.9952687621116638
d_1011532.exr,right,0.9956327080726624
d_1011533.exr,right,0.9956206679344177
d_1011534.exr,right,0.9955481290817261
d_1011535.exr,right,0.9956076741218567
d_1011536.exr,right,0.9955908060073853
d_1011537.exr,right,0.9955047965049744
d_1011539.exr,right,0.9956344962120056
d_1011541.exr,right,0.9956067204475403
d_1011543.exr,right,0.9936279058456421
d_1011546.exr,right,0.9956348538398743
d_1011547.exr,right,0.9956306219100952
d_1011548.exr,right,0.9956151247024536
d_1011549.exr,right,0.9955981373786926
d_1011551.exr,right,0.9956132173538208
d_1011552.exr,right,0.9955848455429077
d_1011553.exr,right,0.995625376701355
d_1011554.exr,right,0.9956346154212952
d_1011555.exr,right,0.9955314993858337
d_1011556.exr,right,0.995587944984436
d_1011557.exr,right,0.9956114888191223
d_1011558.exr,right,0.9950641989707947
d_1011559.exr,right,0.9955238103866577
d_1011560.exr,right,0.9943384528160095
d_1011561.exr,right,0.9955915808677673
d_1011562.exr,right,0.9956344962120056
d_1011563.exr,right,0.9956100583076477
d_1011565.exr,right,0.9955582618713379
d_1011566.exr,right,0.9956269264221191
d_1011568.exr,right,0.9956279993057251
d_1011571.exr,right,0.9956117868423462
d_1011572.exr,right,0.9956161975860596
d_1011573.exr,right,0.9956100583076477
d_1011574.exr,right,0.9956328272819519
d_1011576.exr,right,0.9956128597259521
d_1011577.exr,right,0.9952835440635681
d_1011578.exr,right,0.9956158399581909
d_1011580.exr,right,0.9956175088882446
d_1011581.exr,right,0.9956077933311462
d_1011582.exr,right,0.9955847859382629
d_1011583.exr,right,0.9956258535385132
d_1011584.exr,right,0.9956300258636475
d_1011585.exr,right,0.9955279231071472
d_1011586.exr,right,0.9956230521202087
d_1011587.exr,wrong,0.9944108128547668
d_1011589.exr,right,0.9956240057945251
d_1011592.exr,right,0.9956219792366028
d_1011593.exr,right,0.9956159591674805
d_1011594.exr,right,0.9956066012382507
d_1011595.exr,right,0.995608389377594
d_1011596.exr,right,0.9956291913986206
d_1011597.exr,right,0.9955456256866455
d_1011598.exr,wrong,0.5384849309921265
d_1011599.exr,right,0.9956106543540955
d_1011602.exr,right,0.9931842684745789
d_1011603.exr,right,0.9956116080284119
d_1011604.exr,right,0.9956005811691284
d_1011605.exr,right,0.9956313371658325
d_1011606.exr,right,0.9956333041191101
d_1011607.exr,right,0.995625376701355
d_1011608.exr,right,0.9956119060516357
d_1011609.exr,right,0.995614767074585
d_1011611.exr,right,0.9955012202262878
d_1011613.exr,right,0.9955790638923645
d_1011614.exr,right,0.9956364035606384
d_1011616.exr,wrong,0.9956154823303223
d_1011617.exr,right,0.9956244826316833
d_1011618.exr,right,0.9956161975860596
d_1011620.exr,right,0.9954100251197815
d_1011622.exr,right,0.995604395866394
d_1011623.exr,right,0.9956140518188477
d_1011624.exr,right,0.9956243634223938
d_1011625.exr,wrong,0.9946538209915161
d_1011626.exr,wrong,0.9940646290779114
d_1011627.exr,right,0.9956188797950745
d_1011629.exr,right,0.991731584072113
d_1011634.exr,right,0.9956187605857849
d_1011636.exr,wrong,0.9944853186607361
d_1011640.exr,right,0.9955382943153381
d_1011641.exr,wrong,0.9957186579704285
d_1011644.exr,right,0.9956176280975342
d_1011645.exr,right,0.9955588579177856
d_1011646.exr,right,0.9956247210502625
d_1011647.exr,right,0.9955465793609619
d_1011649.exr,right,0.995566189289093
d_1011650.exr,right,0.9956154823303223
d_1011651.exr,right,0.9956056475639343
d_1011652.exr,right,0.9955872297286987
d_1011653.exr,right,0.9956095814704895
d_1011654.exr,right,0.9951943755149841
d_1011655.exr,right,0.9955230951309204
d_1011656.exr,right,0.9956315755844116
d_1011657.exr,right,0.995618999004364
d_1011660.exr,right,0.995607316493988
d_1011662.exr,right,0.9956307411193848
d_1011663.exr,right,0.995618999004364
d_1011664.exr,right,0.9956358075141907
d_1011665.exr,right,0.9726467132568359
d_1011666.exr,right,0.9956265687942505
d_1011667.exr,right,0.9956152439117432
d_1011670.exr,right,0.9956321120262146
d_1011672.exr,right,0.9955878257751465
d_1011673.exr,right,0.9955428242683411
d_1011674.exr,wrong,0.9957168698310852
d_1011677.exr,right,0.994955837726593
d_1011680.exr,right,0.9955938458442688
d_1011682.exr,wrong,0.9954720735549927
d_1011683.exr,right,0.9955886602401733
d_1011686.exr,right,0.9956319332122803
d_1011688.exr,right,0.9945396780967712
d_1011689.exr,right,0.9956297874450684
d_1011691.exr,right,0.995556652545929
d_1011693.exr,right,0.9956186413764954
d_1011695.exr,wrong,0.9944925308227539
d_1011700.exr,right,0.99562668800354
d_1011701.exr,right,0.9956260919570923
d_1011702.exr,right,0.9956331849098206
d_1011705.exr,right,0.9956387877464294
d_1011706.exr,right,0.9955961108207703
d_1011707.exr,right,0.9955675005912781
d_1011708.exr,right,0.9956166744232178
d_1011709.exr,right,0.9956134557723999
d_1011711.exr,right,0.9955819249153137
d_1011712.exr,right,0.9956340193748474
d_1011715.exr,right,0.9956120252609253
d_1011716.exr,right,0.9955702424049377
d_1011718.exr,right,0.9954555034637451
d_1011719.exr,right,0.9955649971961975
d_1011720.exr,wrong,0.995712161064148
d_1011721.exr,right,0.995630145072937
d_1011723.exr,right,0.9956167936325073
d_1011726.exr,right,0.9956315755844116
d_1011728.exr,right,0.9956178665161133
d_1011729.exr,right,0.9956170320510864
d_1011730.exr,right,0.9955853223800659
d_1011731.exr,right,0.9956163167953491
d_1011734.exr,right,0.9955803751945496
d_1011735.exr,right,0.9956313371658325
d_1011736.exr,right,0.9956367611885071
d_1011737.exr,right,0.9956181049346924
d_1011745.exr,right,0.9956229329109192
d_1011746.exr,right,0.9955992698669434
d_1011747.exr,right,0.9954853057861328
d_1011748.exr,right,0.995633065700531
d_1011749.exr,right,0.9956291913986206
d_1011752.exr,right,0.9898300766944885
d_1011754.exr,right,0.9956279993057251
d_1011755.exr,right,0.9956279993057251
d_1011756.exr,wrong,0.9941074848175049
d_1011757.exr,right,0.9955968260765076
d_1011758.exr,right,0.9956215023994446
d_1011761.exr,right,0.9956297874450684
d_1011763.exr,right,0.9956322312355042
d_1011764.exr,right,0.9954668283462524
d_1011765.exr,right,0.995540201663971
d_1011766.exr,wrong,0.8717201352119446
d_1011769.exr,right,0.9955576062202454
d_1011774.exr,right,0.9956289529800415
d_1011775.exr,right,0.9956392049789429
d_1011776.exr,right,0.9956142902374268
d_1011777.exr,right,0.9956242442131042
d_1011779.exr,right,0.9956045150756836
d_1011780.exr,right,0.9954546689987183
d_1011784.exr,right,0.9956101775169373
d_1011785.exr,right,0.9931596517562866
d_1011787.exr,wrong,0.9954831600189209
d_1011788.exr,right,0.995607316493988
d_1011789.exr,wrong,0.9957183003425598
d_1011790.exr,right,0.9956281185150146
d_1011792.exr,right,0.9956246018409729
d_1011793.exr,right,0.9956004619598389
d_1011794.exr,right,0.9956263303756714
d_1011797.exr,wrong,0.9943259358406067
d_1011799.exr,right,0.9955997467041016
d_1011801.exr,right,0.995640754699707
d_1011805.exr,right,0.9955999851226807
d_1011806.exr,right,0.9956087470054626
d_1011809.exr,right,0.9819335341453552
d_1011810.exr,wrong,0.9949588179588318
d_1011811.exr,right,0.9956186413764954
d_1011812.exr,wrong,0.9957152009010315
d_1011813.exr,right,0.9955547451972961
d_1011815.exr,right,0.8896738886833191
d_1011816.exr,right,0.9956294298171997
d_1011817.exr,right,0.995495080947876
d_1011818.exr,right,0.9809236526489258
d_1011820.exr,right,0.9955594539642334
d_1011821.exr,right,0.9955047965049744
d_1011822.exr,right,0.9956004619598389
d_1011823.exr,right,0.9956303834915161
d_1011824.exr,right,0.9956380724906921
d_1011825.exr,right,0.9955874681472778
d_1011826.exr,right,0.9956241250038147
d_1011827.exr,right,0.9956057667732239
d_1011828.exr,right,0.9950976967811584
d_1011829.exr,right,0.9955730438232422
d_1011831.exr,wrong,0.9955703616142273
d_1011832.exr,right,0.9954641461372375
d_1011833.exr,right,0.9954119324684143
d_1011834.exr,right,0.9955399632453918
d_1011837.exr,right,0.9956206679344177
d_1011838.exr,right,0.9955708384513855
d_1011839.exr,right,0.9956133365631104
d_1011840.exr,right,0.995629072189331
d_1011841.exr,right,0.9956106543540955
d_1011843.exr,right,0.99562668800354
d_1011846.exr,right,0.995629072189331
d_1011847.exr,right,0.9956347346305847
d_1011848.exr,right,0.9956268072128296
d_1011849.exr,right,0.9956089854240417
d_1011850.exr,right,0.9956148862838745
d_1011851.exr,right,0.9939600229263306
d_1011854.exr,right,0.9956079125404358
d_1011855.exr,right,0.9955754280090332
d_1011856.exr,right,0.9955688118934631
d_1011861.exr,right,0.9956223368644714
d_1011863.exr,right,0.9955795407295227
d_1011864.exr,right,0.9956093430519104
d_1011866.exr,right,0.9956356883049011
d_1011867.exr,right,0.9956264495849609
d_1011868.exr,right,0.9956064820289612
d_1011869.exr,right,0.9955963492393494
d_1011870.exr,right,0.9925122261047363
d_1011872.exr,right,0.9956287145614624
d_1011873.exr,right,0.9956108927726746
d_1011875.exr,right,0.995623767375946
d_1011876.exr,right,0.9956049919128418
d_1011877.exr,right,0.9956017732620239
d_1011878.exr,right,0.995563268661499
d_1011880.exr,right,0.9956064820289612
d_1011881.exr,right,0.9946464896202087
d_1011882.exr,right,0.9956017732620239
d_1011883.exr,right,0.9956045150756836
d_1011884.exr,right,0.9955737590789795
d_1011885.exr,right,0.9954707622528076
d_1011886.exr,right,0.9955959916114807
d_1011887.exr,right,0.9956318140029907
d_1011889.exr,right,0.995465874671936
d_1011891.exr,right,0.9956051707267761
d_1011892.exr,right,0.9956337809562683
d_1011893.exr,right,0.995608389377594
d_1011894.exr,right,0.9954431056976318
d_1011895.exr,right,0.9956217408180237
d_1011896.exr,wrong,0.9773538112640381
d_1011897.exr,right,0.9956067204475403
d_1011898.exr,right,0.995627760887146
d_1011899.exr,right,0.9956102967262268
d_1011900.exr,right,0.9955793023109436
d_1011901.exr,right,0.9956135749816895
d_1011902.exr,right,0.9881981015205383
d_1011903.exr,right,0.9956004619598389
d_1011905.exr,right,0.9956163167953491
d_1011906.exr,right,0.9956242442131042
d_1011907.exr,right,0.9955706000328064
d_1011908.exr,right,0.9950130581855774
d_1011909.exr,right,0.9956027269363403
d_1011910.exr,right,0.9956278800964355
d_1011913.exr,right,0.9934526681900024
d_1011916.exr,right,0.9955955147743225
d_1011917.exr,right,0.9955958724021912
d_1011919.exr,right,0.9955990314483643
d_1011921.exr,right,0.9955724477767944
d_1011923.exr,right,0.9956164360046387
d_1011924.exr,right,0.9955729246139526
d_1011925.exr,right,0.9954360127449036
d_1011926.exr,right,0.9956240057945251
d_1011927.exr,right,0.9955506324768066
d_1011928.exr,right,0.9954878687858582
d_1011929.exr,right,0.9956336617469788
d_1011930.exr,right,0.9955918192863464
d_1011931.exr,right,0.9956346154212952
d_1011932.exr,right,0.9955956339836121
d_1011937.exr,right,0.9956141710281372
d_1011939.exr,right,0.9943406581878662
d_1011940.exr,right,0.9955062866210938
d_1011941.exr,right,0.995631217956543
d_1011947.exr,right,0.9924765229225159
d_1011948.exr,right,0.9956342577934265
d_1011949.exr,right,0.9956049919128418
d_1011950.exr,wrong,0.992429792881012
d_1011951.exr,right,0.9956135749816895
d_1011952.exr,right,0.9956262111663818
d_1011953.exr,right,0.9956244826316833
d_1011955.exr,wrong,0.9955156445503235
d_1011956.exr,right,0.9956282377243042
d_1011958.exr,right,0.9956377148628235
d_1011959.exr,right,0.9955992698669434
d_1011960.exr,right,0.9956069588661194
d_1011963.exr,right,0.995571494102478
d_1011964.exr,right,0.9956331849098206
d_1011965.exr,wrong,0.9957204461097717
d_1011967.exr,right,0.9950518012046814
d_1011968.exr,right,0.9956177473068237
d_1011972.exr,right,0.9956215023994446
d_1011973.exr,wrong,0.995263934135437
d_1011974.exr,right,0.9956398010253906
d_1011975.exr,right,0.9956102967262268
d_1011976.exr,right,0.9956284761428833
d_1011977.exr,right,0.9956244826316833
d_1011981.exr,right,0.9938832521438599
d_1011984.exr,right,0.9956129789352417
d_1011985.exr,right,0.9956316947937012
d_1011986.exr,right,0.9956296682357788
d_1011987.exr,right,0.9956076741218567
d_1011988.exr,wrong,0.9957245588302612
d_1011989.exr,right,0.9956032037734985
d_1011990.exr,right,0.9956207871437073
d_1011991.exr,right,0.9956219792366028
d_1011993.exr,right,0.9956204295158386
d_1011995.exr,wrong,0.9953708052635193
d_1011998.exr,right,0.99561607837677
d_1012001.exr,right,0.9956269264221191
d_1012002.exr,right,0.9955803751945496
d_1012004.exr,right,0.9956324696540833
d_1012005.exr,right,0.995631217956543
d_1012007.exr,right,0.9955915212631226
d_1012008.exr,right,0.9956336617469788
d_1012009.exr,right,0.9956281185150146
d_1012011.exr,wrong,0.9760269522666931
d_1012013.exr,right,0.9955885410308838
d_1012014.exr,right,0.9956371188163757
d_1012017.exr,right,0.9956129789352417
d_1012018.exr,right,0.9956234097480774
d_1012019.exr,right,0.9956238865852356
d_1012022.exr,right,0.9953095316886902
d_1012024.exr,right,0.995623767375946
d_1012025.exr,right,0.9956187605857849
d_1012027.exr,right,0.9956080317497253
d_1012028.exr,right,0.9955730438232422
d_1012029.exr,right,0.9956105351448059
d_1012033.exr,right,0.9956276416778564
d_1012035.exr,right,0.9954602122306824
d_1012036.exr,right,0.995635449886322
d_1012037.exr,right,0.9955683350563049
d_1012039.exr,right,0.9956121444702148
d_1012040.exr,right,0.9956242442131042
d_1012041.exr,right,0.9956331849098206
d_1012043.exr,right,0.9956166744232178
d_1012044.exr,right,0.995583713054657
d_1012045.exr,right,0.9955394864082336
d_1012046.exr,wrong,0.7391000390052795
d_1012047.exr,right,0.9956216216087341
d_1012048.exr,right,0.9956367611885071
d_1012052.exr,right,0.9956203103065491
d_1012053.exr,right,0.9955848455429077
d_1012054.exr,right,0.9955957531929016
d_1012055.exr,right,0.9956340193748474
d_1012056.exr,right,0.995559573173523
d_1012057.exr,right,0.9956193566322327
d_1012058.exr,right,0.9956315755844116
d_1012059.exr,wrong,0.9933745265007019
d_1012060.exr,right,0.9956009387969971
d_1012061.exr,right,0.995594322681427
d_1012064.exr,right,0.9956336617469788
d_1012066.exr,right,0.995627760887146
d_1012067.exr,right,0.9955871105194092
d_1012068.exr,wrong,0.9907562136650085
d_1012069.exr,right,0.9956287145614624
d_1012071.exr,right,0.9955393671989441
d_1012073.exr,right,0.995614767074585
d_1012074.exr,wrong,0.9948261380195618
d_1012075.exr,right,0.9956207871437073
d_1012077.exr,right,0.9955936074256897
d_1012078.exr,right,0.9955933690071106
d_1012079.exr,right,0.9956251978874207
d_1012080.exr,right,0.9956024885177612
d_1012081.exr,right,0.9954904913902283
d_1012082.exr,right,0.9955940842628479
d_1012083.exr,right,0.9956353306770325
d_1012085.exr,right,0.9956343770027161
d_1012086.exr,right,0.9946892261505127
d_1012087.exr,right,0.9956281185150146
d_1012088.exr,right,0.9956092238426208
d_1012089.exr,right,0.995574951171875
d_1012090.exr,right,0.9955459833145142
d_1012091.exr,right,0.995070219039917
d_1012092.exr,right,0.9951015114784241
d_1012093.exr,right,0.9956346154212952
d_1012094.exr,right,0.9952468276023865
d_1012096.exr,right,0.9956169128417969
d_1012097.exr,wrong,0.9947591423988342
d_1012098.exr,right,0.9955987930297852
d_1012099.exr,right,0.9955924153327942
d_1012101.exr,right,0.9956210255622864
d_1012103.exr,right,0.9956287145614624
d_1012104.exr,right,0.9949964284896851
d_1012105.exr,right,0.9954742789268494
d_1012106.exr,right,0.9956037998199463
d_1012107.exr,right,0.9955955147743225
d_1012108.exr,right,0.9956325888633728
d_1012109.exr,right,0.9956373572349548
d_1012111.exr,right,0.995091438293457
d_1012112.exr,right,0.9956201910972595
d_1012113.exr,right,0.9956274032592773
d_1012114.exr,right,0.9943746328353882
d_1012115.exr,right,0.9954549074172974
d_1012116.exr,right,0.9956348538398743
d_1012117.exr,right,0.9956324696540833
d_1012119.exr,right,0.9905143976211548
d_1012125.exr,wrong,0.995194137096405
d_1012126.exr,right,0.9956247210502625
d_1012128.exr,wrong,0.9796282649040222
d_1012129.exr,right,0.9956291913986206
d_1012130.exr,right,0.9953759908676147
d_1012131.exr,right,0.9956039190292358
d_1012132.exr,right,0.9955692887306213
d_1012133.exr,right,0.9956182241439819
d_1012134.exr,right,0.9956015348434448
d_1012136.exr,right,0.995272696018219
d_1012137.exr,right,0.9955230951309204
d_1012139.exr,right,0.995633065700531
d_1012140.exr,right,0.9956235289573669
d_1012143.exr,right,0.9956195950508118
d_1012146.exr,right,0.995627760887146
d_1012147.exr,right,0.9955359697341919
d_1012149.exr,wrong,0.9727784395217896
d_1012150.exr,right,0.9956232905387878
d_1012151.exr,right,0.9938859343528748
d_1012152.exr,right,0.9956349730491638
d_1012156.exr,right,0.9956111311912537
d_1012158.exr,right,0.9956226944923401
d_1012159.exr,right,0.9956229329109192
d_1012160.exr,right,0.9955410361289978
d_1012162.exr,right,0.9956364035606384
d_1012165.exr,right,0.9951598048210144
d_1012167.exr,right,0.9950562715530396
d_1012168.exr,right,0.99553382396698
d_1012169.exr,right,0.9956285953521729
d_1012171.exr,right,0.9944478273391724
d_1012172.exr,right,0.9951423406600952
d_1012174.exr,right,0.9956315755844116
d_1012175.exr,right,0.9956291913986206
d_1012176.exr,right,0.9955381155014038
d_1012177.exr,right,0.9954994320869446
d_1012178.exr,right,0.9956064820289612
d_1012179.exr,wrong,0.9913946986198425
d_1012181.exr,right,0.995603084564209
d_1012182.exr,right,0.9956088662147522
d_1012183.exr,right,0.9956251978874207
d_1012184.exr,right,0.9956380724906921
d_1012185.exr,right,0.995634138584137
d_1012188.exr,right,0.9956272840499878
d_1012189.exr,right,0.9949266910552979
d_1012190.exr,wrong,0.9913927316665649
d_1012191.exr,right,0.9955995082855225
d_1012192.exr,right,0.995628833770752
d_1012194.exr,wrong,0.9944422841072083
d_1012195.exr,right,0.995107889175415
d_1012196.exr,wrong,0.9956822395324707
d_1012199.exr,right,0.995633065700531
d_1012200.exr,right,0.9930369257926941
d_1012201.exr,right,0.995628833770752
d_1012202.exr,right,0.995433509349823
d_1012204.exr,right,0.9956165552139282
d_1012205.exr,right,0.9956294298171997
d_1012207.exr,right,0.995604395866394
d_1012208.exr,right,0.9955915212631226
d_1012209.exr,right,0.9956223368644714
d_1012212.exr,right,0.9956335425376892
d_1012213.exr,wrong,0.9939907789230347
d_1012215.exr,right,0.9955677390098572
d_1012217.exr,right,0.9956300258636475
d_1012218.exr,right,0.9956264495849609
d_1012219.exr,wrong,0.9956790804862976
d_1012222.exr,right,0.9956205487251282
d_1012223.exr,right,0.9955369234085083
d_1012225.exr,right,0.9956054091453552
d_1012226.exr,right,0.9956339001655579
d_1012227.exr,right,0.9956212639808655
d_1012228.exr,wrong,0.9885473251342773
d_1012229.exr,right,0.9956005811691284
d_1012230.exr,right,0.9956232905387878
d_1012231.exr,right,0.9956001043319702
d_1012234.exr,right,0.9956045150756836
d_1012235.exr,right,0.9955547451972961
d_1012238.exr,right,0.9954590797424316
d_1012239.exr,right,0.9956064820289612
d_1012240.exr,right,0.9955999851226807
d_1012241.exr,wrong,0.9956048727035522
d_1012242.exr,right,0.9956399202346802
d_1012243.exr,right,0.9947760105133057
d_1012244.exr,right,0.9956205487251282
d_1012245.exr,right,0.9956238865852356
d_1012246.exr,right,0.9955871105194092
d_1012247.exr,right,0.9956246018409729
d_1012248.exr,right,0.9955396056175232
d_1012249.exr,right,0.9955523610115051
d_1012250.exr,right,0.9956228137016296
d_1012252.exr,right,0.9956041574478149
d_1012253.exr,right,0.9956176280975342
d_1012254.exr,wrong,0.9957098960876465
d_1012257.exr,right,0.9950768351554871
d_1012258.exr,right,0.9956318140029907
d_1012259.exr,right,0.9956329464912415
d_1012260.exr,right,0.9956306219100952
d_1012262.exr,right,0.9949678778648376
d_1012263.exr,right,0.9956204295158386
d_1012264.exr,right,0.9956185221672058
d_1012265.exr,right,0.9955964684486389
d_1012267.exr,right,0.9956296682357788
d_1012268.exr,right,0.9956135749816895
d_1012269.exr,right,0.9955893754959106
d_1012270.exr,right,0.9954267144203186
d_1012271.exr,right,0.9956033229827881
d_1012272.exr,right,0.9956287145614624
d_1012275.exr,right,0.995627760887146
d_1012276.exr,right,0.9956193566322327
d_1012277.exr,right,0.9956381916999817
d_1012278.exr,right,0.9956234097480774
d_1012280.exr,right,0.995622456073761
d_1012281.exr,right,0.9956187605857849
d_1012284.exr,right,0.9956211447715759
d_1012286.exr,right,0.9956306219100952
d_1012287.exr,wrong,0.9932194352149963
d_1012288.exr,right,0.9956327080726624
d_1012289.exr,right,0.9956337809562683
d_1012290.exr,right,0.99517422914505
d_1012291.exr,right,0.993958592414856
d_1012292.exr,wrong,0.9914957284927368
d_1012296.exr,right,0.9956158399581909
d_1012297.exr,right,0.9955106973648071
d_1012298.exr,right,0.9956274032592773
d_1012299.exr,right,0.9956146478652954
d_1012300.exr,right,0.9956220984458923
d_1012303.exr,right,0.9956185221672058
d_1012304.exr,right,0.9954212307929993
d_1012305.exr,right,0.9956268072128296
d_1012306.exr,right,0.995612621307373
d_1012307.exr,right,0.9953978657722473
d_1012308.exr,right,0.9956141710281372
d_1012309.exr,right,0.9955339431762695
d_1012310.exr,right,0.9956178665161133
d_1012311.exr,wrong,0.99480140209198
d_1012312.exr,right,0.9956167936325073
d_1012313.exr,right,0.9955618381500244
d_1012314.exr,right,0.9956252574920654
d_1012315.exr,wrong,0.9863929152488708
d_1012316.exr,right,0.9956339001655579
d_1012317.exr,right,0.9956206679344177
d_1012319.exr,right,0.9956176280975342
d_1012320.exr,right,0.9955582618713379
d_1012321.exr,right,0.9956215023994446
d_1012322.exr,right,0.9956048727035522
d_1012323.exr,right,0.9944953322410583
d_1012324.exr,right,0.995455265045166
d_1012328.exr,right,0.9954001307487488
d_1012329.exr,right,0.9956176280975342
d_1012330.exr,right,0.9956108927726746
d_1012331.exr,right,0.9956068396568298
d_1012333.exr,right,0.9955770969390869
d_1012335.exr,right,0.9955008625984192
d_1012336.exr,right,0.9956225752830505
d_1012337.exr,right,0.9955539107322693
d_1012338.exr,right,0.9953717589378357
d_1012340.exr,right,0.995164155960083
d_1012341.exr,right,0.9956142902374268
d_1012342.exr,right,0.9956228137016296
d_1012343.exr,right,0.9955737590789795
d_1012345.exr,right,0.9956218600273132
d_1012346.exr,right,0.9955957531929016
d_1012347.exr,right,0.995589017868042
d_1012349.exr,right,0.9955457448959351
d_1012350.exr,right,0.9943208694458008
d_1012351.exr,wrong,0.994773805141449
d_1012352.exr,right,0.9956313371658325
d_1012353.exr,right,0.9956284761428833
d_1012355.exr,right,0.9956259727478027
d_1012356.exr,right,0.9956234097480774
d_1012358.exr,right,0.9955955147743225
d_1012360.exr,right,0.9955896139144897
d_1012362.exr,right,0.9956372380256653
d_1012363.exr,right,0.9951677322387695
d_1012364.exr,right,0.995610773563385
d_1012365.exr,right,0.9956335425376892
d_1012367.exr,right,0.9956181049346924
d_1012368.exr,right,0.99562007188797
d_1012370.exr,right,0.9956240057945251
d_1012372.exr,right,0.9955264925956726
d_1012373.exr,right,0.9939163327217102
d_1012374.exr,right,0.9956299066543579
d_1012375.exr,right,0.995614767074585
d_1012377.exr,right,0.9956086277961731
d_1012378.exr,right,0.9956195950508118
d_1012379.exr,right,0.9956231713294983
d_1012380.exr,right,0.9948530793190002
d_1012381.exr,right,0.9956150054931641
d_1012382.exr,wrong,0.9830902814865112
d_1012383.exr,right,0.9956024885177612
d_1012384.exr,wrong,0.9947549104690552
d_1012387.exr,right,0.9955251812934875
d_1012388.exr,right,0.995186984539032
d_1012389.exr,right,0.995591402053833
d_1012390.exr,right,0.995618462562561
d_1012391.exr,right,0.995460569858551
d_1012393.exr,right,0.995585560798645
d_1012395.exr,right,0.9956375956535339
d_1012397.exr,right,0.9956187605857849
d_1012398.exr,right,0.9956106543540955
d_1012399.exr,right,0.9955931305885315
d_1012401.exr,right,0.9955611228942871
d_1012402.exr,right,0.9956258535385132
d_1012405.exr,right,0.9956042766571045
d_1012406.exr,right,0.9955403208732605
d_1012409.exr,right,0.9956061244010925
d_1012410.exr,right,0.9956014156341553
d_1012411.exr,right,0.9956088662147522
d_1012414.exr,right,0.9956303834915161
d_1012416.exr,right,0.9956005811691284
d_1012418.exr,right,0.9956282377243042
d_1012421.exr,right,0.9956310987472534
d_1012422.exr,right,0.9956293106079102
d_1012423.exr,right,0.9956343770027161
d_1012424.exr,right,0.9956327080726624
d_1012425.exr,right,0.995373547077179
d_1012426.exr,right,0.9915097951889038
d_1012429.exr,wrong,0.9892633557319641
d_1012430.exr,right,0.9954046010971069
d_1012431.exr,right,0.9884440302848816
d_1012432.exr,right,0.9956004619598389
d_1012434.exr,right,0.9956142902374268
d_1012436.exr,right,0.9955995082855225
d_1012437.exr,right,0.9956315755844116
d_1012438.exr,right,0.9956176280975342
d_1012439.exr,right,0.9956080317497253
d_1012441.exr,right,0.9956167936325073
d_1012442.exr,right,0.9956242442131042
d_1012443.exr,right,0.99562007188797
d_1012444.exr,right,0.9956185221672058
d_1012448.exr,right,0.9955957531929016
d_1012451.exr,right,0.9955841898918152
d_1012457.exr,right,0.9956153631210327
d_1012458.exr,right,0.9945967197418213
d_1012460.exr,right,0.9956052899360657
d_1012461.exr,right,0.9956175088882446
d_1012464.exr,right,0.9938122034072876
d_1012465.exr,right,0.9956251978874207
d_1012466.exr,right,0.9956303834915161
d_1012467.exr,right,0.9955410361289978
d_1012469.exr,right,0.9956256151199341
d_1012471.exr,right,0.9294354915618896
d_1012472.exr,right,0.9955859184265137
d_1012473.exr,right,0.9956151247024536
d_1012475.exr,right,0.9954493641853333
d_1012477.exr,wrong,0.9937509894371033
d_1012478.exr,right,0.9956296682357788
d_1012479.exr,right,0.9953761100769043
d_1012480.exr,right,0.9956360459327698
d_1012481.exr,right,0.9955533146858215
d_1012482.exr,right,0.9956138134002686
d_1012483.exr,wrong,0.9911858439445496
d_1012485.exr,right,0.9956128597259521
d_1012487.exr,wrong,0.9954732060432434
d_1012489.exr,right,0.9956201910972595
d_1012491.exr,right,0.9954062700271606
d_1012493.exr,right,0.9956215023994446
d_1012496.exr,right,0.9956101775169373
d_1012497.exr,right,0.995448887348175
d_1012498.exr,right,0.9955965876579285
d_1012499.exr,right,0.9956263303756714
d_1012501.exr,right,0.9956158399581909
d_1012502.exr,right,0.9956035614013672
d_1012504.exr,right,0.9956027269363403
d_1012506.exr,right,0.9954213500022888
d_1012507.exr,right,0.9956144094467163
d_1012510.exr,right,0.9956215023994446
d_1012512.exr,right,0.9956323504447937
d_1012513.exr,right,0.9956372380256653
d_1012514.exr,right,0.9956318140029907
d_1012516.exr,right,0.9956091046333313
d_1012517.exr,right,0.9954301118850708
d_1012519.exr,right,0.9955358505249023
d_1012520.exr,right,0.9955930113792419
d_1012521.exr,right,0.995634138584137
d_1012523.exr,right,0.9956164360046387
d_1012524.exr,right,0.9956088662147522
d_1012525.exr,right,0.9955908060073853
d_1012526.exr,right,0.9956185221672058
d_1012527.exr,right,0.9954268932342529
d_1012528.exr,right,0.995318591594696
d_1012529.exr,right,0.9956283569335938
d_1012530.exr,right,0.9956258535385132
d_1012531.exr,right,0.9955203533172607
d_1012534.exr,right,0.9952520132064819
d_1012535.exr,right,0.9956334233283997
d_1012536.exr,right,0.9955934882164001
d_1012540.exr,right,0.995628833770752
d_1012541.exr,right,0.9954653382301331
d_1012542.exr,right,0.9955281615257263
d_1012543.exr,right,0.9956375956535339
d_1012544.exr,right,0.9956219792366028
d_1012546.exr,wrong,0.9956824779510498
d_1012548.exr,right,0.9955945611000061
d_1012549.exr,right,0.9940740466117859
d_1012551.exr,right,0.9956281185150146
d_1012552.exr,right,0.9950019717216492
d_1012553.exr,right,0.9956086277961731
d_1012554.exr,right,0.9956343770027161
d_1012557.exr,right,0.995618999004364
d_1012559.exr,right,0.9956380724906921
d_1012560.exr,right,0.9956074357032776
d_1012561.exr,right,0.9956313371658325
d_1012562.exr,right,0.9931079149246216
d_1012563.exr,right,0.9950763583183289
d_1012565.exr,right,0.9955248832702637
d_1012566.exr,right,0.99562668800354
d_1012571.exr,right,0.9956323504447937
d_1012572.exr,right,0.9956222176551819
d_1012573.exr,right,0.9956293106079102
d_1012574.exr,right,0.995267927646637
d_1012575.exr,right,0.9956271648406982
d_1012576.exr,right,0.9956165552139282
d_1012577.exr,right,0.9955486059188843
d_1012580.exr,right,0.9956132173538208
d_1012582.exr,right,0.9956339001655579
d_1012583.exr,right,0.9955381751060486
d_1012584.exr,right,0.9956293106079102
d_1012586.exr,right,0.97636479139328
d_1012587.exr,right,0.995604395866394
d_1012589.exr,right,0.995629072189331
d_1012590.exr,right,0.9956282377243042
d_1012591.exr,right,0.9955856800079346
d_1012593.exr,right,0.9955965876579285
d_1012594.exr,right,0.9952810406684875
d_1012595.exr,right,0.9956026077270508
d_1012596.exr,right,0.9956268072128296
d_1012597.exr,right,0.9956278800964355
d_1012598.exr,right,0.9953988194465637
d_1012599.exr,right,0.9956157207489014
d_1012600.exr,right,0.9956179857254028
d_1012602.exr,right,0.9955963492393494
d_1012603.exr,right,0.9956256151199341
d_1012604.exr,right,0.9956177473068237
d_1012605.exr,right,0.995556652545929
d_1012606.exr,wrong,0.9956985712051392
d_1012608.exr,wrong,0.9950013756752014
d_1012609.exr,right,0.9955670237541199
d_1012610.exr,right,0.9955161213874817
d_1012611.exr,right,0.9956215023994446
d_1012612.exr,right,0.9955990314483643
d_1012613.exr,right,0.9956182241439819
d_1012614.exr,wrong,0.9945747256278992
d_1012615.exr,right,0.995639443397522
d_1012617.exr,right,0.9956133365631104
d_1012618.exr,right,0.995521068572998
d_1012619.exr,right,0.9955844283103943
d_1012621.exr,right,0.9955798983573914
d_1012622.exr,right,0.9956049919128418
d_1012623.exr,right,0.995602011680603
d_1012625.exr,right,0.9956197142601013
d_1012626.exr,right,0.995598554611206
d_1012627.exr,right,0.9955790638923645
d_1012629.exr,wrong,0.9957210421562195
d_1012630.exr,right,0.9956069588661194
d_1012631.exr,right,0.9956105351448059
d_1012633.exr,right,0.9956307411193848
d_1012635.exr,right,0.9956176280975342
d_1012636.exr,right,0.9956235289573669
d_1012638.exr,right,0.9956289529800415
d_1012639.exr,right,0.9956145286560059
d_1012640.exr,right,0.995604395866394
d_1012641.exr,right,0.9955412745475769
d_1012644.exr,right,0.9955853223800659
d_1012645.exr,right,0.993235170841217
d_1012649.exr,wrong,0.9953263998031616
d_1012651.exr,right,0.9955762624740601
d_1012652.exr,right,0.9956187605857849
d_1012654.exr,right,0.9956117868423462
d_1012655.exr,right,0.9955154061317444
d_1012656.exr,right,0.9956156015396118
d_1012657.exr,right,0.995606005191803
d_1012659.exr,right,0.9956234097480774
d_1012660.exr,right,0.9906094074249268
d_1012661.exr,right,0.9956387877464294
d_1012662.exr,right,0.9824114441871643
d_1012663.exr,right,0.9956080317497253
d_1012664.exr,right,0.9956308603286743
d_1012665.exr,right,0.9955959916114807
d_1012666.exr,right,0.9956046342849731
d_1012668.exr,right,0.9956133365631104
d_1012671.exr,right,0.99561607837677
d_1012673.exr,right,0.9945947527885437
d_1012674.exr,right,0.995608389377594
d_1012675.exr,right,0.995628833770752
d_1012676.exr,right,0.9951192140579224
d_1012677.exr,right,0.9954140186309814
d_1012678.exr,wrong,0.9921100735664368
d_1012680.exr,right,0.995628833770752
d_1012681.exr,right,0.9956132173538208
d_1012683.exr,right,0.995603084564209
d_1012684.exr,right,0.9956309795379639
d_1012686.exr,right,0.9956148862838745
d_1012687.exr,right,0.9956018924713135
d_1012688.exr,right,0.9955748319625854
d_1012689.exr,right,0.9956262111663818
d_1012690.exr,right,0.9956342577934265
d_1012691.exr,right,0.9953827261924744
d_1012692.exr,right,0.995614767074585
d_1012694.exr,right,0.9937445521354675
d_1012695.exr,right,0.9956067204475403
d_1012696.exr,right,0.9956377148628235
d_1012697.exr,right,0.9956243634223938
d_1012698.exr,right,0.9956034421920776
d_1012699.exr,right,0.9956297874450684
d_1012702.exr,right,0.9956358075141907
d_1012703.exr,right,0.9956167936325073
d_1012704.exr,right,0.9956315755844116
d_1012705.exr,right,0.9956011772155762
d_1012706.exr,right,0.9955209493637085
d_1012707.exr,right,0.9956148862838745
d_1012708.exr,right,0.9956343770027161
d_1012709.exr,right,0.9955524802207947
d_1012712.exr,right,0.9956302642822266
d_1012714.exr,wrong,0.555776059627533
d_1012715.exr,right,0.995622456073761
d_1012717.exr,right,0.995598554611206
d_1012718.exr,right,0.9955422282218933
d_1012720.exr,right,0.9955659508705139
d_1012722.exr,right,0.9956225752830505
d_1012723.exr,right,0.9956372380256653
d_1012725.exr,right,0.9956166744232178
d_1012726.exr,right,0.9956141710281372
d_1012727.exr,right,0.9955456256866455
d_1012729.exr,right,0.9956205487251282
d_1012730.exr,right,0.9956170320510864
d_1012731.exr,right,0.9956241250038147
d_1012732.exr,right,0.9955955147743225
d_1012734.exr,right,0.9956130981445312
d_1012736.exr,right,0.9956088662147522
d_1012737.exr,right,0.995491087436676
d_1012738.exr,right,0.9956225752830505
d_1012740.exr,wrong,0.995515763759613
d_1012741.exr,right,0.9953670501708984
d_1012742.exr,right,0.9951430559158325
d_1012743.exr,right,0.9940996170043945
d_1012746.exr,right,0.9955934882164001
d_1012747.exr,right,0.9939369559288025
d_1012748.exr,right,0.9956278800964355
d_1012751.exr,right,0.9866524338722229
d_1012753.exr,right,0.995625376701355
d_1012754.exr,wrong,0.992631196975708
d_1012755.exr,right,0.9955915808677673
d_1012756.exr,wrong,0.9939388036727905
d_1012758.exr,right,0.9956287145614624
d_1012759.exr,wrong,0.9789946675300598
d_1012760.exr,right,0.9956344962120056
d_1012761.exr,right,0.9956366419792175
d_1012766.exr,right,0.9956310987472534
d_1012768.exr,right,0.9956026077270508
d_1012769.exr,right,0.9956297874450684
d_1012770.exr,right,0.9956222176551819
d_1012771.exr,right,0.9955720901489258
d_1012772.exr,right,0.9955917000770569
d_1012773.exr,right,0.9956216216087341
d_1012774.exr,wrong,0.9809624552726746
d_1012775.exr,right,0.9956207871437073
d_1012777.exr,wrong,0.9948315620422363
d_1012778.exr,right,0.9955487251281738
d_1012779.exr,wrong,0.9903997778892517
d_1012780.exr,right,0.9956308603286743
d_1012781.exr,right,0.9956056475639343
d_1012782.exr,right,0.995597779750824
d_1012783.exr,right,0.9956366419792175
d_1012786.exr,right,0.9956339001655579
d_1012787.exr,right,0.9954869151115417
d_1012790.exr,right,0.9955649971961975
d_1012791.exr,right,0.9956344962120056
d_1012793.exr,right,0.995361864566803
d_1012794.exr,right,0.9947761297225952
d_1012795.exr,right,0.9956199526786804
d_1012796.exr,right,0.9945430755615234
d_1012797.exr,wrong,0.9894537925720215
d_1012799.exr,right,0.9954674243927002
d_1012800.exr,right,0.9956225752830505
d_1012801.exr,right,0.9956128597259521
d_1012803.exr,right,0.9956355690956116
d_1012805.exr,right,0.9845024943351746
d_1012807.exr,wrong,0.9889248013496399
d_1012809.exr,right,0.9956061244010925
d_1012810.exr,right,0.9956052899360657
d_1012811.exr,right,0.9956384301185608
d_1012812.exr,right,0.995622456073761
d_1012814.exr,right,0.9956356883049011
d_1012816.exr,right,0.9956228137016296
d_1012817.exr,right,0.9955845475196838
d_1012818.exr,right,0.9956199526786804
d_1012819.exr,wrong,0.9891708493232727
d_1012821.exr,right,0.9956105351448059
d_1012822.exr,right,0.9956236481666565
d_1012823.exr,right,0.9955894947052002
d_1012824.exr,right,0.9956262111663818
d_1012825.exr,right,0.9956355690956116
d_1012828.exr,right,0.9956337809562683
d_1012829.exr,right,0.9956344962120056
d_1012830.exr,right,0.9956056475639343
d_1012833.exr,right,0.9945322275161743
d_1012834.exr,right,0.9956299066543579
d_1012839.exr,right,0.9955121874809265
d_1012840.exr,right,0.9956134557723999
d_1012842.exr,wrong,0.9943972826004028
d_1012843.exr,right,0.995599627494812
d_1012844.exr,right,0.9955974221229553
d_1012847.exr,wrong,0.9919256567955017
d_1012848.exr,right,0.9956372380256653
d_1012851.exr,right,0.995631217956543
d_1012852.exr,right,0.9947741627693176
d_1012856.exr,right,0.9956371188163757
d_1012857.exr,right,0.9938796758651733
d_1012858.exr,right,0.9956296682357788
d_1012859.exr,right,0.9956263303756714
d_1012860.exr,wrong,0.9944203495979309
d_1012861.exr,right,0.9955778121948242
d_1012862.exr,right,0.9956379532814026
d_1012863.exr,wrong,0.8970596790313721
d_1012864.exr,right,0.9956039190292358
d_1012865.exr,right,0.9956340193748474
d_1012866.exr,right,0.9955971837043762
d_1012868.exr,right,0.9955755472183228
d_1012869.exr,right,0.9956262111663818
d_1012870.exr,right,0.995593249797821
d_1012874.exr,right,0.9956100583076477
d_1012875.exr,right,0.9956271648406982
d_1012876.exr,right,0.9956153631210327
d_1012878.exr,right,0.9955464601516724
d_1012879.exr,right,0.9956377148628235
d_1012880.exr,right,0.9955676198005676
d_1012882.exr,right,0.9955902099609375
d_1012884.exr,right,0.9955987930297852
d_1012885.exr,right,0.99562007188797
d_1012886.exr,right,0.9955476522445679
d_1012888.exr,right,0.9956384301185608
d_1012890.exr,right,0.9956135749816895
d_1012891.exr,right,0.9956244826316833
d_1012892.exr,right,0.9956108927726746
d_1012893.exr,right,0.9956236481666565
d_1012894.exr,right,0.9956228137016296
d_1012895.exr,right,0.9956249594688416
d_1012896.exr,right,0.9956066012382507
d_1012897.exr,right,0.9956297874450684
d_1012898.exr,right,0.9956254959106445
d_1012899.exr,right,0.9956342577934265
d_1012901.exr,right,0.9955270886421204
d_1012902.exr,right,0.9956154823303223
d_1012903.exr,right,0.9956232905387878
d_1012904.exr,wrong,0.947126567363739
d_1012905.exr,right,0.9956081509590149
d_1012907.exr,right,0.9956125020980835
d_1012909.exr,right,0.9956130981445312
d_1012911.exr,right,0.9956264495849609
d_1012912.exr,right,0.9955965876579285
d_1012915.exr,wrong,0.9955103397369385
d_1012916.exr,right,0.9956132173538208
d_1012917.exr,right,0.9956308603286743
d_1012919.exr,right,0.9907558560371399
d_1012920.exr,right,0.9956005811691284
d_1012921.exr,right,0.9956102967262268
d_1012924.exr,right,0.9955999851226807
d_1012925.exr,right,0.9956299066543579
d_1012926.exr,right,0.9930760860443115
d_1012927.exr,right,0.9954355359077454
d_1012928.exr,right,0.9956223368644714
d_1012931.exr,right,0.9956372380256653
d_1012933.exr,right,0.9927404522895813
d_1012936.exr,right,0.9953981041908264
d_1012937.exr,right,0.9955301880836487
d_1012938.exr,right,0.9955378770828247
d_1012939.exr,wrong,0.9948998093605042
d_1012940.exr,right,0.995520830154419
d_1012941.exr,right,0.994703471660614
d_1012942.exr,right,0.9956275224685669
d_1012945.exr,right,0.9946016073226929
d_1012948.exr,right,0.995614767074585
d_1012949.exr,right,0.9956337809562683
d_1012950.exr,right,0.9955499172210693
d_1012951.exr,right,0.9956088662147522
d_1012952.exr,wrong,0.9938595294952393
d_1012953.exr,right,0.9956151247024536
d_1012954.exr,right,0.9956106543540955
d_1012955.exr,right,0.9954370856285095
d_1012956.exr,right,0.9956232905387878
d_1012957.exr,right,0.9955922961235046
d_1012958.exr,wrong,0.9825365543365479
d_1012959.exr,right,0.9956339001655579
d_1012961.exr,right,0.995633065700531
d_1012962.exr,right,0.9956319332122803
d_1012963.exr,right,0.9955729246139526
d_1012964.exr,right,0.9955990314483643
d_1012965.exr,right,0.9955314993858337
d_1012967.exr,right,0.9956234097480774
d_1012968.exr,right,0.9955974221229553
d_1012970.exr,wrong,0.9892545938491821
d_1012972.exr,right,0.9956259727478027
d_1012973.exr,right,0.9954645037651062
d_1012975.exr,right,0.9956307411193848
d_1012976.exr,wrong,0.9930799603462219
d_1012977.exr,right,0.9938836693763733
d_1012978.exr,right,0.99561607837677
d_1012980.exr,right,0.9955729246139526
d_1012981.exr,right,0.9955908060073853
d_1012982.exr,right,0.9594022035598755
d_1012984.exr,right,0.9949601888656616
d_1012986.exr,right,0.995630145072937
d_1012987.exr,right,0.9956249594688416
d_1012988.exr,right,0.9956039190292358
d_1012989.exr,right,0.9956041574478149
d_1012991.exr,right,0.9956079125404358
d_1012993.exr,right,0.9956209063529968
d_1012994.exr,wrong,0.9947146773338318
d_1012996.exr,right,0.9954166412353516
d_1012997.exr,right,0.9956210255622864
d_1012999.exr,right,0.9956254959106445
d_1013000.exr,right,0.9956294298171997
d_1013003.exr,right,0.9956150054931641
d_1013005.exr,right,0.9931074976921082
d_1013007.exr,right,0.9953848719596863
d_1013008.exr,right,0.9956022500991821
d_1013009.exr,right,0.9956358075141907
d_1013010.exr,right,0.9956086277961731
d_1013011.exr,right,0.9955897331237793
d_1013012.exr,right,0.995599627494812
d_1013013.exr,right,0.995612621307373
d_1013014.exr,right,0.9954975843429565
d_1013016.exr,right,0.9954214692115784
d_1013017.exr,right,0.9955525994300842
d_1013020.exr,right,0.9955899715423584
d_1013021.exr,right,0.9956308603286743
d_1013022.exr,right,0.9956291913986206
d_1013023.exr,right,0.9956158399581909
d_1013026.exr,right,0.9955552220344543
d_1013027.exr,right,0.9956364035606384
d_1013028.exr,right,0.9920697212219238
d_1013029.exr,right,0.9956306219100952
d_1013030.exr,wrong,0.9936747550964355
d_1013031.exr,right,0.9955457448959351
d_1013032.exr,right,0.995623767375946
d_1013033.exr,right,0.9956219792366028
d_1013034.exr,right,0.9955962300300598
d_1013036.exr,right,0.9956307411193848
d_1013037.exr,right,0.9956040382385254
d_1013039.exr,wrong,0.9938429594039917
d_1013040.exr,right,0.995629072189331
d_1013043.exr,right,0.9956144094467163
d_1013044.exr,right,0.9956071972846985
d_1013046.exr,right,0.995549201965332
d_1013047.exr,right,0.9956268072128296
d_1013048.exr,right,0.9956204295158386
d_1013049.exr,right,0.9956015348434448
d_1013050.exr,right,0.9956352114677429
d_1013051.exr,right,0.9956129789352417
d_1013053.exr,right,0.995634138584137
d_1013054.exr,right,0.9956230521202087
d_1013055.exr,right,0.9956250786781311
d_1013056.exr,right,0.9956104159355164
d_1013057.exr,right,0.9955757856369019
d_1013058.exr,right,0.9940903782844543
d_1013059.exr,right,0.995633065700531
d_1013060.exr,right,0.9956270456314087
d_1013062.exr,right,0.9863619804382324
d_1013063.exr,right,0.9956242442131042
d_1013064.exr,right,0.995607316493988
d_1013066.exr,wrong,0.9953912496566772
d_1013067.exr,right,0.9955912828445435
d_1013068.exr,right,0.9956353306770325
d_1013069.exr,right,0.9871805310249329
d_1013071.exr,right,0.9955980181694031
d_1013072.exr,right,0.9953503608703613
d_1013073.exr,right,0.9748679399490356
d_1013075.exr,right,0.9956215023994446
d_1013077.exr,right,0.9956074357032776
d_1013078.exr,right,0.9956080317497253
d_1013080.exr,right,0.9956051707267761
d_1013081.exr,right,0.995631217956543
d_1013082.exr,right,0.9956199526786804
d_1013083.exr,right,0.9955644607543945
d_1013086.exr,right,0.9955809712409973
d_1013087.exr,right,0.9956349730491638
d_1013088.exr,right,0.9956235289573669
d_1013089.exr,right,0.9956350922584534
d_1013090.exr,wrong,0.9945042133331299
d_1013091.exr,right,0.9956322312355042
d_1013092.exr,wrong,0.9956735968589783
d_1013094.exr,right,0.9940794706344604
d_1013095.exr,right,0.995624840259552
d_1013096.exr,right,0.9956119060516357
d_1013099.exr,right,0.9956062436103821
d_1013102.exr,right,0.9955952763557434
d_1013103.exr,right,0.9956157207489014
d_1013104.exr,wrong,0.9954912066459656
d_1013106.exr,right,0.9956327080726624
d_1013108.exr,right,0.9956141710281372
d_1013109.exr,right,0.9956367611885071
d_1013110.exr,right,0.9956150054931641
d_1013112.exr,right,0.7635484933853149
d_1013113.exr,right,0.9955794215202332
d_1013114.exr,right,0.9929705262184143
d_1013116.exr,right,0.9956306219100952
d_1013117.exr,right,0.9956226944923401
d_1013118.exr,right,0.9956157207489014
d_1013119.exr,right,0.995564877986908
d_1013120.exr,right,0.9956331849098206
d_1013121.exr,right,0.9956284761428833
d_1013122.exr,right,0.9955700039863586
d_1013123.exr,right,0.9956113696098328
d_1013124.exr,right,0.995606005191803
d_1013125.exr,right,0.9956128597259521
d_1013126.exr,right,0.9956117272377014
d_1013127.exr,right,0.9956144094467163
d_1013128.exr,right,0.9956368803977966
d_1013129.exr,right,0.99562007188797
d_1013131.exr,right,0.9955989122390747
d_1013133.exr,right,0.9682603478431702
d_1013134.exr,right,0.9956104159355164
d_1013135.exr,wrong,0.9791674613952637
d_1013137.exr,wrong,0.9956881403923035
d_1013139.exr,right,0.9956034421920776
d_1013140.exr,right,0.9955859184265137
d_1013141.exr,right,0.9942002296447754
d_1013142.exr,right,0.9956117868423462
d_1013143.exr,right,0.9954557418823242
d_1013146.exr,right,0.9955635070800781
d_1013147.exr,right,0.9956305027008057
d_1013149.exr,right,0.9956334233283997
d_1013150.exr,right,0.9956230521202087
d_1013151.exr,right,0.9955905675888062
d_1013154.exr,right,0.9956361651420593
d_1013156.exr,right,0.9956284761428833
d_1013157.exr,right,0.9955908060073853
d_1013158.exr,right,0.9956121444702148
d_1013159.exr,right,0.9955601692199707
d_1013160.exr,right,0.9937387704849243
d_1013161.exr,right,0.995630145072937
d_1013162.exr,right,0.995621383190155
d_1013164.exr,right,0.9948787689208984
d_1013165.exr,right,0.9956016540527344
d_1013166.exr,right,0.9956320524215698
d_1013168.exr,right,0.9956076741218567
d_1013169.exr,right,0.5793476104736328
d_1013170.exr,right,0.9955453872680664
d_1013171.exr,right,0.9956071972846985
d_1013172.exr,right,0.995311439037323
d_1013173.exr,right,0.9956260919570923
d_1013174.exr,right,0.9955646991729736
d_1013175.exr,right,0.995610773563385
d_1013177.exr,right,0.9951633214950562
d_1013178.exr,right,0.9956058859825134
d_1013179.exr,right,0.9956251978874207
d_1013180.exr,right,0.9955757856369019
d_1013181.exr,right,0.995622456073761
d_1013182.exr,right,0.9956215023994446
d_1013183.exr,right,0.9955859184265137
d_1013185.exr,wrong,0.9860109090805054
d_1013187.exr,right,0.9945593476295471
d_1013189.exr,right,0.9956322312355042
d_1013190.exr,right,0.9955965876579285
d_1013191.exr,right,0.9953155517578125
d_1013192.exr,right,0.9955857992172241
d_1013193.exr,right,0.9952868223190308
d_1013194.exr,right,0.9956191182136536
d_1013196.exr,right,0.9956265687942505
d_1013197.exr,right,0.9956234097480774
d_1013198.exr,right,0.9954372048377991
d_1013201.exr,right,0.9956359267234802
d_1013204.exr,right,0.9955096244812012
d_1013205.exr,right,0.9955961108207703
d_1013206.exr,right,0.9955880641937256
d_1013207.exr,right,0.9956152439117432
d_1013208.exr,right,0.9936466217041016
d_1013209.exr,right,0.9956082701683044
d_1013211.exr,right,0.9893675446510315
d_1013213.exr,right,0.9956063628196716
d_1013214.exr,wrong,0.97230464220047
d_1013215.exr,right,0.9956142902374268
d_1013216.exr,right,0.9955754280090332
d_1013217.exr,right,0.9954807758331299
d_1013218.exr,right,0.9956295490264893
d_1013219.exr,right,0.9956215023994446
d_1013220.exr,right,0.9956260919570923
d_1013222.exr,right,0.9956176280975342
d_1013224.exr,right,0.9956071972846985
d_1013225.exr,right,0.9955871105194092
d_1013226.exr,right,0.9955508708953857
d_1013227.exr,right,0.995621383190155
d_1013228.exr,right,0.9955148100852966
d_1013229.exr,right,0.9890244603157043
d_1013231.exr,right,0.9956106543540955
d_1013233.exr,right,0.9956274032592773
d_1013235.exr,wrong,0.9950665235519409
d_1013236.exr,right,0.9955430626869202
d_1013237.exr,right,0.9956114888191223
d_1013239.exr,right,0.9956205487251282
d_1013240.exr,right,0.9953556060791016
d_1013241.exr,right,0.9956216216087341
d_1013242.exr,wrong,0.8565212488174438
d_1013244.exr,right,0.9956319332122803
d_1013246.exr,right,0.9956064820289612
d_1013247.exr,right,0.9955973029136658
d_1013248.exr,right,0.9956242442131042
d_1013249.exr,wrong,0.9948475360870361
d_1013251.exr,right,0.9956203103065491
d_1013252.exr,right,0.995596706867218
d_1013253.exr,right,0.9955062866210938
d_1013254.exr,right,0.9955666661262512
d_1013256.exr,right,0.9955962300300598
d_1013257.exr,right,0.9956082701683044
d_1013258.exr,right,0.9956306219100952
d_1013267.exr,right,0.9956167936325073
d_1013268.exr,right,0.9956210255622864
d_1013269.exr,right,0.9955759048461914
d_1013271.exr,wrong,0.994147539138794
d_1013272.exr,right,0.9955965876579285
d_1013273.exr,right,0.9956039190292358
d_1013274.exr,right,0.9956094622612
d_1013275.exr,right,0.9956021308898926
d_1013276.exr,right,0.9956156015396118
d_1013277.exr,right,0.9946255087852478
d_1013278.exr,right,0.9955974221229553
d_1013279.exr,right,0.9956075549125671
d_1013280.exr,right,0.9956283569335938
d_1013281.exr,right,0.9956167936325073
d_1013282.exr,right,0.9956188797950745
d_1013283.exr,right,0.9956339001655579
d_1013284.exr,right,0.9956183433532715
d_1013285.exr,right,0.9894188046455383
d_1013286.exr,right,0.9950719475746155
d_1013288.exr,right,0.995597779750824
d_1013290.exr,right,0.9956164360046387
d_1013291.exr,wrong,0.9812372326850891
d_1013293.exr,right,0.9953991770744324
d_1013296.exr,right,0.9956142902374268
d_1013298.exr,right,0.9956165552139282
d_1013299.exr,right,0.9956009387969971
d_1013300.exr,right,0.9956336617469788
d_1013301.exr,right,0.9948796033859253
d_1013303.exr,right,0.9956212639808655
d_1013304.exr,wrong,0.995697021484375
d_1013305.exr,right,0.9954431056976318
d_1013306.exr,right,0.9956299066543579
d_1013307.exr,right,0.9956047534942627
d_1013309.exr,right,0.9956337809562683
d_1013310.exr,right,0.9956177473068237
d_1013311.exr,wrong,0.9911589026451111
d_1013313.exr,right,0.9954594969749451
d_1013314.exr,right,0.9955957531929016
d_1013317.exr,right,0.9954341053962708
d_1013318.exr,wrong,0.9395023584365845
d_1013319.exr,right,0.995621383190155
d_1013321.exr,right,0.9956337809562683
d_1013323.exr,right,0.9956379532814026
d_1013324.exr,right,0.9955257773399353
d_1013325.exr,right,0.9956218600273132
d_1013326.exr,right,0.9956122636795044
d_1013327.exr,right,0.9956271648406982
d_1013328.exr,wrong,0.9956995248794556
d_1013329.exr,right,0.9956212639808655
d_1013331.exr,right,0.9956223368644714
d_1013332.exr,right,0.9956194758415222
d_1013334.exr,wrong,0.9602990746498108
d_1013336.exr,right,0.9956111311912537
d_1013338.exr,right,0.9956106543540955
d_1013339.exr,right,0.9956235289573669
d_1013340.exr,right,0.9956219792366028
d_1013343.exr,right,0.9955959916114807
d_1013344.exr,right,0.99562668800354
d_1013345.exr,right,0.9956092238426208
d_1013346.exr,right,0.9956062436103821
d_1013348.exr,right,0.9955482482910156
d_1013349.exr,right,0.9955990314483643
d_1013350.exr,right,0.9933131337165833
d_1013351.exr,right,0.9955757856369019
d_1013352.exr,right,0.9956368803977966
d_1013353.exr,right,0.9955915212631226
d_1013354.exr,right,0.9955944418907166
d_1013356.exr,wrong,0.9956799745559692
d_1013357.exr,right,0.9954416751861572
d_1013359.exr,right,0.9956283569335938
d_1013361.exr,right,0.9955838322639465
d_1013362.exr,wrong,0.9920554757118225
d_1013365.exr,right,0.9956057667732239
d_1013366.exr,right,0.9954872727394104
d_1013368.exr,right,0.9956264495849609
d_1013369.exr,right,0.995608389377594
d_1013370.exr,wrong,0.9906908273696899
d_1013371.exr,right,0.9956194758415222
d_1013372.exr,right,0.9956195950508118
d_1013373.exr,right,0.9954408407211304
d_1013375.exr,right,0.9956336617469788
d_1013376.exr,right,0.9956377148628235
d_1013377.exr,right,0.9956140518188477
d_1013378.exr,right,0.9955868721008301
d_1013379.exr,right,0.995610773563385
d_1013380.exr,right,0.9956374764442444
d_1013382.exr,right,0.9956179857254028
d_1013383.exr,right,0.9956099390983582
d_1013384.exr,right,0.995636522769928
d_1013385.exr,right,0.9955497980117798
d_1013387.exr,wrong,0.9058148264884949
d_1013388.exr,right,0.9956074357032776
d_1013389.exr,right,0.9890868663787842
d_1013390.exr,right,0.9956094622612
d_1013391.exr,right,0.9956384301185608
d_1013392.exr,right,0.9955025315284729
d_1013393.exr,right,0.99552321434021
d_1013394.exr,right,0.9956316947937012
d_1013395.exr,wrong,0.9953526258468628
d_1013396.exr,right,0.9956390857696533
d_1013399.exr,right,0.9955886602401733
d_1013400.exr,right,0.9956169128417969
d_1013401.exr,right,0.9956300258636475
d_1013402.exr,right,0.995593249797821
d_1013403.exr,right,0.9955411553382874
d_1013406.exr,right,0.9956238865852356
d_1013407.exr,right,0.9955788254737854
d_1013408.exr,right,0.9953032732009888
d_1013412.exr,right,0.9956291913986206
d_1013413.exr,right,0.9956177473068237
d_1013415.exr,right,0.9904274940490723
d_1013416.exr,right,0.994899332523346
d_1013417.exr,right,0.9956346154212952
d_1013418.exr,wrong,0.9952161312103271
d_1013420.exr,right,0.9956232905387878
d_1013421.exr,right,0.9955543875694275
d_1013424.exr,right,0.9955086708068848
d_1013425.exr,right,0.9956335425376892
d_1013426.exr,right,0.9956041574478149
d_1013429.exr,right,0.9956098198890686
d_1013430.exr,right,0.9955804944038391
d_1013433.exr,right,0.9956088662147522
d_1013435.exr,right,0.9954662322998047
d_1013436.exr,right,0.9956047534942627
d_1013437.exr,right,0.9956361651420593
d_1013439.exr,right,0.9953565001487732
d_1013440.exr,right,0.9955264925956726
d_1013441.exr,right,0.9956167936325073
d_1013444.exr,right,0.9956313371658325
d_1013445.exr,right,0.9956054091453552
d_1013447.exr,right,0.9956076741218567
d_1013448.exr,right,0.9955675005912781
d_1013449.exr,right,0.9956285953521729
d_1013451.exr,right,0.9956386685371399
d_1013452.exr,right,0.9956329464912415
d_1013453.exr,right,0.9955818057060242
d_1013454.exr,right,0.9956258535385132
d_1013455.exr,right,0.9955694079399109
d_1013456.exr,right,0.9940851926803589
d_1013457.exr,right,0.9956359267234802
d_1013458.exr,right,0.9954598546028137
d_1013460.exr,right,0.9953822493553162
d_1013461.exr,right,0.9956199526786804
d_1013462.exr,right,0.9954257607460022
d_1013463.exr,right,0.9955886602401733
d_1013464.exr,right,0.995612382888794
d_1013466.exr,right,0.9956182241439819
d_1013467.exr,right,0.9951130747795105
d_1013468.exr,right,0.9956130981445312
d_1013470.exr,right,0.9956204295158386
d_1013472.exr,right,0.9955899715423584
d_1013474.exr,right,0.9796130657196045
d_1013475.exr,right,0.9956313371658325
d_1013476.exr,right,0.9953550100326538
d_1013478.exr,right,0.9956134557723999
d_1013479.exr,right,0.995518684387207
d_1013480.exr,right,0.9956375956535339
d_1013481.exr,right,0.9956339001655579
d_1013483.exr,right,0.9956027269363403
d_1013485.exr,right,0.9945125579833984
d_1013486.exr,right,0.9955138564109802
d_1013487.exr,right,0.9955264925956726
d_1013490.exr,right,0.9956085085868835
d_1013491.exr,right,0.9892650842666626
d_1013493.exr,right,0.9956285953521729
d_1013494.exr,right,0.9956056475639343
d_1013495.exr,right,0.9956014156341553
d_1013497.exr,right,0.9952210783958435
d_1013498.exr,right,0.9956055283546448
d_1013499.exr,right,0.9955886602401733
d_1013500.exr,right,0.99562668800354
d_1013501.exr,right,0.9955663084983826
d_1013502.exr,right,0.9953599572181702
d_1013503.exr,right,0.9956087470054626
d_1013504.exr,right,0.9947866201400757
d_1013505.exr,right,0.9956098198890686
d_1013507.exr,right,0.9956100583076477
d_1013508.exr,right,0.9954214692115784
d_1013509.exr,right,0.9954506754875183
d_1013510.exr,right,0.9956201910972595
d_1013512.exr,right,0.9956116080284119
d_1013514.exr,right,0.9956158399581909
d_1013515.exr,right,0.9952940344810486
d_1013516.exr,right,0.9956211447715759
d_1013517.exr,right,0.9956268072128296
d_1013520.exr,right,0.9948170781135559
d_1013521.exr,right,0.995599627494812
d_1013522.exr,right,0.9956156015396118
d_1013524.exr,right,0.995621383190155
d_1013525.exr,right,0.9956203103065491
d_1013527.exr,right,0.9956305027008057
d_1013532.exr,right,0.9955999851226807
d_1013533.exr,right,0.995625376701355
d_1013535.exr,right,0.9956173896789551
d_1013536.exr,right,0.9956283569335938
d_1013539.exr,right,0.9956011772155762
d_1013540.exr,right,0.9956046342849731
d_1013545.exr,right,0.9956113696098328
d_1013546.exr,right,0.9955885410308838
d_1013547.exr,right,0.9956258535385132
d_1013548.exr,right,0.9956157207489014
d_1013549.exr,right,0.9956045150756836
d_1013550.exr,wrong,0.9925979375839233
d_1013551.exr,right,0.9956106543540955
d_1013553.exr,right,0.9956183433532715
d_1013555.exr,right,0.9786463379859924
d_1013558.exr,right,0.9955931305885315
d_1013559.exr,right,0.9956269264221191
d_1013560.exr,right,0.9942706823348999
d_1013562.exr,right,0.9889732003211975
d_1013563.exr,right,0.9956170320510864
d_1013564.exr,right,0.9953336119651794
d_1013567.exr,wrong,0.9957106113433838
d_1013568.exr,right,0.9956069588661194
d_1013569.exr,right,0.9956095814704895
d_1013570.exr,right,0.9956285953521729
d_1013571.exr,right,0.9956187605857849
d_1013572.exr,right,0.9956161975860596
d_1013574.exr,right,0.9942283630371094
d_1013575.exr,right,0.9956145286560059
d_1013578.exr,right,0.9956336617469788
d_1013579.exr,right,0.9955529570579529
d_1013580.exr,right,0.9956011772155762
d_1013581.exr,right,0.9955381155014038
d_1013582.exr,right,0.9956309795379639
d_1013583.exr,right,0.9955969452857971
d_1013585.exr,right,0.9955756664276123
d_1013586.exr,right,0.9956068396568298
d_1013587.exr,right,0.9955554604530334
d_1013589.exr,right,0.9955959916114807
d_1013590.exr,right,0.9956194758415222
d_1013591.exr,right,0.9950461387634277
d_1013593.exr,right,0.9956158399581909
d_1013594.exr,right,0.9955995082855225
d_1013595.exr,right,0.9956252574920654
d_1013596.exr,wrong,0.9956170320510864
d_1013597.exr,wrong,0.9955381751060486
d_1013598.exr,right,0.9956334233283997
d_1013599.exr,right,0.9956158399581909
d_1013600.exr,right,0.9955754280090332
d_1013603.exr,right,0.9956209063529968
d_1013604.exr,right,0.9956093430519104
d_1013605.exr,right,0.995634138584137
d_1013606.exr,wrong,0.995441198348999
d_1013609.exr,right,0.9929254055023193
d_1013610.exr,right,0.9956120252609253
d_1013615.exr,right,0.9956135749816895
d_1013616.exr,right,0.9955910444259644
d_1013617.exr,right,0.9956236481666565
d_1013619.exr,right,0.9956128597259521
d_1013620.exr,right,0.9955950379371643
d_1013622.exr,right,0.9956014156341553
d_1013625.exr,right,0.9955554604530334
d_1013626.exr,right,0.9955421090126038
d_1013627.exr,right,0.9955950379371643
d_1013628.exr,right,0.9956056475639343
d_1013629.exr,right,0.9955747127532959
d_1013630.exr,right,0.995581328868866
d_1013631.exr,right,0.9956360459327698
d_1013632.exr,right,0.9956067204475403
d_1013633.exr,right,0.995617151260376
d_1013635.exr,wrong,0.9955936074256897
d_1013637.exr,right,0.9951194524765015
d_1013639.exr,right,0.9955871105194092
d_1013640.exr,right,0.995625376701355
d_1013641.exr,right,0.995621383190155
d_1013643.exr,right,0.9956297874450684
d_1013645.exr,right,0.9955101013183594
d_1013646.exr,right,0.9956324696540833
d_1013647.exr,right,0.995603084564209
d_1013648.exr,right,0.5997980833053589
d_1013649.exr,right,0.9955633878707886
d_1013650.exr,wrong,0.9955108165740967
d_1013651.exr,right,0.9944880604743958
d_1013652.exr,right,0.9956300258636475
d_1013653.exr,right,0.9956128597259521
d_1013654.exr,right,0.9956302642822266
d_1013655.exr,right,0.9956080317497253
d_1013658.exr,right,0.9955888986587524
d_1013659.exr,right,0.9956259727478027
d_1013660.exr,right,0.9956258535385132
d_1013661.exr,right,0.9956327080726624
d_1013662.exr,right,0.9706541895866394
d_1013664.exr,right,0.9953445792198181
d_1013666.exr,right,0.995242714881897
d_1013667.exr,right,0.995567262172699
d_1013668.exr,right,0.995634138584137
d_1013669.exr,right,0.8710737228393555
d_1013672.exr,right,0.9955012202262878
d_1013673.exr,right,0.9955596923828125
d_1013674.exr,right,0.9956294298171997
d_1013676.exr,right,0.995621383190155
d_1013678.exr,right,0.9956036806106567
d_1013679.exr,wrong,0.9957122802734375
d_1013681.exr,right,0.9955440163612366
d_1013683.exr,right,0.9956258535385132
d_1013685.exr,right,0.9942880272865295
d_1013687.exr,right,0.9956068396568298
d_1013689.exr,right,0.9955987930297852
d_1013690.exr,right,0.9955384135246277
d_1013691.exr,right,0.9956282377243042
d_1013692.exr,right,0.9956187605857849
d_1013694.exr,right,0.9956231713294983
d_1013697.exr,right,0.9956068396568298
d_1013699.exr,right,0.9956145286560059
d_1013700.exr,right,0.99562668800354
d_1013702.exr,right,0.9954289197921753
d_1013706.exr,right,0.9955670237541199
d_1013707.exr,right,0.9956178665161133
d_1013709.exr,right,0.9955059289932251
d_1013710.exr,right,0.995618462562561
d_1013711.exr,right,0.9956320524215698
d_1013712.exr,right,0.9956265687942505
d_1013715.exr,right,0.9955769777297974
d_1013717.exr,right,0.9955957531929016
d_1013718.exr,right,0.9946643114089966
d_1013720.exr,right,0.9955732822418213
d_1013722.exr,right,0.9956158399581909
d_1013725.exr,right,0.995598316192627
d_1013727.exr,right,0.9956175088882446
d_1013728.exr,right,0.9956120252609253
d_1013729.exr,right,0.9954683780670166
d_1013730.exr,right,0.9956305027008057
d_1013731.exr,right,0.9956063628196716
d_1013732.exr,right,0.9955976605415344
d_1013733.exr,right,0.9944349527359009
d_1013734.exr,right,0.9956348538398743
d_1013735.exr,right,0.9956347346305847
d_1013738.exr,right,0.9956102967262268
d_1013741.exr,right,0.9949904084205627
d_1013742.exr,right,0.9956322312355042
d_1013743.exr,right,0.9956129789352417
d_1013744.exr,right,0.995591938495636
d_1013745.exr,right,0.9955706000328064
d_1013746.exr,right,0.9956335425376892
d_1013747.exr,right,0.995631217956543
d_1013748.exr,right,0.6675623059272766
d_1013751.exr,right,0.9956299066543579
d_1013752.exr,right,0.9956195950508118
d_1013753.exr,right,0.9956172704696655
d_1013754.exr,right,0.995633065700531
d_1013755.exr,wrong,0.9929308891296387
d_1013756.exr,right,0.9956274032592773
d_1013757.exr,wrong,0.988212525844574
d_1013758.exr,right,0.9896941184997559
d_1013760.exr,right,0.9956279993057251
d_1013761.exr,right,0.9956234097480774
d_1013763.exr,right,0.9939775466918945
d_1013764.exr,right,0.9954759478569031
d_1013765.exr,right,0.995602011680603
d_1013766.exr,right,0.9747713208198547
d_1013767.exr,right,0.9956050515174866
d_1013768.exr,right,0.9956271648406982
d_1013769.exr,right,0.828006386756897
d_1013771.exr,right,0.9956349730491638
d_1013773.exr,right,0.9956128597259521
d_1013774.exr,right,0.9956064820289612
d_1013775.exr,right,0.9956050515174866
d_1013776.exr,right,0.9956242442131042
d_1013777.exr,right,0.9956026077270508
d_1013779.exr,right,0.9955737590789795
d_1013781.exr,right,0.9956271648406982
d_1013782.exr,right,0.9956169128417969
d_1013784.exr,right,0.9956027269363403
d_1013785.exr,right,0.9943541288375854
d_1013786.exr,right,0.9955629110336304
d_1013787.exr,right,0.9874060750007629
d_1013789.exr,right,0.995170533657074
d_1013792.exr,wrong,0.9936379790306091
d_1013796.exr,right,0.9956042766571045
d_1013798.exr,right,0.9956064820289612
d_1013799.exr,right,0.995602011680603
d_1013800.exr,right,0.9955735206604004
d_1013801.exr,right,0.9956119060516357
d_1013802.exr,right,0.9956016540527344
d_1013803.exr,right,0.9947208166122437
d_1013804.exr,right,0.9956385493278503
d_1013805.exr,right,0.9956297874450684
d_1013809.exr,right,0.9956247210502625
d_1013811.exr,right,0.9955815672874451
d_1013812.exr,right,0.9952800273895264
d_1013813.exr,right,0.9956071972846985
d_1013814.exr,right,0.9956276416778564
d_1013815.exr,right,0.9955854415893555
d_1013816.exr,right,0.9946237802505493
d_1013817.exr,right,0.9956080317497253
d_1013819.exr,right,0.9956372380256653
d_1013821.exr,right,0.9955742359161377
d_1013822.exr,right,0.995630145072937
d_1013823.exr,right,0.9956183433532715
d_1013826.exr,wrong,0.995134174823761
d_1013828.exr,right,0.9955981373786926
d_1013832.exr,right,0.9955844283103943
d_1013835.exr,right,0.9956244826316833
d_1013836.exr,right,0.9956185221672058
d_1013837.exr,right,0.9956295490264893
d_1013838.exr,right,0.9956369996070862
d_1013840.exr,right,0.9935809373855591
d_1013842.exr,right,0.995628833770752
d_1013843.exr,right,0.9956048727035522
d_1013844.exr,right,0.9956269264221191
d_1013847.exr,right,0.9956178665161133
d_1013852.exr,right,0.9955849647521973
d_1013853.exr,right,0.9893460869789124
d_1013854.exr,wrong,0.9957029223442078
d_1013855.exr,right,0.995521068572998
d_1013856.exr,right,0.9955922961235046
d_1013859.exr,right,0.9956100583076477
d_1013860.exr,right,0.9955965876579285
d_1013861.exr,right,0.9875627756118774
d_1013866.exr,right,0.9952371120452881
d_1013867.exr,right,0.99562007188797
d_1013869.exr,right,0.9956041574478149
d_1013870.exr,right,0.9930883049964905
d_1013871.exr,right,0.9956372380256653
d_1013872.exr,right,0.9955862760543823
d_1013873.exr,wrong,0.9957140684127808
d_1013874.exr,wrong,0.9953048229217529
d_1013875.exr,right,0.9954816102981567
d_1013878.exr,right,0.9939630627632141
d_1013881.exr,right,0.9953659772872925
d_1013883.exr,right,0.9956088662147522
d_1013884.exr,right,0.9955986738204956
d_1013885.exr,right,0.9956262111663818
d_1013889.exr,right,0.9956017732620239
d_1013890.exr,right,0.9956296682357788
d_1013891.exr,right,0.9956251978874207
d_1013892.exr,right,0.9955857992172241
d_1013893.exr,right,0.9910167455673218
d_1013895.exr,right,0.9954700469970703
d_1013897.exr,right,0.9955804944038391
d_1013898.exr,right,0.9956108927726746
d_1013899.exr,right,0.9954696893692017
d_1013901.exr,right,0.9956340193748474
d_1013902.exr,right,0.9951685667037964
d_1013903.exr,right,0.9956337809562683
d_1013904.exr,right,0.9956272840499878
d_1013906.exr,right,0.9956347346305847
d_1013907.exr,right,0.9954625964164734
d_1013908.exr,right,0.995335042476654
d_1013909.exr,right,0.9956256151199341
d_1013911.exr,right,0.9956064820289612
d_1013912.exr,right,0.9956121444702148
d_1013913.exr,right,0.9955834746360779
d_1013914.exr,right,0.9955795407295227
d_1013916.exr,right,0.9950124621391296
d_1013917.exr,right,0.9955928921699524
d_1013918.exr,right,0.9956192374229431
d_1013919.exr,right,0.9956105351448059
d_1013920.exr,right,0.9955995082855225
d_1013923.exr,right,0.995506763458252
d_1013924.exr,right,0.9955679774284363
d_1013925.exr,right,0.9955676198005676
d_1013926.exr,right,0.9137728810310364
d_1013927.exr,right,0.9956281185150146
d_1013928.exr,right,0.9954625964164734
d_1013930.exr,wrong,0.9705356955528259
d_1013931.exr,right,0.9956235289573669
d_1013932.exr,right,0.9955945611000061
d_1013934.exr,wrong,0.9884920120239258
d_1013935.exr,right,0.9956289529800415
d_1013936.exr,right,0.9954807758331299
d_1013937.exr,right,0.9956316947937012
d_1013939.exr,right,0.9954223036766052
d_1013940.exr,right,0.9955814480781555
d_1013943.exr,right,0.9956014156341553
d_1013945.exr,right,0.9956088662147522
d_1013946.exr,right,0.9956047534942627
d_1013948.exr,right,0.9956183433532715
d_1013952.exr,right,0.9954965114593506
d_1013953.exr,right,0.9956127405166626
d_1013954.exr,right,0.9956209063529968
d_1013955.exr,right,0.9956209063529968
d_1013957.exr,right,0.9955483675003052
d_1013958.exr,right,0.995603084564209
d_1013959.exr,right,0.9956230521202087
d_1013960.exr,right,0.995624840259552
d_1013961.exr,wrong,0.864804208278656
d_1013962.exr,right,0.9914435744285583
d_1013963.exr,right,0.9956082701683044
d_1013964.exr,wrong,0.9954372048377991
d_1013965.exr,right,0.9955394864082336
d_1013966.exr,right,0.9954782128334045
d_1013967.exr,right,0.9954400062561035
d_1013969.exr,right,0.995597779750824
d_1013971.exr,right,0.9956076741218567
d_1013973.exr,right,0.9956193566322327
d_1013974.exr,right,0.9956240057945251
d_1013975.exr,right,0.9956140518188477
d_1013976.exr,right,0.9786202907562256
d_1013980.exr,right,0.9955899715423584
d_1013981.exr,right,0.9956187605857849
d_1013982.exr,right,0.9956003427505493
d_1013983.exr,right,0.9955922961235046
d_1013985.exr,right,0.9956374764442444
d_1013986.exr,right,0.9956128597259521
d_1013987.exr,right,0.9956159591674805
d_1013988.exr,right,0.9956010580062866
d_1013989.exr,right,0.9956320524215698
d_1013991.exr,right,0.9956009387969971
d_1013994.exr,right,0.9956313371658325
d_1013995.exr,right,0.9954460859298706
d_1013998.exr,right,0.9956222176551819
d_1013999.exr,wrong,0.9741829037666321
d_1014000.exr,right,0.9956263303756714
d_1014001.exr,right,0.9955933690071106
d_1014003.exr,right,0.9956088662147522
d_1014005.exr,right,0.9949276447296143
d_1014006.exr,right,0.995598316192627
d_1014009.exr,right,0.9956319332122803
d_1014010.exr,wrong,0.9957085847854614
d_1014011.exr,right,0.9956252574920654
d_1014012.exr,right,0.9902944564819336
d_1014014.exr,right,0.9956257343292236
d_1014015.exr,right,0.9956294298171997
d_1014016.exr,right,0.9955822825431824
d_1014017.exr,right,0.9956206679344177
d_1014020.exr,right,0.9956110119819641
d_1014021.exr,right,0.9956240057945251
d_1014022.exr,right,0.9952064156532288
d_1014023.exr,right,0.9955917000770569
d_1014024.exr,wrong,0.9936606287956238
d_1014026.exr,right,0.9956331849098206
d_1014027.exr,right,0.9955596923828125
d_1014028.exr,right,0.9956323504447937
d_1014029.exr,right,0.9956117272377014
d_1014030.exr,right,0.9954047203063965
d_1014032.exr,right,0.9956195950508118
d_1014034.exr,right,0.9956062436103821
d_1014035.exr,right,0.9955867528915405
d_1014036.exr,right,0.9956222176551819
d_1014037.exr,right,0.9955970644950867
d_1014038.exr,right,0.9954437017440796
d_1014039.exr,right,0.9955970644950867
d_1014040.exr,right,0.9956379532814026
d_1014042.exr,right,0.9944261312484741
d_1014043.exr,right,0.9956101775169373
d_1014044.exr,right,0.9955863952636719
d_1014045.exr,right,0.9956215023994446
d_1014046.exr,right,0.9955881834030151
d_1014047.exr,right,0.9951949715614319
d_1014049.exr,right,0.9956100583076477
d_1014050.exr,right,0.9956344962120056
d_1014051.exr,right,0.9955312609672546
d_1014052.exr,right,0.9956285953521729
d_1014053.exr,right,0.9956279993057251
d_1014055.exr,right,0.9956076741218567
d_1014056.exr,right,0.9940862655639648
d_1014057.exr,right,0.9956121444702148
d_1014058.exr,right,0.9954262375831604
d_1014060.exr,right,0.9956238865852356
d_1014061.exr,right,0.9955950379371643
d_1014062.exr,wrong,0.9954771399497986
d_1014063.exr,right,0.9956220984458923
d_1014065.exr,right,0.9956295490264893
d_1014066.exr,right,0.9956207871437073
d_1014068.exr,right,0.995609700679779
d_1014069.exr,right,0.995606005191803
d_1014070.exr,right,0.9956287145614624
d_1014072.exr,right,0.9956132173538208
d_1014073.exr,right,0.9956004619598389
d_1014074.exr,right,0.9956278800964355
d_1014076.exr,right,0.9956252574920654
d_1014077.exr,right,0.9955911636352539
d_1014078.exr,right,0.9954103827476501
d_1014079.exr,right,0.9956212639808655
d_1014080.exr,right,0.995612621307373
d_1014081.exr,wrong,0.7381377816200256
d_1014082.exr,right,0.9956321120262146
d_1014083.exr,right,0.9956305027008057
d_1014085.exr,right,0.9956061244010925
d_1014086.exr,right,0.9956379532814026
d_1014088.exr,right,0.994540274143219
d_1014089.exr,right,0.9956242442131042
d_1014090.exr,right,0.9948663711547852
d_1014091.exr,right,0.9955388903617859
d_1014095.exr,right,0.9955959916114807
d_1014096.exr,right,0.99562668800354
d_1014097.exr,right,0.9956309795379639
d_1014098.exr,right,0.995603084564209
d_1014100.exr,wrong,0.9919847846031189
d_1014101.exr,right,0.9956199526786804
d_1014103.exr,right,0.9956121444702148
d_1014104.exr,right,0.9953781366348267
d_1014105.exr,right,0.995573878288269
d_1014106.exr,right,0.995617151260376
d_1014108.exr,right,0.9953789710998535
d_1014109.exr,right,0.9956167936325073
d_1014110.exr,right,0.9956367611885071
d_1014112.exr,right,0.9955776929855347
d_1014114.exr,right,0.9956051707267761
d_1014116.exr,right,0.9956110119819641
d_1014118.exr,right,0.9955893754959106
d_1014119.exr,right,0.9953382015228271
d_1014120.exr,right,0.9956089854240417
d_1014121.exr,right,0.9934507608413696
d_1014122.exr,right,0.9956303834915161
d_1014123.exr,right,0.9955968260765076
d_1014125.exr,right,0.9956094622612
d_1014127.exr,right,0.9956201910972595
d_1014129.exr,right,0.9956340193748474
d_1014130.exr,right,0.9956234097480774
d_1014133.exr,right,0.9956299066543579
d_1014134.exr,right,0.9953135251998901
d_1014135.exr,right,0.9952709078788757
d_1014136.exr,right,0.9956372380256653
d_1014137.exr,wrong,0.9956071972846985
d_1014141.exr,right,0.9956268072128296
d_1014143.exr,right,0.9955833554267883
d_1014144.exr,right,0.9955984354019165
d_1014145.exr,right,0.9955908060073853
d_1014146.exr,right,0.9955688118934631
d_1014147.exr,right,0.9955995082855225
d_1014148.exr,right,0.9953619837760925
d_1014149.exr,right,0.995617151260376
d_1014150.exr,right,0.9956026077270508
d_1014153.exr,right,0.9956009387969971
d_1014154.exr,right,0.9956314563751221
d_1014155.exr,right,0.9949190020561218
d_1014159.exr,right,0.9955841898918152
d_1014164.exr,right,0.9953240752220154
d_1014165.exr,right,0.9950057864189148
d_1014167.exr,right,0.9956285953521729
d_1014170.exr,right,0.9956320524215698
d_1014172.exr,right,0.9952223896980286
d_1014173.exr,right,0.9956108927726746
d_1014175.exr,right,0.9956067204475403
d_1014179.exr,right,0.9956071972846985
d_1014180.exr,right,0.9955915212631226
d_1014181.exr,right,0.9956249594688416
d_1014182.exr,right,0.9956306219100952
d_1014183.exr,right,0.9956343770027161
d_1014185.exr,right,0.9955816864967346
d_1014187.exr,wrong,0.9950697422027588
d_1014188.exr,right,0.9953085780143738
d_1014189.exr,right,0.9955908060073853
d_1014191.exr,wrong,0.995710015296936
d_1014193.exr,right,0.9955416321754456
d_1014194.exr,right,0.9953376054763794
d_1014195.exr,right,0.9955990314483643
d_1014197.exr,right,0.995016872882843
d_1014198.exr,right,0.9956220984458923
d_1014199.exr,right,0.9955201148986816
d_1014200.exr,right,0.9955885410308838
d_1014202.exr,right,0.9956238865852356
d_1014203.exr,right,0.995618999004364
d_1014205.exr,right,0.9956183433532715
d_1014206.exr,right,0.995628833770752
d_1014207.exr,right,0.9933829307556152
d_1014208.exr,right,0.9955952763557434
d_1014210.exr,right,0.9956240057945251
d_1014211.exr,right,0.9956260919570923
d_1014214.exr,right,0.9955146908760071
d_1014218.exr,right,0.9956071972846985
d_1014219.exr,right,0.9756338596343994
d_1014221.exr,right,0.9956207871437073
d_1014222.exr,right,0.9954848289489746
d_1014223.exr,right,0.9956291913986206
d_1014224.exr,right,0.9955898523330688
d_1014226.exr,right,0.9956055283546448
d_1014228.exr,right,0.995618999004364
d_1014230.exr,right,0.9952986836433411
d_1014233.exr,wrong,0.9939408302307129
d_1014234.exr,right,0.9956058859825134
d_1014235.exr,right,0.9955770969390869
d_1014237.exr,right,0.9956234097480774
d_1014238.exr,right,0.995633065700531
d_1014239.exr,right,0.9956049919128418
d_1014240.exr,wrong,0.9932083487510681
d_1014242.exr,right,0.9956324696540833
d_1014243.exr,right,0.9956336617469788
d_1014244.exr,right,0.9955320358276367
d_1014245.exr,right,0.995600700378418
d_1014246.exr,right,0.995636522769928
d_1014247.exr,right,0.9956260919570923
d_1014249.exr,right,0.9956197142601013
d_1014251.exr,right,0.995578944683075
d_1014252.exr,right,0.9956264495849609
d_1014253.exr,wrong,0.9919688105583191
d_1014256.exr,right,0.9955908060073853
d_1014257.exr,right,0.9951072931289673
d_1014258.exr,right,0.9956018924713135
d_1014260.exr,right,0.9955846667289734
d_1014261.exr,right,0.9955353736877441
d_1014262.exr,right,0.9955449104309082
d_1014263.exr,right,0.9950740933418274
d_1014264.exr,right,0.9956323504447937
d_1014266.exr,right,0.9956372380256653
d_1014267.exr,right,0.995617151260376
d_1014268.exr,wrong,0.994807779788971
d_1014269.exr,right,0.9956095814704895
d_1014271.exr,right,0.9955998659133911
d_1014272.exr,right,0.9920727610588074
d_1014273.exr,right,0.9956098198890686
d_1014274.exr,right,0.9956130981445312
d_1014276.exr,right,0.9956110119819641
d_1014277.exr,right,0.9956314563751221
d_1014279.exr,right,0.9955801367759705
d_1014281.exr,right,0.9955859184265137
d_1014283.exr,right,0.9954765439033508
d_1014285.exr,right,0.9956282377243042
d_1014287.exr,wrong,0.9950939416885376
d_1014288.exr,right,0.9956244826316833
d_1014291.exr,right,0.9955772161483765
d_1014292.exr,right,0.9956206679344177
d_1014293.exr,right,0.9956088662147522
d_1014294.exr,right,0.9956050515174866
d_1014295.exr,right,0.995599627494812
d_1014296.exr,right,0.9956041574478149
d_1014299.exr,right,0.9956063628196716
d_1014303.exr,right,0.9956008195877075
d_1014304.exr,right,0.9956344962120056
d_1014306.exr,right,0.9956005811691284
d_1014307.exr,right,0.9955838322639465
d_1014308.exr,right,0.9956302642822266
d_1014309.exr,right,0.9954479336738586
d_1014311.exr,right,0.9849867224693298
d_1014313.exr,wrong,0.9946921467781067
d_1014315.exr,right,0.9956188797950745
d_1014316.exr,wrong,0.9956138134002686
d_1014317.exr,right,0.995630145072937
d_1014318.exr,right,0.9956101775169373
d_1014319.exr,right,0.9956194758415222
d_1014320.exr,right,0.9956051707267761
d_1014321.exr,right,0.9956271648406982
d_1014322.exr,right,0.995617151260376
d_1014323.exr,right,0.9956035614013672
d_1014325.exr,right,0.9955909252166748
d_1014326.exr,right,0.995630145072937
d_1014327.exr,right,0.9955924153327942
d_1014328.exr,right,0.9955146908760071
d_1014329.exr,right,0.9956199526786804
d_1014330.exr,right,0.9956198334693909
d_1014333.exr,right,0.9956343770027161
d_1014336.exr,right,0.991449773311615
d_1014337.exr,right,0.9956029653549194
d_1014338.exr,right,0.9956094622612
d_1014339.exr,right,0.9954073429107666
d_1014340.exr,right,0.9956099390983582
d_1014342.exr,right,0.9956342577934265
d_1014344.exr,right,0.995608389377594
d_1014345.exr,right,0.9956146478652954
d_1014346.exr,right,0.9956295490264893
d_1014351.exr,right,0.995618462562561
d_1014353.exr,right,0.9956289529800415
d_1014354.exr,right,0.9956340193748474
d_1014356.exr,right,0.9956284761428833
d_1014359.exr,right,0.9954772591590881
d_1014362.exr,right,0.9955981373786926
d_1014363.exr,right,0.9956087470054626
d_1014365.exr,right,0.9956116080284119
d_1014366.exr,right,0.9947655200958252
d_1014367.exr,right,0.9956110119819641
d_1014370.exr,right,0.9956029653549194
d_1014371.exr,right,0.9956121444702148
d_1014372.exr,right,0.9956099390983582
d_1014373.exr,right,0.9953776597976685
d_1014375.exr,right,0.9956187605857849
d_1014379.exr,right,0.9956094622612
d_1014384.exr,right,0.9956272840499878
d_1014385.exr,right,0.9956340193748474
d_1014386.exr,right,0.995614767074585
d_1014387.exr,right,0.9953188300132751
d_1014389.exr,right,0.9955840706825256
d_1014391.exr,right,0.9951514005661011
d_1014392.exr,right,0.9956017732620239
d_1014394.exr,right,0.9956080317497253
d_1014396.exr,right,0.9956225752830505
d_1014398.exr,right,0.9956187605857849
d_1014399.exr,right,0.9956232905387878
d_1014400.exr,right,0.9956331849098206
d_1014401.exr,right,0.9956323504447937
d_1014402.exr,right,0.9955984354019165
d_1014403.exr,right,0.9955450296401978
d_1014404.exr,wrong,0.9948593378067017
d_1014406.exr,right,0.9956309795379639
d_1014407.exr,right,0.9955702424049377
d_1014408.exr,right,0.9956310987472534
d_1014409.exr,right,0.9946553707122803
d_1014410.exr,wrong,0.9897956252098083
d_1014411.exr,right,0.995586633682251
d_1014415.exr,right,0.995634138584137
d_1014416.exr,right,0.9946176409721375
d_1014419.exr,right,0.9956016540527344
d_1014421.exr,right,0.9956223368644714
d_1014423.exr,right,0.9955918192863464
d_1014424.exr,right,0.9955893754959106
d_1014425.exr,right,0.9949217438697815
d_1014429.exr,right,0.995631217956543
d_1014431.exr,right,0.9925258159637451
d_1014432.exr,right,0.9955874681472778
d_1014433.exr,right,0.9956111311912537
d_1014437.exr,right,0.9955931305885315
d_1014439.exr,right,0.9956201910972595
d_1014440.exr,right,0.995598554611206
d_1014441.exr,right,0.9950063228607178
d_1014443.exr,right,0.9956356883049011
d_1014445.exr,right,0.9955931305885315
d_1014446.exr,right,0.9956274032592773
d_1014448.exr,right,0.9956067204475403
d_1014450.exr,right,0.9956246018409729
d_1014451.exr,right,0.9956125020980835
d_1014452.exr,right,0.9821364283561707
d_1014457.exr,right,0.9956339001655579
d_1014458.exr,right,0.995570957660675
d_1014459.exr,right,0.995604395866394
d_1014462.exr,right,0.9956087470054626
d_1014463.exr,right,0.9936489462852478
d_1014464.exr,right,0.9956348538398743
d_1014465.exr,right,0.9905761480331421
d_1014467.exr,right,0.9955909252166748
d_1014468.exr,right,0.9956334233283997
d_1014471.exr,right,0.9956154823303223
d_1014472.exr,right,0.9956022500991821
d_1014473.exr,right,0.9956098198890686
d_1014474.exr,right,0.9955775737762451
d_1014475.exr,right,0.9955176711082458
d_1014477.exr,right,0.9956333041191101
d_1014481.exr,right,0.9956169128417969
d_1014483.exr,wrong,0.9840652346611023
d_1014484.exr,wrong,0.9939845204353333
d_1014487.exr,right,0.9956230521202087
d_1014488.exr,right,0.9947051405906677
d_1014489.exr,right,0.9956252574920654
d_1014491.exr,right,0.9956146478652954
d_1014492.exr,right,0.9955940842628479
d_1014493.exr,right,0.9955742359161377
d_1014494.exr,right,0.9955457448959351
d_1014496.exr,right,0.995608389377594
d_1014497.exr,right,0.9955320358276367
d_1014498.exr,right,0.993844747543335
d_1014501.exr,right,0.9956313371658325
d_1014502.exr,right,0.9956340193748474
d_1014506.exr,right,0.9943788647651672
d_1014507.exr,right,0.9955975413322449
d_1014508.exr,right,0.9831604361534119
d_1014509.exr,right,0.9951085448265076
d_1014510.exr,right,0.9956299066543579
d_1014511.exr,right,0.9956037998199463
d_1014513.exr,right,0.9956276416778564
d_1014517.exr,right,0.9956323504447937
d_1014518.exr,right,0.9956220984458923
d_1014519.exr,right,0.9955872297286987
d_1014520.exr,right,0.9955917000770569
d_1014523.exr,right,0.9950062036514282
d_1014524.exr,right,0.9956307411193848
d_1014526.exr,right,0.9956259727478027
d_1014527.exr,right,0.994326651096344
d_1014530.exr,right,0.9956056475639343
d_1014532.exr,right,0.9956249594688416
d_1014533.exr,right,0.9956282377243042
d_1014535.exr,right,0.99562007188797
d_1014536.exr,right,0.9956177473068237
d_1014537.exr,right,0.9955936074256897
d_1014538.exr,right,0.9956087470054626
d_1014539.exr,right,0.9955506324768066
d_1014540.exr,right,0.9955859184265137
d_1014541.exr,right,0.9956130981445312
d_1014542.exr,right,0.9955633878707886
d_1014543.exr,right,0.9956296682357788
d_1014545.exr,right,0.9956321120262146
d_1014546.exr,right,0.9956002235412598
d_1014547.exr,right,0.9953873753547668
d_1014550.exr,right,0.9956062436103821
d_1014551.exr,right,0.9956161975860596
d_1014552.exr,right,0.994880199432373
d_1014555.exr,right,0.9955238103866577
d_1014556.exr,right,0.9956110119819641
d_1014558.exr,right,0.9956085085868835
d_1014561.exr,right,0.9812295436859131
d_1014562.exr,right,0.9956336617469788
d_1014563.exr,right,0.9956087470054626
d_1014564.exr,right,0.9956112504005432
d_1014565.exr,right,0.9952481389045715
d_1014567.exr,right,0.9955567717552185
d_1014569.exr,right,0.9956340193748474
d_1014570.exr,right,0.9956230521202087
d_1014571.exr,right,0.9956166744232178
d_1014572.exr,right,0.9953572154045105
d_1014573.exr,right,0.9956051707267761
d_1014574.exr,right,0.9948569536209106
d_1014575.exr,right,0.995589017868042
d_1014577.exr,right,0.9956148862838745
d_1014580.exr,right,0.9955942034721375
d_1014581.exr,right,0.9955238103866577
d_1014582.exr,right,0.9956240057945251
d_1014584.exr,right,0.9956061244010925
d_1014585.exr,right,0.9955844283103943
d_1014586.exr,right,0.9956005811691284
d_1014587.exr,right,0.9956169128417969
d_1014590.exr,right,0.9956274032592773
d_1014592.exr,right,0.9946775436401367
d_1014593.exr,right,0.995596706867218
d_1014594.exr,right,0.9956105351448059
d_1014595.exr,right,0.9955974221229553
d_1014597.exr,right,0.9955590963363647
d_1014601.exr,right,0.9917852878570557
d_1014602.exr,right,0.9956016540527344
d_1014603.exr,right,0.9955140948295593
d_1014605.exr,right,0.9955030083656311
d_1014606.exr,right,0.9955978989601135
d_1014609.exr,wrong,0.992809534072876
d_1014612.exr,right,0.9956364035606384
d_1014614.exr,right,0.9955877065658569
d_1014615.exr,right,0.9956016540527344
d_1014617.exr,right,0.9956347346305847
d_1014620.exr,right,0.9956166744232178
d_1014622.exr,right,0.995578944683075
d_1014625.exr,right,0.9953349232673645
d_1014628.exr,right,0.9955365657806396
d_1014629.exr,right,0.9956134557723999
d_1014630.exr,right,0.9953866600990295
d_1014631.exr,right,0.995623767375946
d_1014633.exr,right,0.995617151260376
d_1014635.exr,right,0.9955300688743591
d_1014636.exr,wrong,0.995457649230957
d_1014637.exr,right,0.9956216216087341
d_1014644.exr,right,0.9938955903053284
d_1014645.exr,wrong,0.9937574863433838
d_1014646.exr,right,0.9643275141716003
d_1014647.exr,right,0.995526134967804
d_1014648.exr,right,0.9956164360046387
d_1014651.exr,right,0.9956165552139282
d_1014652.exr,right,0.9956035614013672
d_1014654.exr,right,0.9956052899360657
d_1014656.exr,wrong,0.990851104259491
d_1014657.exr,right,0.9956339001655579
d_1014658.exr,right,0.9955697655677795
d_1014659.exr,right,0.9956328272819519
d_1014660.exr,wrong,0.9918506741523743
d_1014661.exr,right,0.9956089854240417
d_1014662.exr,right,0.9956302642822266
d_1014663.exr,right,0.99512779712677
d_1014665.exr,right,0.9956121444702148
d_1014667.exr,right,0.9955856800079346
d_1014668.exr,right,0.99561607837677
d_1014669.exr,right,0.9955642223358154
d_1014670.exr,right,0.9956051707267761
d_1014671.exr,right,0.9956211447715759
d_1014672.exr,right,0.9956142902374268
d_1014673.exr,right,0.9956164360046387
d_1014674.exr,right,0.9956176280975342
d_1014675.exr,right,0.9956036806106567
d_1014676.exr,right,0.9956279993057251
d_1014677.exr,right,0.9956211447715759
d_1014678.exr,right,0.9956352114677429
d_1014679.exr,right,0.9955419898033142
d_1014680.exr,right,0.9956161975860596
d_1014681.exr,right,0.9956228137016296
d_1014682.exr,right,0.9956271648406982
d_1014684.exr,wrong,0.9952974915504456
d_1014685.exr,right,0.9953271150588989
d_1014687.exr,right,0.9956086277961731
d_1014688.exr,right,0.9956150054931641
d_1014689.exr,right,0.9945428371429443
d_1014690.exr,right,0.9955788254737854
d_1014693.exr,right,0.9956218600273132
d_1014694.exr,right,0.9956223368644714
d_1014697.exr,right,0.995631217956543
d_1014698.exr,right,0.9955942034721375
d_1014699.exr,right,0.9953522682189941
d_1014700.exr,right,0.9956369996070862
d_1014704.exr,right,0.9956197142601013
d_1014705.exr,right,0.9956360459327698
d_1014708.exr,right,0.9951961636543274
d_1014709.exr,right,0.9956068396568298
d_1014710.exr,right,0.9954769015312195
d_1014713.exr,right,0.995622456073761
d_1014714.exr,right,0.9956130981445312
d_1014718.exr,right,0.9955576062202454
d_1014719.exr,right,0.9955884218215942
d_1014720.exr,right,0.9955679774284363
d_1014722.exr,right,0.9956105351448059
d_1014725.exr,right,0.9956344962120056
d_1014726.exr,right,0.9956342577934265
d_1014727.exr,right,0.9956101775169373
d_1014728.exr,right,0.9945375323295593
d_1014729.exr,right,0.995576024055481
d_1014730.exr,right,0.995609700679779
d_1014731.exr,right,0.9953547716140747
d_1014732.exr,right,0.9955928921699524
d_1014733.exr,wrong,0.9944114089012146
d_1014734.exr,right,0.99562007188797
d_1014735.exr,wrong,0.9868090152740479
d_1014736.exr,right,0.9956232905387878
d_1014739.exr,right,0.9956085085868835
d_1014741.exr,right,0.9956215023994446
d_1014743.exr,right,0.9956285953521729
d_1014744.exr,right,0.9956278800964355
d_1014746.exr,right,0.9956009387969971
d_1014748.exr,right,0.9955820441246033
d_1014749.exr,right,0.9956393241882324
d_1014751.exr,right,0.9951770305633545
d_1014752.exr,right,0.9955660700798035
d_1014753.exr,right,0.9956087470054626
d_1014754.exr,right,0.9956337809562683
d_1014755.exr,right,0.9951648712158203
d_1014756.exr,right,0.9956364035606384
d_1014757.exr,right,0.9955748319625854
d_1014758.exr,right,0.9947688579559326
d_1014759.exr,right,0.9946592450141907
d_1014760.exr,right,0.9956222176551819
d_1014761.exr,right,0.9955307841300964
d_1014762.exr,right,0.9956323504447937
d_1014764.exr,right,0.9956021308898926
d_1014765.exr,right,0.9940567016601562
d_1014766.exr,right,0.9956055283546448
d_1014767.exr,right,0.9893410801887512
d_1014768.exr,right,0.9935958981513977
d_1014769.exr,right,0.9956381916999817
d_1014771.exr,right,0.9956199526786804
d_1014774.exr,right,0.9952867031097412
d_1014775.exr,right,0.9955872297286987
d_1014776.exr,right,0.9956041574478149
d_1014778.exr,right,0.9956079125404358
d_1014779.exr,right,0.9956016540527344
d_1014786.exr,right,0.9956057667732239
d_1014787.exr,right,0.9956340193748474
d_1014791.exr,right,0.9956305027008057
d_1014792.exr,right,0.9956229329109192
d_1014795.exr,wrong,0.994067907333374
d_1014796.exr,right,0.995603084564209
d_1014799.exr,right,0.9956144094467163
d_1014800.exr,right,0.9956120252609253
d_1014801.exr,right,0.9956229329109192
d_1014802.exr,right,0.9955936074256897
d_1014803.exr,right,0.9955878257751465
d_1014807.exr,right,0.9956260919570923
d_1014808.exr,right,0.9956337809562683
d_1014809.exr,right,0.9956309795379639
d_1014810.exr,right,0.9956323504447937
d_1014811.exr,right,0.9956001043319702
d_1014812.exr,right,0.9956241250038147
d_1014813.exr,right,0.9950492978096008
d_1014814.exr,right,0.995629072189331
d_1014817.exr,right,0.9956386685371399
d_1014818.exr,right,0.9956016540527344
d_1014819.exr,right,0.9956156015396118
d_1014820.exr,right,0.9955884218215942
d_1014822.exr,right,0.9956082701683044
d_1014823.exr,right,0.9956055283546448
d_1014824.exr,right,0.9955139756202698
d_1014825.exr,wrong,0.9957225322723389
d_1014826.exr,right,0.9955042004585266
d_1014827.exr,right,0.9956120252609253
d_1014828.exr,right,0.9956056475639343
d_1014829.exr,right,0.9956322312355042
d_1014830.exr,right,0.9956308603286743
d_1014832.exr,right,0.9956257343292236
d_1014833.exr,right,0.9956270456314087
d_1014834.exr,right,0.9956323504447937
d_1014835.exr,right,0.9955883026123047
d_1014837.exr,right,0.9956207871437073
d_1014838.exr,right,0.9956074357032776
d_1014839.exr,right,0.995572566986084
d_1014842.exr,right,0.9956140518188477
d_1014844.exr,right,0.9956274032592773
d_1014846.exr,right,0.9956329464912415
d_1014847.exr,right,0.9956226944923401
d_1014848.exr,right,0.9956373572349548
d_1014849.exr,right,0.9956117272377014
d_1014852.exr,right,0.9956220984458923
d_1014853.exr,right,0.995621383190155
d_1014854.exr,right,0.9955946803092957
d_1014856.exr,right,0.9956093430519104
d_1014859.exr,right,0.9955883026123047
d_1014861.exr,right,0.9955487251281738
d_1014863.exr,right,0.9955990314483643
d_1014864.exr,right,0.9956315755844116
d_1014865.exr,right,0.9922806620597839
d_1014866.exr,right,0.9956220984458923
d_1014867.exr,right,0.9956157207489014
d_1014869.exr,right,0.9954885840415955
d_1014870.exr,right,0.9956373572349548
d_1014871.exr,right,0.9955152869224548
d_1014874.exr,right,0.9956182241439819
d_1014875.exr,right,0.9955853223800659
d_1014879.exr,right,0.9956209063529968
d_1014880.exr,right,0.9956339001655579
d_1014882.exr,right,0.995635449886322
d_1014884.exr,right,0.9956327080726624
d_1014885.exr,right,0.9956329464912415
d_1014886.exr,right,0.9956271648406982
d_1014888.exr,right,0.9956122636795044
d_1014889.exr,right,0.9956334233283997
d_1014890.exr,right,0.9956259727478027
d_1014891.exr,right,0.9956048727035522
d_1014892.exr,wrong,0.9882000684738159
d_1014893.exr,right,0.9953560829162598
d_1014894.exr,right,0.9956081509590149
d_1014895.exr,right,0.995612382888794
d_1014896.exr,right,0.9956015348434448
d_1014897.exr,right,0.9956296682357788
d_1014898.exr,right,0.9955984354019165
d_1014899.exr,right,0.9956316947937012
d_1014901.exr,right,0.9956206679344177
d_1014902.exr,right,0.9956340193748474
d_1014903.exr,right,0.9955906867980957
d_1014904.exr,right,0.9956242442131042
d_1014905.exr,right,0.9956282377243042
d_1014906.exr,right,0.9956250786781311
d_1014907.exr,right,0.9955833554267883
d_1014908.exr,right,0.9955990314483643
d_1014909.exr,right,0.9943627119064331
d_1014910.exr,right,0.9955808520317078
d_1014912.exr,right,0.9955968260765076
d_1014914.exr,right,0.9953621029853821
d_1014915.exr,right,0.9955937266349792
d_1014916.exr,right,0.9956040382385254
d_1014917.exr,right,0.9955424666404724
d_1014919.exr,right,0.9956102967262268
d_1014920.exr,right,0.9956056475639343
d_1014921.exr,right,0.9956158399581909
d_1014922.exr,right,0.9956217408180237
d_1014923.exr,right,0.9956032037734985
d_1014924.exr,right,0.995596706867218
d_1014925.exr,right,0.9956299066543579
d_1014926.exr,right,0.9956176280975342
d_1014927.exr,right,0.995628833770752
d_1014928.exr,right,0.9950560331344604
d_1014931.exr,right,0.9956029653549194
d_1014932.exr,right,0.9956246018409729
d_1014933.exr,right,0.9956144094467163
d_1014936.exr,right,0.9930395483970642
d_1014938.exr,right,0.9956167936325073
d_1014939.exr,right,0.9956166744232178
d_1014941.exr,right,0.9956099390983582
d_1014942.exr,right,0.9956238865852356
d_1014943.exr,right,0.9956035614013672
d_1014944.exr,right,0.9956299066543579
d_1014945.exr,right,0.9955254197120667
d_1014946.exr,right,0.9956198334693909
d_1014947.exr,right,0.9956106543540955
d_1014948.exr,right,0.9956369996070862
d_1014949.exr,right,0.9955959916114807
d_1014950.exr,right,0.9956117868423462
d_1014951.exr,right,0.9956347346305847
d_1014952.exr,right,0.9956231713294983
d_1014953.exr,right,0.9955215454101562
d_1014957.exr,right,0.9956166744232178
d_1014958.exr,right,0.9956258535385132
d_1014959.exr,right,0.9956217408180237
d_1014960.exr,right,0.9956127405166626
d_1014961.exr,right,0.9953774213790894
d_1014962.exr,right,0.9956310987472534
d_1014964.exr,right,0.9956011772155762
d_1014965.exr,right,0.9956333041191101
d_1014966.exr,right,0.9956297874450684
d_1014968.exr,right,0.9956372380256653
d_1014972.exr,right,0.9956195950508118
d_1014973.exr,right,0.9956300258636475
d_1014974.exr,right,0.9916831254959106
d_1014975.exr,right,0.995445728302002
d_1014976.exr,right,0.9956087470054626
d_1014978.exr,right,0.9956315755844116
d_1014979.exr,right,0.9956293106079102
d_1014980.exr,right,0.9956185221672058
d_1014981.exr,right,0.9956315755844116
d_1014982.exr,right,0.9956037998199463
d_1014983.exr,right,0.9956232905387878
d_1014984.exr,right,0.9954968690872192
d_1014985.exr,right,0.9956111311912537
d_1014986.exr,wrong,0.9956132173538208
d_1014987.exr,right,0.9942823648452759
d_1014988.exr,right,0.9956340193748474
d_1014989.exr,wrong,0.9940980672836304
d_1014990.exr,wrong,0.9943922162055969
d_1014991.exr,right,0.9955578446388245
d_1014992.exr,right,0.9956164360046387
d_1014993.exr,right,0.9953752756118774
d_1014995.exr,right,0.9955300688743591
d_1014996.exr,right,0.9955793023109436
d_1015000.exr,right,0.9956005811691284
d_1015002.exr,right,0.9956303834915161
d_1015003.exr,right,0.9956005811691284
d_1015005.exr,right,0.9956144094467163
d_1015006.exr,right,0.9956185221672058
d_1015007.exr,right,0.9956046342849731
d_1015008.exr,wrong,0.9956745505332947
d_1015009.exr,right,0.9956163167953491
d_1015010.exr,right,0.9956377148628235
d_1015011.exr,right,0.9946351647377014
d_1015012.exr,right,0.9956178665161133
d_1015013.exr,right,0.9956035614013672
d_1015015.exr,right,0.9956282377243042
d_1015016.exr,right,0.9956139326095581
d_1015018.exr,right,0.9956353306770325
d_1015019.exr,right,0.9956362843513489
d_1015020.exr,right,0.9956306219100952
d_1015021.exr,right,0.9956305027008057
d_1015022.exr,right,0.9956173896789551
d_1015025.exr,right,0.9956146478652954
d_1015026.exr,right,0.9955992698669434
d_1015027.exr,right,0.9953824877738953
d_1015029.exr,right,0.9956163167953491
d_1015030.exr,right,0.9955618381500244
d_1015031.exr,right,0.9956134557723999
d_1015033.exr,right,0.9956347346305847
d_1015034.exr,right,0.9956259727478027
d_1015035.exr,right,0.9955134987831116
d_1015037.exr,right,0.9956296682357788
d_1015038.exr,right,0.993070662021637
d_1015040.exr,right,0.9935091137886047
d_1015041.exr,right,0.9956309795379639
d_1015042.exr,right,0.9625822901725769
d_1015043.exr,right,0.9956057667732239
d_1015045.exr,right,0.9949475526809692
d_1015046.exr,right,0.9955861568450928
d_1015047.exr,right,0.9956257343292236
d_1015048.exr,right,0.9936798810958862
d_1015049.exr,right,0.9955810904502869
d_1015053.exr,right,0.9955860376358032
d_1015054.exr,right,0.9956275224685669
d_1015055.exr,wrong,0.9957243204116821
d_1015057.exr,right,0.9953795671463013
d_1015058.exr,right,0.9956246018409729
d_1015059.exr,right,0.995612621307373
d_1015060.exr,right,0.9956082701683044
d_1015061.exr,wrong,0.9927445650100708
d_1015063.exr,right,0.9956185221672058
d_1015064.exr,right,0.9955775737762451
d_1015065.exr,right,0.9955281615257263
d_1015066.exr,right,0.9955918192863464
d_1015067.exr,right,0.9956159591674805
d_1015068.exr,right,0.9956032037734985
d_1015073.exr,right,0.9956125020980835
d_1015074.exr,right,0.9956265687942505
d_1015075.exr,wrong,0.9957192540168762
d_1015076.exr,right,0.9955872297286987
d_1015077.exr,right,0.9935797452926636
d_1015078.exr,right,0.9955995082855225
d_1015079.exr,right,0.9954777359962463
d_1015080.exr,right,0.995537519454956
d_1015081.exr,right,0.9956153631210327
d_1015082.exr,wrong,0.994838535785675
d_1015083.exr,wrong,0.9954432249069214
d_1015085.exr,right,0.9955782294273376
d_1015087.exr,right,0.9955505132675171
d_1015088.exr,right,0.9955886602401733
d_1015089.exr,right,0.9956185221672058
d_1015090.exr,right,0.9956398010253906
d_1015094.exr,right,0.9956254959106445
d_1015095.exr,right,0.9956066012382507
d_1015096.exr,right,0.9955739974975586
d_1015098.exr,right,0.9956088662147522
d_1015099.exr,right,0.9956222176551819
d_1015100.exr,right,0.9912582039833069
d_1015101.exr,right,0.9956220984458923
d_1015102.exr,right,0.9956198334693909
d_1015103.exr,right,0.995381236076355
d_1015104.exr,right,0.9955992698669434
d_1015106.exr,right,0.9956264495849609
d_1015107.exr,right,0.9956314563751221
d_1015108.exr,right,0.9956209063529968
d_1015111.exr,right,0.9956106543540955
d_1015112.exr,right,0.9955940842628479
d_1015113.exr,right,0.9925541281700134
d_1015114.exr,right,0.9956344962120056
d_1015115.exr,right,0.9955924153327942
d_1015116.exr,right,0.9956244826316833
d_1015117.exr,right,0.9956154823303223
d_1015118.exr,right,0.9956182241439819
d_1015120.exr,wrong,0.995072066783905
d_1015121.exr,right,0.9907523393630981
d_1015122.exr,right,0.9956230521202087
d_1015123.exr,right,0.9956228137016296
d_1015126.exr,right,0.9956375956535339
d_1015127.exr,right,0.9956016540527344
d_1015128.exr,right,0.9954807758331299
d_1015129.exr,right,0.995540201663971
d_1015130.exr,right,0.9955816864967346
d_1015131.exr,right,0.9956244826316833
d_1015132.exr,right,0.9955899715423584
d_1015134.exr,right,0.9955995082855225
d_1015135.exr,right,0.9956127405166626
d_1015137.exr,right,0.9956305027008057
d_1015138.exr,right,0.9955801367759705
d_1015139.exr,right,0.9955980181694031
d_1015140.exr,right,0.9955683350563049
d_1015141.exr,right,0.995566189289093
d_1015142.exr,right,0.9956282377243042
d_1015143.exr,right,0.9951732754707336
d_1015144.exr,right,0.9955101013183594
d_1015145.exr,right,0.9956323504447937
d_1015146.exr,right,0.9955886602401733
d_1015147.exr,right,0.9956306219100952
d_1015152.exr,right,0.9956040382385254
d_1015153.exr,right,0.9875106811523438
d_1015154.exr,right,0.9956140518188477
d_1015155.exr,right,0.9956101775169373
d_1015156.exr,right,0.9953230023384094
d_1015157.exr,right,0.9955971837043762
d_1015159.exr,right,0.9956063628196716
d_1015160.exr,right,0.9954534769058228
d_1015161.exr,right,0.9956274032592773
d_1015162.exr,right,0.9956331849098206
d_1015163.exr,right,0.9956156015396118
d_1015164.exr,right,0.9956243634223938
d_1015165.exr,right,0.9956287145614624
d_1015166.exr,wrong,0.9955952763557434
d_1015167.exr,right,0.9950281977653503
d_1015169.exr,right,0.9956283569335938
d_1015173.exr,right,0.9956297874450684
d_1015175.exr,right,0.995578944683075
d_1015176.exr,right,0.9955963492393494
d_1015178.exr,wrong,0.9156168699264526
d_1015180.exr,right,0.9956231713294983
d_1015181.exr,right,0.9956111311912537
d_1015182.exr,right,0.9956396818161011
d_1015183.exr,right,0.9950267672538757
d_1015184.exr,right,0.9956325888633728
d_1015185.exr,right,0.9956113696098328
d_1015186.exr,wrong,0.9954075217247009
d_1015187.exr,right,0.9956225752830505
d_1015188.exr,right,0.9952653646469116
d_1015190.exr,right,0.9955944418907166
d_1015192.exr,right,0.9956268072128296
d_1015195.exr,right,0.9956313371658325
d_1015196.exr,right,0.9956086277961731
d_1015199.exr,right,0.9956138134002686
d_1015200.exr,right,0.9956179857254028
d_1015201.exr,right,0.9956238865852356
d_1015202.exr,right,0.9956163167953491
d_1015204.exr,right,0.9956240057945251
d_1015205.exr,right,0.9950927495956421
d_1015206.exr,right,0.9956276416778564
d_1015207.exr,right,0.9956337809562683
d_1015208.exr,right,0.9956066012382507
d_1015209.exr,right,0.9956128597259521
d_1015210.exr,right,0.9955969452857971
d_1015211.exr,right,0.9956121444702148
d_1015212.exr,right,0.9951499104499817
d_1015214.exr,right,0.995585560798645
d_1015215.exr,right,0.9956321120262146
d_1015216.exr,right,0.9509341716766357
d_1015218.exr,right,0.995633065700531
d_1015219.exr,wrong,0.9953938722610474
d_1015221.exr,right,0.99420565366745
d_1015223.exr,right,0.9956247210502625
d_1015224.exr,right,0.995624840259552
d_1015225.exr,right,0.8889811038970947
d_1015226.exr,right,0.9956284761428833
d_1015227.exr,right,0.9955501556396484
d_1015229.exr,right,0.99562668800354
d_1015230.exr,right,0.9956158399581909
d_1015231.exr,right,0.9956099390983582
d_1015232.exr,right,0.9955780506134033
d_1015234.exr,right,0.9956314563751221
d_1015235.exr,right,0.9956151247024536
d_1015237.exr,right,0.9956246018409729
d_1015238.exr,right,0.9955997467041016
d_1015240.exr,right,0.9956012964248657
d_1015241.exr,right,0.9956049919128418
d_1015242.exr,right,0.9955663084983826
d_1015243.exr,right,0.995547890663147
d_1015245.exr,right,0.9956150054931641
d_1015246.exr,right,0.9956064820289612
d_1015248.exr,right,0.9954877495765686
d_1015250.exr,right,0.9956191182136536
d_1015251.exr,right,0.9956246018409729
d_1015252.exr,right,0.9954718351364136
d_1015253.exr,right,0.995602011680603
d_1015254.exr,right,0.9956217408180237
d_1015256.exr,right,0.9955951571464539
d_1015257.exr,right,0.9955871105194092
d_1015258.exr,right,0.9956313371658325
d_1015260.exr,right,0.9956199526786804
d_1015261.exr,right,0.9924455285072327
d_1015262.exr,wrong,0.9727588295936584
d_1015263.exr,right,0.9956302642822266
d_1015264.exr,right,0.9956366419792175
d_1015265.exr,right,0.9956223368644714
d_1015266.exr,right,0.9956046342849731
d_1015268.exr,right,0.9955849647521973
d_1015269.exr,right,0.9956348538398743
d_1015270.exr,right,0.9955726861953735
d_1015271.exr,right,0.9944051504135132
d_1015272.exr,right,0.9956163167953491
d_1015274.exr,right,0.9955952763557434
d_1015275.exr,right,0.9955912828445435
d_1015276.exr,right,0.995582640171051
d_1015278.exr,right,0.9956074357032776
d_1015281.exr,right,0.9955853223800659
d_1015282.exr,right,0.9955987930297852
d_1015284.exr,right,0.995613694190979
d_1015285.exr,right,0.9956054091453552
d_1015286.exr,right,0.9956215023994446
d_1015289.exr,right,0.9956306219100952
d_1015290.exr,right,0.9956211447715759
d_1015291.exr,wrong,0.9954056739807129
d_1015292.exr,right,0.9956231713294983
d_1015293.exr,right,0.9955868721008301
d_1015294.exr,right,0.995602011680603
d_1015295.exr,right,0.9955809712409973
d_1015296.exr,right,0.9956371188163757
d_1015297.exr,right,0.9956264495849609
d_1015300.exr,right,0.9956099390983582
d_1015301.exr,right,0.9954835176467896
d_1015303.exr,right,0.995633065700531
d_1015305.exr,right,0.9956243634223938
d_1015306.exr,right,0.995606005191803
d_1015308.exr,right,0.9956274032592773
d_1015311.exr,right,0.9954432249069214
d_1015312.exr,right,0.9956372380256653
d_1015313.exr,right,0.9956151247024536
d_1015314.exr,right,0.9956087470054626
d_1015315.exr,right,0.9956234097480774
d_1015317.exr,right,0.9956088662147522
d_1015318.exr,right,0.9956223368644714
d_1015319.exr,right,0.9955896139144897
d_1015320.exr,right,0.9935264587402344
d_1015321.exr,right,0.995604395866394
d_1015323.exr,right,0.9956368803977966
d_1015324.exr,right,0.9956225752830505
d_1015326.exr,right,0.995559811592102
d_1015328.exr,right,0.9956306219100952
d_1015329.exr,right,0.9955928921699524
d_1015330.exr,right,0.9955219030380249
d_1015333.exr,right,0.9956034421920776
d_1015334.exr,right,0.9956188797950745
d_1015335.exr,right,0.9955332279205322
d_1015336.exr,right,0.9954564571380615
d_1015337.exr,right,0.9956366419792175
d_1015339.exr,wrong,0.9913851022720337
d_1015341.exr,right,0.99538654088974
d_1015342.exr,right,0.9956074357032776
d_1015344.exr,right,0.9955216646194458
d_1015345.exr,right,0.9954438209533691
d_1015346.exr,right,0.9956231713294983
d_1015347.exr,right,0.9955731630325317
d_1015348.exr,right,0.9956195950508118
d_1015349.exr,right,0.9956325888633728
d_1015352.exr,right,0.9956278800964355
d_1015354.exr,right,0.9956310987472534
d_1015355.exr,right,0.9955074787139893
d_1015356.exr,right,0.9956334233283997
d_1015359.exr,wrong,0.9931744933128357
d_1015360.exr,right,0.995608389377594
d_1015362.exr,right,0.9956005811691284
d_1015363.exr,right,0.9955794215202332
d_1015365.exr,right,0.9956005811691284
d_1015366.exr,right,0.9956216216087341
d_1015367.exr,right,0.9956347346305847
d_1015368.exr,right,0.9956254959106445
d_1015371.exr,right,0.9955536723136902
d_1015374.exr,right,0.9956186413764954
d_1015375.exr,right,0.995587944984436
d_1015376.exr,right,0.9956187605857849
d_1015377.exr,right,0.9944592714309692
d_1015379.exr,right,0.995625376701355
d_1015381.exr,right,0.9955857992172241
d_1015383.exr,wrong,0.9952219128608704
d_1015384.exr,right,0.9947341680526733
d_1015388.exr,right,0.9937527775764465
d_1015389.exr,right,0.9955822825431824
d_1015392.exr,right,0.9955744743347168
d_1015394.exr,right,0.9956192374229431
d_1015396.exr,right,0.995553195476532
d_1015401.exr,right,0.9956144094467163
d_1015402.exr,right,0.9956153631210327
d_1015404.exr,right,0.9955884218215942
d_1015405.exr,right,0.9956340193748474
d_1015406.exr,right,0.9956263303756714
d_1015408.exr,right,0.9951752424240112
d_1015410.exr,right,0.9956306219100952
d_1015411.exr,right,0.9956063628196716
d_1015412.exr,right,0.9955942034721375
d_1015413.exr,right,0.9955759048461914
d_1015414.exr,right,0.9956259727478027
d_1015415.exr,right,0.995593249797821
d_1015417.exr,right,0.9956334233283997
d_1015418.exr,right,0.9956314563751221
d_1015419.exr,wrong,0.9946574568748474
d_1015420.exr,right,0.9955852031707764
d_1015421.exr,right,0.9956088662147522
d_1015423.exr,right,0.995595395565033
d_1015425.exr,wrong,0.9940578937530518
d_1015426.exr,wrong,0.9956129789352417
d_1015427.exr,right,0.9956291913986206
d_1015428.exr,right,0.9956240057945251
d_1015429.exr,right,0.9955973029136658
d_1015430.exr,right,0.9956281185150146
d_1015431.exr,right,0.9956342577934265
d_1015432.exr,right,0.9956300258636475
d_1015434.exr,right,0.995627760887146
d_1015435.exr,right,0.9956325888633728
d_1015436.exr,right,0.9956328272819519
d_1015437.exr,right,0.9889017343521118
d_1015438.exr,right,0.9955829977989197
d_1015439.exr,right,0.9956011772155762
d_1015440.exr,right,0.9947303533554077
d_1015444.exr,right,0.9955793023109436
d_1015445.exr,right,0.9956320524215698
d_1015446.exr,right,0.9955881834030151
d_1015447.exr,right,0.9956279993057251
d_1015449.exr,right,0.9955270886421204
d_1015450.exr,right,0.9956306219100952
d_1015451.exr,right,0.9956128597259521
d_1015452.exr,right,0.9955572485923767
d_1015453.exr,right,0.9956215023994446
d_1015454.exr,right,0.9923230409622192
d_1015455.exr,right,0.9956187605857849
d_1015456.exr,right,0.9956335425376892
d_1015458.exr,right,0.9956188797950745
d_1015459.exr,right,0.9956249594688416
d_1015460.exr,right,0.9948797225952148
d_1015463.exr,right,0.9956348538398743
d_1015466.exr,right,0.9955808520317078
d_1015467.exr,right,0.9955999851226807
d_1015470.exr,right,0.99562668800354
d_1015471.exr,right,0.9955939650535583
d_1015472.exr,right,0.9955655932426453
d_1015473.exr,right,0.9955605268478394
d_1015477.exr,right,0.99553382396698
d_1015479.exr,right,0.9955926537513733
d_1015481.exr,right,0.9396255612373352
d_1015483.exr,right,0.9956154823303223
d_1015484.exr,wrong,0.990009069442749
d_1015485.exr,wrong,0.9819743037223816
d_1015486.exr,right,0.9956222176551819
d_1015487.exr,wrong,0.9951425790786743
d_1015488.exr,right,0.9956134557723999
d_1015489.exr,right,0.9956281185150146
d_1015490.exr,right,0.9956158399581909
d_1015493.exr,right,0.9956141710281372
d_1015495.exr,right,0.9956132173538208
d_1015496.exr,right,0.9956316947937012
d_1015497.exr,right,0.9956384301185608
d_1015500.exr,right,0.9955927729606628
d_1015501.exr,right,0.9956182241439819
d_1015502.exr,right,0.9955982565879822
d_1015503.exr,right,0.995606005191803
d_1015504.exr,right,0.9910510778427124
d_1015505.exr,right,0.9956243634223938
d_1015506.exr,right,0.9955808520317078
d_1015507.exr,right,0.9956308603286743
d_1015508.exr,right,0.9955748319625854
d_1015511.exr,right,0.9950626492500305
d_1015514.exr,right,0.9956324696540833
d_1015515.exr,right,0.9954668283462524
d_1015517.exr,right,0.9927936792373657
d_1015519.exr,right,0.9956183433532715
d_1015520.exr,right,0.9955697655677795
d_1015521.exr,right,0.995617151260376
d_1015522.exr,right,0.9956271648406982
d_1015523.exr,right,0.9954215884208679
d_1015524.exr,right,0.9956181049346924
d_1015525.exr,right,0.9956156015396118
d_1015527.exr,right,0.9956285953521729
d_1015528.exr,right,0.9956258535385132
d_1015529.exr,right,0.9956188797950745
d_1015530.exr,right,0.9956026077270508
d_1015532.exr,right,0.9956337809562683
d_1015533.exr,right,0.9956316947937012
d_1015536.exr,right,0.9954991936683655
d_1015537.exr,right,0.9956166744232178
d_1015538.exr,right,0.9889941811561584
d_1015539.exr,right,0.9956303834915161
d_1015540.exr,right,0.9943569302558899
d_1015541.exr,right,0.9956216216087341
d_1015542.exr,right,0.9956381916999817
d_1015544.exr,right,0.9955719709396362
d_1015545.exr,right,0.9956218600273132
d_1015546.exr,right,0.9956240057945251
d_1015547.exr,right,0.9955809712409973
d_1015548.exr,right,0.9956192374229431
d_1015550.exr,wrong,0.9949911236763
d_1015551.exr,right,0.9956321120262146
d_1015552.exr,right,0.9956108927726746
d_1015553.exr,right,0.9956139326095581
d_1015554.exr,right,0.9956198334693909
d_1015555.exr,right,0.9956215023994446
d_1015556.exr,right,0.9955673813819885
d_1015557.exr,right,0.9955768585205078
d_1015558.exr,right,0.9956246018409729
d_1015559.exr,right,0.9956201910972595
d_1015560.exr,right,0.9956082701683044
d_1015562.exr,right,0.9956329464912415
d_1015563.exr,right,0.9956113696098328
d_1015564.exr,right,0.9956285953521729
d_1015565.exr,right,0.9955812096595764
d_1015567.exr,right,0.9956315755844116
d_1015568.exr,right,0.9944668412208557
d_1015569.exr,wrong,0.9913529753684998
d_1015570.exr,right,0.9948668479919434
d_1015571.exr,right,0.9956016540527344
d_1015572.exr,right,0.9956223368644714
d_1015573.exr,right,0.9916958212852478
d_1015574.exr,wrong,0.8138799071311951
d_1015576.exr,right,0.9956198334693909
d_1015577.exr,right,0.9955981373786926
d_1015579.exr,right,0.9955998659133911
d_1015580.exr,right,0.9955831170082092
d_1015582.exr,right,0.9956058859825134
d_1015583.exr,right,0.9956217408180237
d_1015584.exr,right,0.9956315755844116
d_1015585.exr,right,0.9956080317497253
d_1015586.exr,right,0.9956182241439819
d_1015587.exr,right,0.9956070780754089
d_1015588.exr,right,0.9956220984458923
d_1015590.exr,right,0.9956205487251282
d_1015594.exr,right,0.9956309795379639
d_1015596.exr,right,0.9951770305633545
d_1015597.exr,right,0.9955990314483643
d_1015598.exr,right,0.9956046342849731
d_1015599.exr,right,0.9948429465293884
d_1015600.exr,wrong,0.9954209923744202
d_1015601.exr,right,0.9953279495239258
d_1015602.exr,right,0.995623767375946
d_1015603.exr,right,0.9956166744232178
d_1015604.exr,right,0.9956359267234802
d_1015605.exr,right,0.9956287145614624
d_1015606.exr,right,0.9956195950508118
d_1015607.exr,right,0.9837228655815125
d_1015612.exr,right,0.9956393241882324
d_1015613.exr,right,0.9956067204475403
d_1015614.exr,right,0.9955843091011047
d_1015615.exr,right,0.9953979849815369
d_1015619.exr,right,0.9956047534942627
d_1015620.exr,right,0.9956274032592773
d_1015625.exr,right,0.9796890616416931
d_1015629.exr,right,0.9956333041191101
d_1015630.exr,right,0.9955511093139648
d_1015632.exr,right,0.9952341914176941
d_1015637.exr,right,0.9956212639808655
d_1015638.exr,right,0.9956381916999817
d_1015639.exr,right,0.9956193566322327
d_1015641.exr,right,0.9956259727478027
d_1015642.exr,right,0.9956177473068237
d_1015643.exr,right,0.9955881834030151
d_1015644.exr,right,0.9956111311912537
d_1015645.exr,wrong,0.9953516721725464
d_1015646.exr,right,0.9956346154212952
d_1015647.exr,right,0.9956307411193848
d_1015648.exr,right,0.9956252574920654
d_1015650.exr,wrong,0.9941166639328003
d_1015651.exr,wrong,0.9835590720176697
d_1015652.exr,right,0.9956121444702148
d_1015653.exr,right,0.9956104159355164
d_1015655.exr,right,0.9956014156341553
d_1015656.exr,right,0.9956303834915161
d_1015657.exr,right,0.995633065700531
d_1015658.exr,right,0.9956243634223938
d_1015660.exr,right,0.9956086277961731
d_1015662.exr,wrong,0.9954492449760437
d_1015663.exr,right,0.9956159591674805
d_1015664.exr,right,0.995637834072113
d_1015665.exr,right,0.9956299066543579
d_1015666.exr,right,0.9956108927726746
d_1015668.exr,right,0.9955873489379883
d_1015669.exr,right,0.9956279993057251
d_1015670.exr,wrong,0.9953763484954834
d_1015672.exr,right,0.9956144094467163
d_1015673.exr,right,0.9956085085868835
d_1015674.exr,wrong,0.9914221167564392
d_1015676.exr,right,0.995630145072937
d_1015677.exr,right,0.9956249594688416
d_1015678.exr,right,0.9956323504447937
d_1015679.exr,right,0.9955421090126038
d_1015680.exr,right,0.9956176280975342
d_1015681.exr,right,0.9955844283103943
d_1015683.exr,right,0.9955884218215942
d_1015684.exr,right,0.9956205487251282
d_1015685.exr,right,0.9867693185806274
d_1015686.exr,wrong,0.9918025135993958
d_1015687.exr,right,0.9956056475639343
d_1015688.exr,right,0.9955778121948242
d_1015689.exr,right,0.9956192374229431
d_1015690.exr,right,0.9956249594688416
d_1015691.exr,right,0.9956091046333313
d_1015692.exr,right,0.9956153631210327
d_1015693.exr,wrong,0.9955278038978577
d_1015694.exr,right,0.9952229857444763
d_1015699.exr,right,0.9956216216087341
d_1015700.exr,right,0.9956359267234802
d_1015701.exr,right,0.9956104159355164
d_1015703.exr,right,0.9951470494270325
d_1015704.exr,right,0.9954103827476501
d_1015705.exr,right,0.9956260919570923
d_1015706.exr,right,0.9956198334693909
d_1015708.exr,right,0.9956095814704895
d_1015709.exr,right,0.9956275224685669
d_1015710.exr,right,0.9956283569335938
d_1015711.exr,wrong,0.8656168580055237
d_1015713.exr,right,0.9955958724021912
d_1015714.exr,right,0.9956133365631104
d_1015715.exr,right,0.9953426122665405
d_1015716.exr,right,0.9956219792366028
d_1015717.exr,right,0.995623767375946
d_1015718.exr,right,0.9956231713294983
d_1015720.exr,right,0.9956295490264893
d_1015721.exr,right,0.9955816864967346
d_1015722.exr,right,0.9955782294273376
d_1015723.exr,right,0.9951229691505432
d_1015724.exr,right,0.9952573180198669
d_1015726.exr,right,0.9956272840499878
d_1015727.exr,right,0.9956148862838745
d_1015728.exr,right,0.9956203103065491
d_1015729.exr,right,0.9955917000770569
d_1015730.exr,right,0.9956148862838745
d_1015731.exr,wrong,0.9922963976860046
d_1015733.exr,right,0.9956040382385254
d_1015735.exr,right,0.9956287145614624
d_1015736.exr,right,0.9956204295158386
d_1015737.exr,right,0.9955418705940247
d_1015738.exr,right,0.9953676462173462
d_1015739.exr,wrong,0.9943742752075195
d_1015740.exr,right,0.9955981373786926
d_1015741.exr,right,0.9955366849899292
d_1015742.exr,right,0.9955734014511108
d_1015743.exr,right,0.994067907333374
d_1015744.exr,right,0.995600700378418
d_1015745.exr,right,0.9956226944923401
d_1015746.exr,right,0.9956295490264893
d_1015749.exr,right,0.9956206679344177
d_1015751.exr,right,0.9956075549125671
d_1015753.exr,right,0.9955999851226807
d_1015755.exr,wrong,0.9936018586158752
d_1015756.exr,right,0.9956331849098206
d_1015757.exr,right,0.9956259727478027
d_1015758.exr,right,0.9956125020980835
d_1015759.exr,right,0.9956011772155762
d_1015760.exr,right,0.9956238865852356
d_1015763.exr,right,0.9955884218215942
d_1015764.exr,right,0.9956388473510742
d_1015766.exr,right,0.9956339001655579
d_1015767.exr,right,0.9956041574478149
d_1015768.exr,right,0.9952645301818848
d_1015770.exr,right,0.9955829977989197
d_1015771.exr,right,0.9956274032592773
d_1015772.exr,right,0.9956296682357788
d_1015774.exr,right,0.9956271648406982
d_1015775.exr,right,0.9956176280975342
d_1015776.exr,right,0.9955835938453674
d_1015777.exr,right,0.9955582618713379
d_1015778.exr,right,0.995577335357666
d_1015779.exr,right,0.9955651164054871
d_1015780.exr,right,0.995630145072937
d_1015782.exr,right,0.9956276416778564
d_1015783.exr,right,0.9956106543540955
d_1015785.exr,right,0.9955612421035767
d_1015788.exr,right,0.9955784678459167
d_1015789.exr,right,0.9956145286560059
d_1015790.exr,right,0.9956272840499878
d_1015791.exr,right,0.9956120252609253
d_1015792.exr,right,0.99562007188797
d_1015793.exr,right,0.9956176280975342
d_1015794.exr,right,0.9955991506576538
d_1015795.exr,right,0.9956158399581909
d_1015796.exr,right,0.9955971837043762
d_1015797.exr,right,0.9954819679260254
d_1015799.exr,right,0.9956201910972595
d_1015800.exr,right,0.9956054091453552
d_1015801.exr,right,0.9956175088882446
d_1015802.exr,right,0.9955711960792542
d_1015804.exr,right,0.995609700679779
d_1015805.exr,right,0.9955321550369263
d_1015806.exr,right,0.9956080317497253
d_1015807.exr,right,0.9956296682357788
d_1015808.exr,right,0.9956225752830505
d_1015812.exr,right,0.9955704808235168
d_1015814.exr,right,0.9956167936325073
d_1015818.exr,right,0.9955827593803406
d_1015819.exr,wrong,0.9886757135391235
d_1015822.exr,right,0.9956029653549194
d_1015824.exr,right,0.9955381751060486
d_1015825.exr,right,0.9956178665161133
d_1015826.exr,wrong,0.9920021295547485
d_1015827.exr,right,0.9956036806106567
d_1015829.exr,wrong,0.5748966336250305
d_1015830.exr,right,0.9955547451972961
d_1015832.exr,right,0.995590329170227
d_1015833.exr,right,0.9956318140029907
d_1015834.exr,wrong,0.836153507232666
d_1015836.exr,right,0.9956291913986206
d_1015837.exr,right,0.9956342577934265
d_1015838.exr,right,0.9956003427505493
d_1015842.exr,right,0.9956077933311462
d_1015843.exr,right,0.995621383190155
d_1015844.exr,right,0.995634138584137
d_1015845.exr,wrong,0.9657281041145325
d_1015848.exr,right,0.9955878257751465
d_1015850.exr,right,0.9956144094467163
d_1015852.exr,right,0.9955689311027527
d_1015853.exr,right,0.995636522769928
d_1015854.exr,right,0.9955735206604004
d_1015855.exr,wrong,0.9917086958885193
d_1015857.exr,right,0.9956209063529968
d_1015858.exr,right,0.9956148862838745
d_1015861.exr,right,0.995608389377594
d_1015863.exr,right,0.9956212639808655
d_1015864.exr,right,0.9955995082855225
d_1015865.exr,right,0.9956278800964355
d_1015866.exr,right,0.995635449886322
d_1015867.exr,right,0.9955618381500244
d_1015869.exr,wrong,0.9936129450798035
d_1015871.exr,right,0.9955229759216309
d_1015873.exr,wrong,0.9919769167900085
d_1015874.exr,right,0.9956244826316833
d_1015875.exr,right,0.9956333041191101
d_1015876.exr,right,0.9956385493278503
d_1015878.exr,right,0.9955965876579285
d_1015880.exr,right,0.995607316493988
d_1015881.exr,right,0.9953272342681885
d_1015884.exr,right,0.9954865574836731
d_1015885.exr,right,0.9955625534057617
d_1015886.exr,right,0.9951974749565125
d_1015887.exr,right,0.9956295490264893
d_1015888.exr,right,0.9956308603286743
d_1015889.exr,right,0.9955783486366272
d_1015890.exr,right,0.9956337809562683
d_1015891.exr,right,0.9956268072128296
d_1015892.exr,right,0.9956323504447937
d_1015893.exr,right,0.9955264925956726
d_1015894.exr,right,0.995602011680603
d_1015897.exr,right,0.995612621307373
d_1015898.exr,right,0.9956051707267761
d_1015899.exr,right,0.9954792261123657
d_1015901.exr,right,0.9954400062561035
d_1015903.exr,right,0.9955982565879822
d_1015904.exr,wrong,0.9899161458015442
d_1015905.exr,right,0.9956361651420593
d_1015906.exr,right,0.9956334233283997
d_1015907.exr,right,0.9956244826316833
d_1015908.exr,right,0.9956071972846985
d_1015909.exr,right,0.9956259727478027
d_1015911.exr,right,0.9956389665603638
d_1015913.exr,right,0.9956347346305847
d_1015914.exr,right,0.9956373572349548
d_1015916.exr,right,0.9956381916999817
d_1015917.exr,right,0.9956241250038147
d_1015920.exr,right,0.995633065700531
d_1015922.exr,right,0.9954081177711487
d_1015923.exr,right,0.9954500794410706
d_1015924.exr,right,0.9956098198890686
d_1015926.exr,right,0.9955857992172241
d_1015927.exr,right,0.9956173896789551
d_1015928.exr,right,0.9955325126647949
d_1015929.exr,right,0.9956192374229431
d_1015930.exr,right,0.995610773563385
d_1015931.exr,right,0.9956158399581909
d_1015932.exr,right,0.995595395565033
d_1015935.exr,right,0.9956133365631104
d_1015936.exr,right,0.9956236481666565
d_1015939.exr,right,0.9956055283546448
d_1015942.exr,right,0.9955472946166992
d_1015943.exr,right,0.9954484105110168
d_1015944.exr,right,0.9956229329109192
d_1015945.exr,right,0.9956215023994446
d_1015948.exr,right,0.9945769309997559
d_1015949.exr,right,0.9956230521202087
d_1015950.exr,right,0.9956148862838745
d_1015951.exr,right,0.9956112504005432
d_1015952.exr,right,0.9956296682357788
d_1015953.exr,right,0.9956236481666565
d_1015954.exr,right,0.9952196478843689
d_1015955.exr,right,0.9956309795379639
d_1015956.exr,right,0.9956005811691284
d_1015957.exr,right,0.9956199526786804
d_1015958.exr,right,0.9955933690071106
d_1015959.exr,right,0.9956095814704895
d_1015960.exr,right,0.9956368803977966
d_1015961.exr,right,0.995608389377594
d_1015962.exr,right,0.9956033229827881
d_1015964.exr,right,0.9956193566322327
d_1015967.exr,right,0.9954814910888672
d_1015968.exr,right,0.9956242442131042
d_1015971.exr,right,0.9956036806106567
d_1015972.exr,right,0.9956054091453552
d_1015973.exr,right,0.9956247210502625
d_1015974.exr,right,0.9955818057060242
d_1015975.exr,right,0.9955909252166748
d_1015976.exr,right,0.9956327080726624
d_1015978.exr,right,0.9956102967262268
d_1015979.exr,right,0.9956258535385132
d_1015980.exr,right,0.995614767074585
d_1015981.exr,right,0.9956291913986206
d_1015982.exr,right,0.9953519105911255
d_1015983.exr,right,0.9956028461456299
d_1015984.exr,right,0.9955692887306213
d_1015985.exr,right,0.9927030801773071
d_1015986.exr,right,0.9956207871437073
d_1015987.exr,right,0.9956116080284119
d_1015989.exr,right,0.995630145072937
d_1015990.exr,right,0.9956325888633728
d_1015991.exr,right,0.9956135749816895
d_1015992.exr,right,0.9956223368644714
d_1015993.exr,right,0.9956347346305847
d_1015995.exr,right,0.9956070780754089
d_1015996.exr,wrong,0.9929053783416748
d_1015997.exr,right,0.9951261281967163
d_1015998.exr,wrong,0.9876748323440552
d_1015999.exr,right,0.9956225752830505
d_1016000.exr,right,0.9955989122390747
d_1016001.exr,right,0.9928783774375916
d_1016003.exr,right,0.9956283569335938
d_1016004.exr,right,0.9956226944923401
d_1016005.exr,right,0.9956057667732239
d_1016007.exr,right,0.9956264495849609
d_1016008.exr,right,0.9956254959106445
d_1016009.exr,right,0.9956209063529968
d_1016010.exr,right,0.9956283569335938
d_1016012.exr,right,0.9955878257751465
d_1016014.exr,right,0.9952906370162964
d_1016015.exr,wrong,0.9935963153839111
d_1016016.exr,right,0.9956347346305847
d_1016020.exr,right,0.9956252574920654
d_1016021.exr,right,0.9955737590789795
d_1016025.exr,right,0.9956128597259521
d_1016026.exr,right,0.9956159591674805
d_1016028.exr,right,0.9933971166610718
d_1016029.exr,right,0.9956319332122803
d_1016030.exr,right,0.995598554611206
d_1016031.exr,right,0.995564341545105
d_1016032.exr,right,0.9956187605857849
d_1016033.exr,right,0.9956240057945251
d_1016036.exr,right,0.9956144094467163
d_1016037.exr,right,0.995577335357666
d_1016038.exr,right,0.9956204295158386
d_1016041.exr,right,0.9956246018409729
d_1016042.exr,right,0.9956385493278503
d_1016043.exr,right,0.9955472946166992
d_1016044.exr,right,0.9955845475196838
d_1016045.exr,right,0.9956340193748474
d_1016046.exr,right,0.9956099390983582
d_1016047.exr,right,0.995625376701355
d_1016048.exr,right,0.9955711960792542
d_1016053.exr,right,0.9956159591674805
d_1016054.exr,right,0.9956106543540955
d_1016057.exr,right,0.9956195950508118
d_1016059.exr,wrong,0.9953590035438538
d_1016060.exr,right,0.9954550266265869
d_1016061.exr,right,0.9932184815406799
d_1016062.exr,right,0.9956106543540955
d_1016063.exr,right,0.9956337809562683
d_1016065.exr,right,0.9956215023994446
d_1016067.exr,right,0.9956161975860596
d_1016068.exr,right,0.9956223368644714
d_1016069.exr,right,0.9956050515174866
d_1016070.exr,right,0.9955999851226807
d_1016071.exr,wrong,0.9921601414680481
d_1016073.exr,right,0.9956064820289612
d_1016076.exr,right,0.9956299066543579
d_1016077.exr,right,0.9955881834030151
d_1016078.exr,right,0.9956061244010925
d_1016080.exr,right,0.9951000809669495
d_1016081.exr,right,0.9944705963134766
d_1016082.exr,right,0.9956023693084717
d_1016083.exr,right,0.9954996705055237
d_1016086.exr,right,0.9955676198005676
d_1016087.exr,right,0.9956218600273132
d_1016090.exr,right,0.9955762624740601
d_1016093.exr,right,0.9955240488052368
d_1016094.exr,right,0.9955814480781555
d_1016095.exr,right,0.9939040541648865
d_1016096.exr,right,0.9861162304878235
d_1016099.exr,right,0.9956067204475403
d_1016100.exr,right,0.9956293106079102
d_1016101.exr,right,0.9955859184265137
d_1016102.exr,right,0.9948868155479431
d_1016103.exr,right,0.9955607652664185
d_1016104.exr,wrong,0.9950856566429138
d_1016106.exr,right,0.9955562949180603
d_1016107.exr,right,0.9956135749816895
d_1016108.exr,right,0.9956188797950745
d_1016109.exr,right,0.9956282377243042
d_1016111.exr,right,0.9956037998199463
d_1016112.exr,right,0.9956325888633728
d_1016114.exr,right,0.9956074357032776
d_1016117.exr,right,0.9956243634223938
d_1016120.exr,right,0.9956260919570923
d_1016121.exr,right,0.9956117868423462
d_1016122.exr,right,0.9955020546913147
d_1016123.exr,right,0.9956320524215698
d_1016124.exr,right,0.9955692887306213
d_1016125.exr,right,0.9955904483795166
d_1016126.exr,right,0.9956321120262146
d_1016127.exr,right,0.9956263303756714
d_1016129.exr,right,0.9956086277961731
d_1016130.exr,right,0.9766356945037842
d_1016132.exr,right,0.9956260919570923
d_1016134.exr,right,0.9956262111663818
d_1016135.exr,right,0.995370090007782
d_1016136.exr,right,0.9956379532814026
d_1016137.exr,right,0.9956187605857849
d_1016138.exr,right,0.9956187605857849
d_1016139.exr,right,0.9955442547798157
d_1016141.exr,right,0.9955644607543945
d_1016142.exr,right,0.995537519454956
d_1016143.exr,right,0.995198667049408
d_1016144.exr,right,0.987911581993103
d_1016145.exr,right,0.9955772161483765
d_1016146.exr,right,0.9956392049789429
d_1016147.exr,right,0.9955642223358154
d_1016148.exr,right,0.9954513907432556
d_1016149.exr,right,0.9936941266059875
d_1016150.exr,right,0.9956034421920776
d_1016151.exr,right,0.9956347346305847
d_1016152.exr,right,0.9955480098724365
d_1016153.exr,right,0.9955946803092957
d_1016156.exr,right,0.9955638647079468
d_1016157.exr,right,0.995627760887146
d_1016158.exr,right,0.9956023693084717
d_1016160.exr,right,0.9956240057945251
d_1016161.exr,right,0.9956313371658325
d_1016162.exr,right,0.9956271648406982
d_1016163.exr,right,0.9956278800964355
d_1016165.exr,right,0.9955788254737854
d_1016166.exr,right,0.9955763816833496
d_1016167.exr,right,0.995629072189331
d_1016168.exr,right,0.9956249594688416
d_1016169.exr,wrong,0.9957159161567688
d_1016173.exr,right,0.9955074787139893
d_1016175.exr,right,0.9955997467041016
d_1016176.exr,right,0.9927231669425964
d_1016178.exr,right,0.995635449886322
d_1016179.exr,right,0.9956077933311462
d_1016180.exr,right,0.9912809729576111
d_1016181.exr,wrong,0.9930075407028198
d_1016182.exr,right,0.9956108927726746
d_1016184.exr,right,0.9955884218215942
d_1016185.exr,right,0.9955982565879822
d_1016186.exr,right,0.9955915212631226
d_1016187.exr,right,0.9956268072128296
d_1016188.exr,right,0.9956071972846985
d_1016189.exr,right,0.9955449104309082
d_1016190.exr,right,0.9955596923828125
d_1016192.exr,right,0.9955117106437683
d_1016194.exr,right,0.9956279993057251
d_1016195.exr,right,0.9955765008926392
d_1016196.exr,right,0.99552321434021
d_1016197.exr,right,0.9956398010253906
d_1016198.exr,right,0.9956342577934265
d_1016199.exr,right,0.9956314563751221
d_1016200.exr,right,0.9956004619598389
d_1016201.exr,right,0.995608389377594
d_1016202.exr,right,0.9956145286560059
d_1016205.exr,right,0.9956243634223938
d_1016206.exr,wrong,0.9944027066230774
d_1016207.exr,right,0.995627760887146
d_1016208.exr,right,0.9827679991722107
d_1016209.exr,right,0.9955534338951111
d_1016210.exr,right,0.9954953193664551
d_1016211.exr,right,0.9955663084983826
d_1016212.exr,right,0.9955374002456665
d_1016213.exr,right,0.993738055229187
d_1016215.exr,right,0.9956222176551819
d_1016216.exr,right,0.9953898191452026
d_1016217.exr,wrong,0.9952377080917358
d_1016218.exr,right,0.9956105351448059
d_1016219.exr,wrong,0.9957222938537598
d_1016220.exr,right,0.995256245136261
d_1016221.exr,right,0.9955664277076721
d_1016222.exr,wrong,0.993127703666687
d_1016224.exr,right,0.9955968260765076
d_1016226.exr,right,0.9955567717552185
d_1016227.exr,right,0.995621383190155
d_1016228.exr,right,0.9956049919128418
d_1016229.exr,right,0.9956343770027161
d_1016230.exr,right,0.9956151247024536
d_1016231.exr,right,0.995630145072937
d_1016232.exr,right,0.9956313371658325
d_1016233.exr,right,0.9956117272377014
d_1016235.exr,right,0.995634138584137
d_1016236.exr,right,0.995507001876831
d_1016238.exr,right,0.9956067204475403
d_1016239.exr,wrong,0.9947270750999451
d_1016240.exr,right,0.9956051707267761
d_1016241.exr,right,0.995540201663971
d_1016244.exr,right,0.8957505226135254
d_1016245.exr,right,0.9833857417106628
d_1016246.exr,right,0.9952142238616943
d_1016248.exr,right,0.9956265687942505
d_1016250.exr,right,0.995630145072937
d_1016252.exr,right,0.9930132031440735
d_1016253.exr,right,0.9956061244010925
d_1016255.exr,right,0.9956116080284119
d_1016256.exr,right,0.9956173896789551
d_1016257.exr,right,0.995554506778717
d_1016261.exr,right,0.9953534603118896
d_1016262.exr,right,0.9956335425376892
d_1016263.exr,right,0.9956049919128418
d_1016264.exr,right,0.9955768585205078
d_1016265.exr,right,0.9934492707252502
d_1016266.exr,right,0.9956236481666565
d_1016268.exr,right,0.9956254959106445
d_1016269.exr,wrong,0.9957114458084106
d_1016270.exr,right,0.9956079125404358
d_1016271.exr,right,0.995618462562561
d_1016272.exr,right,0.995630145072937
d_1016273.exr,right,0.9956262111663818
d_1016275.exr,right,0.9954083561897278
d_1016277.exr,right,0.9956075549125671
d_1016278.exr,right,0.9955894947052002
d_1016280.exr,right,0.9956152439117432
d_1016281.exr,right,0.9956336617469788
d_1016282.exr,right,0.9951338171958923
d_1016283.exr,right,0.9956033229827881
d_1016284.exr,right,0.9956246018409729
d_1016286.exr,right,0.9956176280975342
d_1016287.exr,right,0.9956127405166626
d_1016288.exr,right,0.9956235289573669
d_1016289.exr,right,0.9956270456314087
d_1016290.exr,right,0.9956068396568298
d_1016291.exr,right,0.9956027269363403
d_1016292.exr,right,0.9954973459243774
d_1016294.exr,right,0.995622456073761
d_1016295.exr,right,0.9953428506851196
d_1016297.exr,right,0.9956275224685669
d_1016298.exr,right,0.9946329593658447
d_1016300.exr,right,0.9955920577049255
d_1016301.exr,right,0.9956024885177612
d_1016304.exr,right,0.9956366419792175
d_1016305.exr,right,0.9954748749732971
d_1016306.exr,right,0.9956159591674805
d_1016307.exr,right,0.9956339001655579
d_1016308.exr,right,0.9956251978874207
d_1016309.exr,right,0.9956375956535339
d_1016310.exr,right,0.9955933690071106
d_1016311.exr,right,0.9932312965393066
d_1016312.exr,right,0.9956156015396118
d_1016314.exr,right,0.9956130981445312
d_1016316.exr,right,0.9956369996070862
d_1016317.exr,right,0.995637834072113
d_1016318.exr,right,0.9937158226966858
d_1016320.exr,right,0.9955631494522095
d_1016321.exr,right,0.9956113696098328
d_1016323.exr,right,0.9956211447715759
d_1016324.exr,right,0.9937264919281006
d_1016325.exr,right,0.9956209063529968
d_1016326.exr,right,0.9955305457115173
d_1016327.exr,right,0.9956285953521729
d_1016328.exr,right,0.995604395866394
d_1016330.exr,right,0.995623767375946
d_1016331.exr,right,0.995581328868866
d_1016332.exr,right,0.9956231713294983
d_1016333.exr,right,0.9955962300300598
d_1016335.exr,wrong,0.966323733329773
d_1016337.exr,right,0.995612621307373
d_1016338.exr,right,0.9956308603286743
d_1016339.exr,right,0.995591402053833
d_1016340.exr,right,0.9956281185150146
d_1016341.exr,right,0.9956100583076477
d_1016342.exr,right,0.9956228137016296
d_1016343.exr,right,0.9953587651252747
d_1016344.exr,right,0.9953937530517578
d_1016345.exr,right,0.9955926537513733
d_1016346.exr,right,0.9956132173538208
d_1016347.exr,right,0.9954916834831238
d_1016348.exr,right,0.8483932018280029
d_1016349.exr,right,0.99553382396698
d_1016350.exr,right,0.9952253103256226
d_1016351.exr,wrong,0.994869589805603
d_1016352.exr,right,0.995590090751648
d_1016353.exr,right,0.9943475127220154
d_1016354.exr,right,0.9955713152885437
d_1016356.exr,right,0.9956101775169373
d_1016357.exr,right,0.9956226944923401
d_1016358.exr,right,0.741899311542511
d_1016359.exr,right,0.9956309795379639
d_1016360.exr,wrong,0.9953319430351257
d_1016361.exr,right,0.9956240057945251
d_1016362.exr,right,0.995591402053833
d_1016363.exr,right,0.9956328272819519
d_1016364.exr,wrong,0.9948276877403259
d_1016366.exr,right,0.9955829977989197
d_1016369.exr,right,0.9954890608787537
d_1016370.exr,right,0.9956219792366028
d_1016371.exr,right,0.9956117272377014
d_1016373.exr,wrong,0.9943459630012512
d_1016374.exr,right,0.9955991506576538
d_1016375.exr,wrong,0.9955311417579651
d_1016377.exr,right,0.9955991506576538
d_1016378.exr,right,0.9955657124519348
d_1016380.exr,right,0.9956316947937012
d_1016381.exr,right,0.9955896139144897
d_1016382.exr,right,0.9956260919570923
d_1016386.exr,right,0.9956297874450684
d_1016387.exr,right,0.9956241250038147
d_1016389.exr,right,0.9956271648406982
d_1016390.exr,right,0.992478609085083
d_1016391.exr,right,0.9956146478652954
d_1016393.exr,right,0.995612621307373
d_1016396.exr,wrong,0.995495080947876
d_1016399.exr,wrong,0.9882950782775879
d_1016400.exr,right,0.9956132173538208
d_1016401.exr,right,0.9955841898918152
d_1016403.exr,right,0.994778037071228
d_1016404.exr,right,0.9956146478652954
d_1016405.exr,right,0.9956113696098328
d_1016406.exr,right,0.9935312867164612
d_1016407.exr,right,0.9956204295158386
d_1016408.exr,right,0.9956218600273132
d_1016409.exr,right,0.9955971837043762
d_1016410.exr,right,0.9955006241798401
d_1016411.exr,right,0.9955865144729614
d_1016412.exr,right,0.9956183433532715
d_1016413.exr,right,0.9956050515174866
d_1016415.exr,right,0.9956035614013672
d_1016416.exr,right,0.9952141046524048
d_1016417.exr,right,0.995593249797821
d_1016418.exr,right,0.9956309795379639
d_1016419.exr,right,0.995633065700531
d_1016421.exr,right,0.9956110119819641
d_1016422.exr,right,0.9956228137016296
d_1016423.exr,right,0.9956119060516357
d_1016424.exr,right,0.9956209063529968
d_1016426.exr,right,0.9955276846885681
d_1016427.exr,right,0.995574951171875
d_1016428.exr,right,0.9955818057060242
d_1016429.exr,right,0.9943933486938477
d_1016431.exr,right,0.9956178665161133
d_1016433.exr,right,0.9956194758415222
d_1016434.exr,right,0.995598316192627
d_1016435.exr,wrong,0.9946460723876953
d_1016436.exr,right,0.9956094622612
d_1016437.exr,right,0.9956002235412598
d_1016438.exr,right,0.9955219030380249
d_1016439.exr,right,0.9956275224685669
d_1016440.exr,right,0.9212474226951599
d_1016441.exr,right,0.9956091046333313
d_1016442.exr,wrong,0.9888737201690674
d_1016443.exr,right,0.9955060482025146
d_1016444.exr,right,0.9956040382385254
d_1016446.exr,right,0.9956303834915161
d_1016447.exr,wrong,0.9940686225891113
d_1016448.exr,right,0.9954095482826233
d_1016449.exr,right,0.9889150261878967
d_1016453.exr,right,0.995627760887146
d_1016455.exr,right,0.9956036806106567
d_1016457.exr,right,0.9956320524215698
d_1016459.exr,right,0.995627760887146
d_1016460.exr,right,0.9955825209617615
d_1016461.exr,right,0.995612382888794
d_1016462.exr,right,0.9956275224685669
d_1016463.exr,right,0.9956299066543579
d_1016464.exr,right,0.9955952763557434
d_1016466.exr,right,0.9954743981361389
d_1016467.exr,right,0.9955828785896301
d_1016470.exr,right,0.9956269264221191
d_1016472.exr,right,0.6223188638687134
d_1016474.exr,right,0.9955447316169739
d_1016476.exr,right,0.9956229329109192
d_1016477.exr,right,0.9956139326095581
d_1016478.exr,right,0.9955748319625854
d_1016480.exr,right,0.9882810711860657
d_1016483.exr,right,0.9954923391342163
d_1016484.exr,right,0.992960512638092
d_1016485.exr,right,0.9956329464912415
d_1016486.exr,right,0.9955993890762329
d_1016487.exr,right,0.9956112504005432
d_1016488.exr,right,0.9955570101737976
d_1016491.exr,right,0.9956133365631104
d_1016492.exr,right,0.9955788254737854
d_1016494.exr,right,0.9956102967262268
d_1016496.exr,right,0.9944859147071838
d_1016498.exr,right,0.9956185221672058
d_1016499.exr,right,0.9955887794494629
d_1016500.exr,right,0.9956095814704895
d_1016503.exr,right,0.9955971837043762
d_1016505.exr,right,0.9956251978874207
d_1016508.exr,right,0.9875178933143616
d_1016510.exr,right,0.9956005811691284
d_1016512.exr,right,0.9932435154914856
d_1016513.exr,right,0.9956262111663818
d_1016514.exr,right,0.9955800175666809
d_1016515.exr,right,0.9956003427505493
d_1016517.exr,right,0.9956176280975342
d_1016518.exr,right,0.995607316493988
d_1016519.exr,right,0.9915332198143005
d_1016520.exr,right,0.995561957359314
d_1016521.exr,wrong,0.9956291913986206
d_1016523.exr,right,0.9955843091011047
d_1016524.exr,right,0.9956241250038147
d_1016525.exr,right,0.9954805374145508
d_1016527.exr,right,0.9956390857696533
d_1016528.exr,right,0.9956393241882324
d_1016531.exr,right,0.9956256151199341
d_1016532.exr,right,0.9955486059188843
d_1016533.exr,right,0.9935587048530579
d_1016534.exr,right,0.9956269264221191
d_1016535.exr,right,0.9956008195877075
d_1016536.exr,wrong,0.995583713054657
d_1016538.exr,right,0.9955494403839111
d_1016539.exr,right,0.9951790571212769
d_1016540.exr,right,0.9955192804336548
d_1016545.exr,right,0.9956023693084717
d_1016546.exr,wrong,0.9955633878707886
d_1016547.exr,right,0.9955898523330688
d_1016548.exr,right,0.9955955147743225
d_1016549.exr,right,0.9955991506576538
d_1016550.exr,right,0.9955821633338928
d_1016551.exr,wrong,0.994201123714447
d_1016552.exr,right,0.9956356883049011
d_1016553.exr,right,0.9956188797950745
d_1016558.exr,right,0.9956187605857849
d_1016559.exr,wrong,0.9907675385475159
d_1016560.exr,right,0.9946056008338928
d_1016561.exr,right,0.9955945611000061
d_1016562.exr,right,0.9956187605857849
d_1016564.exr,right,0.9845755100250244
d_1016565.exr,right,0.995564877986908
d_1016566.exr,right,0.9956283569335938
d_1016567.exr,right,0.9956150054931641
d_1016568.exr,right,0.9956278800964355
d_1016570.exr,right,0.9956077933311462
d_1016572.exr,right,0.995599627494812
d_1016574.exr,right,0.9956331849098206
d_1016575.exr,right,0.9956177473068237
d_1016576.exr,right,0.9945981502532959
d_1016579.exr,right,0.995614767074585
d_1016580.exr,wrong,0.9951199293136597
d_1016583.exr,right,0.9955515265464783
d_1016585.exr,right,0.9951174259185791
d_1016586.exr,right,0.9956205487251282
d_1016587.exr,right,0.9932544827461243
d_1016589.exr,right,0.9956201910972595
d_1016590.exr,right,0.9956234097480774
d_1016592.exr,right,0.9956271648406982
d_1016593.exr,right,0.9953061938285828
d_1016594.exr,right,0.9956145286560059
d_1016597.exr,right,0.9954732060432434
d_1016598.exr,wrong,0.9933690428733826
d_1016600.exr,right,0.9956112504005432
d_1016601.exr,wrong,0.9955470561981201
d_1016602.exr,right,0.9956142902374268
d_1016603.exr,right,0.9956203103065491
d_1016604.exr,right,0.9956358075141907
d_1016606.exr,right,0.9956270456314087
d_1016607.exr,right,0.9955774545669556
d_1016608.exr,right,0.9955378770828247
d_1016609.exr,right,0.9956211447715759
d_1016611.exr,right,0.9956395626068115
d_1016612.exr,right,0.995591402053833
d_1016613.exr,right,0.9956344962120056
d_1016616.exr,right,0.9956127405166626
d_1016620.exr,right,0.9956321120262146
d_1016621.exr,right,0.9956209063529968
d_1016622.exr,right,0.9956169128417969
d_1016623.exr,right,0.9955688118934631
d_1016624.exr,right,0.9956380724906921
d_1016625.exr,right,0.9956262111663818
d_1016628.exr,wrong,0.9714241623878479
d_1016632.exr,right,0.9956134557723999
d_1016633.exr,right,0.9956231713294983
d_1016634.exr,right,0.995610773563385
d_1016635.exr,right,0.9955464601516724
d_1016637.exr,right,0.9955768585205078
d_1016638.exr,right,0.9953147172927856
d_1016641.exr,right,0.9956251978874207
d_1016643.exr,wrong,0.9955574870109558
d_1016647.exr,right,0.9956217408180237
d_1016650.exr,right,0.995607316493988
d_1016651.exr,right,0.995606005191803
d_1016653.exr,right,0.9956343770027161
d_1016654.exr,right,0.9956027269363403
d_1016655.exr,right,0.9956113696098328
d_1016657.exr,right,0.9955828785896301
d_1016659.exr,right,0.9954504370689392
d_1016660.exr,wrong,0.9957149624824524
d_1016662.exr,right,0.9955162405967712
d_1016665.exr,right,0.995020866394043
d_1016667.exr,right,0.9956098198890686
d_1016670.exr,right,0.9955824017524719
d_1016672.exr,right,0.9956099390983582
d_1016673.exr,right,0.9956228137016296
d_1016674.exr,right,0.9956133365631104
d_1016675.exr,right,0.9941895008087158
d_1016676.exr,right,0.9956372380256653
d_1016677.exr,right,0.9956091046333313
d_1016681.exr,right,0.995612621307373
d_1016682.exr,right,0.9955487251281738
d_1016683.exr,right,0.9956183433532715
d_1016684.exr,right,0.9952014684677124
d_1016686.exr,right,0.995637834072113
d_1016688.exr,right,0.9956148862838745
d_1016689.exr,right,0.995624840259552
d_1016693.exr,right,0.9956153631210327
d_1016695.exr,right,0.99562668800354
d_1016697.exr,right,0.9954524636268616
d_1016698.exr,right,0.9956361651420593
d_1016700.exr,right,0.9956215023994446
d_1016701.exr,right,0.995623767375946
d_1016702.exr,right,0.9953950047492981
d_1016703.exr,right,0.9956284761428833
d_1016704.exr,right,0.9956367611885071
d_1016705.exr,right,0.9956036806106567
d_1016707.exr,right,0.9956216216087341
d_1016708.exr,right,0.9956297874450684
d_1016709.exr,right,0.9956170320510864
d_1016711.exr,right,0.9956323504447937
d_1016712.exr,right,0.9955476522445679
d_1016713.exr,right,0.9956048727035522
d_1016714.exr,right,0.9956373572349548
d_1016716.exr,right,0.9956170320510864
d_1016717.exr,right,0.9956348538398743
d_1016718.exr,wrong,0.9957200884819031
d_1016720.exr,right,0.9956117272377014
d_1016723.exr,right,0.995546817779541
d_1016724.exr,right,0.9956022500991821
d_1016725.exr,right,0.995518147945404
d_1016728.exr,right,0.9956234097480774
d_1016729.exr,right,0.9948906898498535
d_1016730.exr,right,0.995596706867218
d_1016731.exr,right,0.9956334233283997
d_1016732.exr,right,0.995590329170227
d_1016734.exr,right,0.9953579306602478
d_1016735.exr,right,0.9956274032592773
d_1016736.exr,right,0.9956035614013672
d_1016737.exr,right,0.991923987865448
d_1016738.exr,right,0.9955804944038391
d_1016739.exr,right,0.9955022931098938
d_1016740.exr,right,0.9955607652664185
d_1016741.exr,right,0.9955260157585144
d_1016743.exr,right,0.9955723285675049
d_1016744.exr,right,0.9956153631210327
d_1016745.exr,right,0.9956169128417969
d_1016746.exr,right,0.9956238865852356
d_1016748.exr,right,0.9955795407295227
d_1016749.exr,right,0.9906937479972839
d_1016751.exr,right,0.9956057667732239
d_1016752.exr,right,0.9956268072128296
d_1016753.exr,right,0.9956148862838745
d_1016756.exr,right,0.9956293106079102
d_1016757.exr,right,0.9955294728279114
d_1016759.exr,right,0.9956348538398743
d_1016762.exr,right,0.9956355690956116
d_1016763.exr,right,0.9956337809562683
d_1016764.exr,right,0.9954198598861694
d_1016765.exr,right,0.9950644373893738
d_1016768.exr,right,0.9956017732620239
d_1016770.exr,wrong,0.9943084120750427
d_1016772.exr,right,0.9953699707984924
d_1016773.exr,right,0.995623767375946
d_1016776.exr,right,0.9956128597259521
d_1016777.exr,wrong,0.9853065013885498
d_1016778.exr,right,0.9955675005912781
d_1016780.exr,right,0.9956303834915161
d_1016781.exr,right,0.9951518774032593
d_1016782.exr,right,0.9955937266349792
d_1016784.exr,right,0.9956291913986206
d_1016785.exr,right,0.9956236481666565
d_1016786.exr,wrong,0.9912003874778748
d_1016787.exr,right,0.9954749941825867
d_1016788.exr,right,0.9955310225486755
d_1016789.exr,right,0.9956016540527344
d_1016790.exr,right,0.9956232905387878
d_1016791.exr,right,0.9956134557723999
d_1016792.exr,wrong,0.7568047046661377
d_1016794.exr,right,0.9956262111663818
d_1016795.exr,right,0.9956125020980835
d_1016796.exr,right,0.9941335320472717
d_1016797.exr,right,0.9951303005218506
d_1016798.exr,right,0.9956321120262146
d_1016799.exr,right,0.9956279993057251
d_1016800.exr,right,0.9956303834915161
d_1016801.exr,right,0.8994216322898865
d_1016802.exr,right,0.9955852031707764
d_1016806.exr,right,0.9956268072128296
d_1016807.exr,right,0.995622456073761
d_1016808.exr,right,0.9956294298171997
d_1016809.exr,right,0.9953140020370483
d_1016810.exr,right,0.9955824017524719
d_1016811.exr,right,0.995232880115509
d_1016812.exr,right,0.9956098198890686
d_1016814.exr,right,0.9956023693084717
d_1016815.exr,right,0.9945172667503357
d_1016816.exr,right,0.9955328702926636
d_1016817.exr,right,0.9956048727035522
d_1016818.exr,right,0.995514452457428
d_1016820.exr,right,0.9956329464912415
d_1016821.exr,right,0.995636522769928
d_1016822.exr,right,0.9956091046333313
d_1016823.exr,right,0.9955560564994812
d_1016824.exr,wrong,0.9954606890678406
d_1016825.exr,right,0.995618462562561
d_1016826.exr,right,0.9956142902374268
d_1016827.exr,right,0.9954162836074829
d_1016828.exr,right,0.9956116080284119
d_1016829.exr,right,0.9932683110237122
d_1016830.exr,right,0.9956132173538208
d_1016833.exr,right,0.9955031275749207
d_1016834.exr,right,0.9956050515174866
d_1016835.exr,right,0.9956353306770325
d_1016836.exr,right,0.9956283569335938
d_1016839.exr,right,0.9955667853355408
d_1016840.exr,right,0.9956269264221191
d_1016841.exr,right,0.9956058859825134
d_1016843.exr,right,0.9956268072128296
d_1016845.exr,right,0.9956254959106445
d_1016846.exr,right,0.9956216216087341
d_1016847.exr,right,0.9956088662147522
d_1016849.exr,right,0.9956282377243042
d_1016850.exr,right,0.9956207871437073
d_1016852.exr,wrong,0.9954721927642822
d_1016853.exr,right,0.9956165552139282
d_1016854.exr,right,0.9956340193748474
d_1016856.exr,right,0.9956169128417969
d_1016857.exr,right,0.6881235837936401
d_1016858.exr,right,0.9956372380256653
d_1016859.exr,right,0.9956132173538208
d_1016862.exr,right,0.995627760887146
d_1016863.exr,right,0.9956144094467163
d_1016864.exr,right,0.9949310421943665
d_1016865.exr,right,0.9955548644065857
d_1016866.exr,right,0.9956087470054626
d_1016867.exr,wrong,0.9879627823829651
d_1016868.exr,right,0.9955908060073853
d_1016869.exr,wrong,0.9954360127449036
d_1016870.exr,wrong,0.9954789876937866
d_1016871.exr,right,0.9956315755844116
d_1016873.exr,right,0.9955997467041016
d_1016875.exr,right,0.9956226944923401
d_1016876.exr,right,0.9926372766494751
d_1016878.exr,right,0.9931840300559998
d_1016879.exr,right,0.9956229329109192
d_1016880.exr,right,0.9954518675804138
d_1016882.exr,right,0.9954947233200073
d_1016884.exr,right,0.9955447316169739
d_1016885.exr,right,0.9956361651420593
d_1016888.exr,right,0.9956331849098206
d_1016889.exr,right,0.9956016540527344
d_1016890.exr,right,0.9956081509590149
d_1016892.exr,right,0.9956379532814026
d_1016894.exr,right,0.9956077933311462
d_1016896.exr,right,0.9956159591674805
d_1016898.exr,right,0.9955937266349792
d_1016900.exr,right,0.9954498410224915
d_1016901.exr,right,0.995634138584137
d_1016902.exr,right,0.995585560798645
d_1016903.exr,right,0.9956350922584534
d_1016905.exr,right,0.9956114888191223
d_1016906.exr,right,0.9955946803092957
d_1016907.exr,right,0.9955862760543823
d_1016908.exr,right,0.9956145286560059
d_1016909.exr,right,0.9956105351448059
d_1016911.exr,right,0.9956197142601013
d_1016912.exr,right,0.9954608082771301
d_1016913.exr,right,0.9955743551254272
d_1016914.exr,right,0.9956276416778564
d_1016915.exr,right,0.9954898953437805
d_1016916.exr,right,0.9954966306686401
d_1016917.exr,right,0.9956178665161133
d_1016919.exr,right,0.9956337809562683
d_1016920.exr,right,0.9955794215202332
d_1016921.exr,wrong,0.9945300221443176
d_1016923.exr,right,0.9956024885177612
d_1016924.exr,right,0.9955379962921143
d_1016925.exr,right,0.9955963492393494
d_1016926.exr,right,0.995621383190155
d_1016927.exr,right,0.9956127405166626
d_1016928.exr,wrong,0.9927622675895691
d_1016929.exr,right,0.9956229329109192
d_1016930.exr,right,0.9953007698059082
d_1016931.exr,right,0.9956225752830505
d_1016933.exr,right,0.9956210255622864
d_1016935.exr,right,0.9956231713294983
d_1016939.exr,right,0.9956156015396118
d_1016940.exr,right,0.9952282905578613
d_1016941.exr,right,0.9955794215202332
d_1016942.exr,right,0.9956093430519104
d_1016943.exr,right,0.9946305751800537
d_1016944.exr,right,0.9955428242683411
d_1016945.exr,right,0.9955736398696899
d_1016946.exr,right,0.9956313371658325
d_1016948.exr,right,0.995628833770752
d_1016949.exr,right,0.9956287145614624
d_1016950.exr,right,0.9956319332122803
d_1016952.exr,right,0.9953730702400208
d_1016953.exr,wrong,0.9873788952827454
d_1016954.exr,right,0.9956283569335938
d_1016955.exr,right,0.995618462562561
d_1016956.exr,right,0.9955300688743591
d_1016958.exr,right,0.9952362179756165
d_1016959.exr,right,0.9955832362174988
d_1016960.exr,right,0.9956203103065491
d_1016962.exr,right,0.9952055215835571
d_1016963.exr,right,0.9956336617469788
d_1016964.exr,right,0.9956306219100952
d_1016965.exr,right,0.9918758869171143
d_1016967.exr,right,0.9956094622612
d_1016968.exr,right,0.9956079125404358
d_1016969.exr,right,0.9956358075141907
d_1016971.exr,right,0.9956349730491638
d_1016972.exr,right,0.9297364950180054
d_1016974.exr,right,0.9955949187278748
d_1016975.exr,right,0.9930865168571472
d_1016977.exr,right,0.9955734014511108
d_1016978.exr,right,0.9955310225486755
d_1016979.exr,right,0.9956182241439819
d_1016980.exr,right,0.9956216216087341
d_1016981.exr,right,0.6916059255599976
d_1016982.exr,right,0.9956257343292236
d_1016983.exr,right,0.995613694190979
d_1016985.exr,right,0.9952588677406311
d_1016986.exr,wrong,0.994755744934082
d_1016988.exr,right,0.9950286746025085
d_1016990.exr,right,0.9956366419792175
d_1016991.exr,right,0.995576024055481
d_1016992.exr,right,0.9955955147743225
d_1016993.exr,right,0.995603084564209
d_1016994.exr,wrong,0.9930245876312256
d_1016998.exr,right,0.9956062436103821
d_1017000.exr,right,0.9956055283546448
d_1017001.exr,right,0.9956270456314087
d_1017002.exr,right,0.9956121444702148
d_1017004.exr,right,0.9926879405975342
d_1017005.exr,right,0.995511531829834
d_1017006.exr,right,0.9956254959106445
d_1017007.exr,right,0.9956068396568298
d_1017008.exr,wrong,0.9955049157142639
d_1017009.exr,right,0.9956282377243042
d_1017011.exr,right,0.9956367611885071
d_1017015.exr,right,0.9955775737762451
d_1017016.exr,right,0.9956080317497253
d_1017017.exr,right,0.9956173896789551
d_1017018.exr,right,0.9955530762672424
d_1017019.exr,right,0.9955992698669434
d_1017020.exr,right,0.9956036806106567
d_1017021.exr,right,0.9955872297286987
d_1017022.exr,wrong,0.995080828666687
d_1017023.exr,wrong,0.9950509667396545
d_1017025.exr,right,0.9955803751945496
d_1017026.exr,right,0.9954959154129028
d_1017027.exr,right,0.993842601776123
d_1017029.exr,right,0.9956076741218567
d_1017030.exr,right,0.9956300258636475
d_1017031.exr,right,0.9955854415893555
d_1017032.exr,right,0.9956203103065491
d_1017034.exr,right,0.9956314563751221
d_1017035.exr,right,0.9956336617469788
d_1017036.exr,right,0.9956120252609253
d_1017037.exr,right,0.9956329464912415
d_1017040.exr,right,0.9955976605415344
d_1017041.exr,right,0.9956242442131042
d_1017043.exr,right,0.9956188797950745
d_1017044.exr,right,0.9955938458442688
d_1017046.exr,right,0.995567262172699
d_1017047.exr,right,0.9956324696540833
d_1017050.exr,wrong,0.9951633214950562
d_1017052.exr,right,0.9955787062644958
d_1017053.exr,right,0.9956371188163757
d_1017054.exr,right,0.9956360459327698
d_1017056.exr,right,0.9955594539642334
d_1017059.exr,right,0.9956194758415222
d_1017060.exr,right,0.9956175088882446
d_1017061.exr,right,0.995618462562561
d_1017062.exr,right,0.995630145072937
d_1017063.exr,right,0.9955905675888062
d_1017064.exr,right,0.9955933690071106
d_1017065.exr,right,0.9956217408180237
d_1017066.exr,right,0.9956042766571045
d_1017067.exr,right,0.9909866452217102
d_1017069.exr,right,0.9956037998199463
d_1017070.exr,right,0.9956270456314087
d_1017071.exr,right,0.9956380724906921
d_1017074.exr,right,0.9956170320510864
d_1017076.exr,right,0.9954909682273865
d_1017077.exr,right,0.9954321384429932
d_1017080.exr,right,0.995617151260376
d_1017082.exr,right,0.9956225752830505
d_1017084.exr,right,0.9956327080726624
d_1017085.exr,right,0.9956372380256653
d_1017086.exr,right,0.9956374764442444
d_1017087.exr,right,0.9956203103065491
d_1017088.exr,right,0.995608389377594
d_1017089.exr,right,0.9899657964706421
d_1017091.exr,right,0.9956040382385254
d_1017095.exr,right,0.9956328272819519
d_1017096.exr,right,0.9956235289573669
d_1017098.exr,right,0.9956022500991821
d_1017099.exr,right,0.9956146478652954
d_1017101.exr,right,0.9956374764442444
d_1017102.exr,right,0.9954368472099304
d_1017104.exr,right,0.9956005811691284
d_1017105.exr,right,0.9956205487251282
d_1017106.exr,wrong,0.9926983714103699
d_1017107.exr,right,0.995625376701355
d_1017108.exr,right,0.9947874546051025
d_1017110.exr,right,0.9956229329109192
d_1017111.exr,right,0.9956212639808655
d_1017112.exr,right,0.9956186413764954
d_1017113.exr,right,0.9956074357032776
d_1017114.exr,right,0.9955860376358032
d_1017115.exr,right,0.9956231713294983
d_1017116.exr,right,0.9956112504005432
d_1017118.exr,right,0.9956289529800415
d_1017120.exr,wrong,0.995690643787384
d_1017121.exr,right,0.9948496222496033
d_1017122.exr,right,0.9955553412437439
d_1017123.exr,right,0.9955233335494995
d_1017125.exr,right,0.99562007188797
d_1017126.exr,right,0.9956117272377014
d_1017129.exr,right,0.9955933690071106
d_1017131.exr,right,0.9956144094467163
d_1017133.exr,right,0.9956320524215698
d_1017135.exr,wrong,0.9957072138786316
d_1017136.exr,right,0.9955975413322449
d_1017138.exr,right,0.9956228137016296
d_1017139.exr,right,0.9955288767814636
d_1017140.exr,right,0.9955956339836121
d_1017141.exr,right,0.9955762624740601
d_1017143.exr,right,0.9955920577049255
d_1017144.exr,right,0.9956012964248657
d_1017145.exr,right,0.9956027269363403
d_1017146.exr,right,0.9956152439117432
d_1017147.exr,right,0.9955973029136658
d_1017148.exr,right,0.9955911636352539
d_1017149.exr,right,0.9955821633338928
d_1017151.exr,wrong,0.9821935892105103
d_1017152.exr,right,0.994513988494873
d_1017153.exr,right,0.9955386519432068
d_1017154.exr,right,0.99554044008255
d_1017155.exr,right,0.9955995082855225
d_1017156.exr,right,0.9956077933311462
d_1017157.exr,right,0.9956069588661194
d_1017158.exr,right,0.9956220984458923
d_1017159.exr,right,0.9955952763557434
d_1017160.exr,right,0.9922054409980774
d_1017161.exr,right,0.9955348968505859
d_1017162.exr,right,0.9956192374229431
d_1017163.exr,right,0.9956220984458923
d_1017164.exr,right,0.995606005191803
d_1017166.exr,right,0.9956259727478027
d_1017170.exr,right,0.9955911636352539
d_1017171.exr,right,0.9955809712409973
d_1017172.exr,right,0.9955947995185852
d_1017175.exr,right,0.9956293106079102
d_1017177.exr,right,0.9955942034721375
d_1017178.exr,right,0.9956377148628235
d_1017179.exr,right,0.9956309795379639
d_1017181.exr,right,0.9956240057945251
d_1017182.exr,right,0.9956367611885071
d_1017184.exr,right,0.9956167936325073
d_1017185.exr,right,0.9956309795379639
d_1017188.exr,right,0.9956075549125671
d_1017190.exr,right,0.9956309795379639
d_1017192.exr,right,0.995623767375946
d_1017193.exr,right,0.9956328272819519
d_1017194.exr,right,0.9956243634223938
d_1017195.exr,right,0.9956071972846985
d_1017196.exr,right,0.9956236481666565
d_1017197.exr,right,0.995587944984436
d_1017198.exr,right,0.9956375956535339
d_1017199.exr,right,0.9956011772155762
d_1017200.exr,right,0.995617151260376
d_1017201.exr,right,0.9956333041191101
d_1017202.exr,right,0.9956024885177612
d_1017204.exr,right,0.9956076741218567
d_1017207.exr,right,0.995614767074585
d_1017209.exr,right,0.9956262111663818
d_1017210.exr,right,0.9954061508178711
d_1017211.exr,right,0.9956274032592773
d_1017212.exr,right,0.9954138398170471
d_1017215.exr,right,0.9955753087997437
d_1017216.exr,right,0.9956279993057251
d_1017217.exr,right,0.9956377148628235
d_1017218.exr,right,0.9956323504447937
d_1017219.exr,right,0.9955968260765076
d_1017220.exr,right,0.9955601692199707
d_1017222.exr,right,0.9956223368644714
d_1017223.exr,right,0.9956014156341553
d_1017225.exr,right,0.9952392578125
d_1017226.exr,right,0.9956275224685669
d_1017227.exr,right,0.9955930113792419
d_1017228.exr,right,0.9956175088882446
d_1017230.exr,right,0.9956296682357788
d_1017232.exr,right,0.9955978989601135
d_1017234.exr,right,0.9953082203865051
d_1017237.exr,right,0.9956185221672058
d_1017238.exr,right,0.9956344962120056
d_1017239.exr,right,0.9956247210502625
d_1017240.exr,right,0.9956054091453552
d_1017242.exr,right,0.9779125452041626
d_1017243.exr,right,0.9956081509590149
d_1017245.exr,right,0.9956070780754089
d_1017246.exr,right,0.9955213069915771
d_1017247.exr,right,0.9955957531929016
d_1017249.exr,right,0.9955918192863464
d_1017252.exr,right,0.9956175088882446
d_1017253.exr,right,0.9956067204475403
d_1017254.exr,right,0.9956219792366028
d_1017255.exr,right,0.995598554611206
d_1017256.exr,right,0.9955910444259644
d_1017258.exr,right,0.9890592098236084
d_1017261.exr,right,0.9955980181694031
d_1017262.exr,right,0.995618999004364
d_1017263.exr,right,0.9956336617469788
d_1017265.exr,wrong,0.9941400289535522
d_1017266.exr,right,0.9956296682357788
d_1017267.exr,right,0.9956099390983582
d_1017268.exr,right,0.9956036806106567
d_1017271.exr,right,0.9956251978874207
d_1017272.exr,right,0.995184600353241
d_1017274.exr,right,0.9955790638923645
d_1017275.exr,right,0.995564877986908
d_1017277.exr,right,0.9956086277961731
d_1017279.exr,right,0.995618999004364
d_1017281.exr,right,0.9956173896789551
d_1017282.exr,right,0.9955867528915405
d_1017283.exr,right,0.9956352114677429
d_1017287.exr,right,0.9955911636352539
d_1017289.exr,right,0.9956052899360657
d_1017294.exr,right,0.9956318140029907
d_1017295.exr,right,0.9953331351280212
d_1017298.exr,right,0.9955888986587524
d_1017299.exr,right,0.9946287274360657
d_1017301.exr,right,0.9951832890510559
d_1017302.exr,right,0.9955952763557434
d_1017304.exr,right,0.9956120252609253
d_1017305.exr,right,0.9956128597259521
d_1017306.exr,right,0.9956172704696655
d_1017307.exr,right,0.9955793023109436
d_1017308.exr,wrong,0.9947664737701416
d_1017309.exr,right,0.9956141710281372
d_1017311.exr,wrong,0.9845959544181824
d_1017312.exr,right,0.9956172704696655
d_1017318.exr,right,0.9956034421920776
d_1017319.exr,right,0.9940657615661621
d_1017320.exr,right,0.9954326152801514
d_1017321.exr,right,0.9956236481666565
d_1017323.exr,right,0.9956178665161133
d_1017324.exr,right,0.9955118298530579
d_1017325.exr,right,0.9956166744232178
d_1017326.exr,right,0.9956085085868835
d_1017327.exr,right,0.9893772602081299
d_1017331.exr,right,0.995617151260376
d_1017332.exr,right,0.9955888986587524
d_1017333.exr,right,0.9956206679344177
d_1017334.exr,right,0.995604395866394
d_1017335.exr,right,0.9956368803977966
d_1017336.exr,right,0.9956113696098328
d_1017337.exr,wrong,0.9904634952545166
d_1017340.exr,right,0.995630145072937
d_1017341.exr,right,0.9956195950508118
d_1017342.exr,right,0.9956082701683044
d_1017343.exr,right,0.9956080317497253
d_1017344.exr,right,0.9956082701683044
d_1017345.exr,right,0.9956116080284119
d_1017347.exr,right,0.9955920577049255
d_1017349.exr,right,0.9956350922584534
d_1017351.exr,right,0.99562007188797
d_1017352.exr,wrong,0.9939990043640137
d_1017353.exr,right,0.9956182241439819
d_1017354.exr,right,0.9956064820289612
d_1017355.exr,right,0.9956328272819519
d_1017356.exr,right,0.9954347014427185
d_1017357.exr,right,0.9955992698669434
d_1017358.exr,right,0.9956181049346924
d_1017359.exr,right,0.9956316947937012
d_1017360.exr,right,0.9924926161766052
d_1017361.exr,right,0.9956056475639343
d_1017362.exr,right,0.9956098198890686
d_1017366.exr,right,0.9949032068252563
d_1017370.exr,right,0.9956315755844116
d_1017372.exr,right,0.9954687356948853
d_1017373.exr,right,0.9953299760818481
d_1017375.exr,wrong,0.9953278303146362
d_1017376.exr,right,0.9956165552139282
d_1017377.exr,right,0.9956008195877075
d_1017378.exr,right,0.9956080317497253
d_1017379.exr,right,0.9911875128746033
d_1017380.exr,right,0.9956385493278503
d_1017381.exr,right,0.9956144094467163
d_1017382.exr,right,0.9956009387969971
d_1017383.exr,right,0.9956244826316833
d_1017384.exr,right,0.9955804944038391
d_1017385.exr,right,0.9956246018409729
d_1017386.exr,right,0.9956377148628235
d_1017387.exr,right,0.995559811592102
d_1017388.exr,right,0.9956356883049011
d_1017389.exr,right,0.9954778552055359
d_1017390.exr,right,0.9956228137016296
d_1017391.exr,right,0.9956278800964355
d_1017392.exr,right,0.9956173896789551
d_1017393.exr,right,0.9956230521202087
d_1017394.exr,right,0.9955219030380249
d_1017395.exr,right,0.9956361651420593
d_1017396.exr,right,0.9956148862838745
d_1017398.exr,right,0.9955734014511108
d_1017399.exr,right,0.9956183433532715
d_1017400.exr,right,0.9955839514732361
d_1017401.exr,right,0.9956175088882446
d_1017402.exr,right,0.9954527616500854
d_1017405.exr,right,0.9956339001655579
d_1017408.exr,right,0.9956106543540955
d_1017409.exr,right,0.9956333041191101
d_1017411.exr,right,0.9956088662147522
d_1017412.exr,right,0.9956256151199341
d_1017414.exr,right,0.9956342577934265
d_1017415.exr,right,0.9956249594688416
d_1017416.exr,right,0.9956359267234802
d_1017417.exr,right,0.9956306219100952
d_1017419.exr,right,0.9956223368644714
d_1017420.exr,right,0.9956244826316833
d_1017422.exr,right,0.9956165552139282
d_1017423.exr,right,0.9955268502235413
d_1017424.exr,right,0.995623767375946
d_1017425.exr,right,0.9955922961235046
d_1017426.exr,right,0.991199791431427
d_1017427.exr,right,0.9956106543540955
d_1017429.exr,right,0.9955718517303467
d_1017430.exr,right,0.9956077933311462
d_1017432.exr,right,0.9956352114677429
d_1017433.exr,right,0.9956183433532715
d_1017434.exr,right,0.995590329170227
d_1017435.exr,right,0.9954730868339539
d_1017437.exr,right,0.995512068271637
d_1017438.exr,right,0.995618462562561
d_1017439.exr,right,0.9952966570854187
d_1017440.exr,right,0.9955605268478394
d_1017442.exr,right,0.9955106973648071
d_1017447.exr,right,0.9956112504005432
d_1017449.exr,right,0.99496990442276
d_1017450.exr,right,0.9956275224685669
d_1017452.exr,right,0.9956075549125671
d_1017453.exr,right,0.9956206679344177
d_1017454.exr,right,0.9956241250038147
d_1017456.exr,right,0.9950012564659119
d_1017457.exr,right,0.9945535659790039
d_1017458.exr,right,0.9955875873565674
d_1017460.exr,right,0.9956027269363403
d_1017462.exr,right,0.9956247210502625
d_1017463.exr,right,0.995627760887146
d_1017464.exr,right,0.9955675005912781
d_1017465.exr,right,0.9956050515174866
d_1017466.exr,right,0.9955804944038391
d_1017468.exr,right,0.9954596161842346
d_1017469.exr,right,0.995595395565033
d_1017470.exr,right,0.9955964684486389
d_1017471.exr,right,0.9956281185150146
d_1017474.exr,right,0.9954891800880432
d_1017475.exr,right,0.9956042766571045
d_1017477.exr,right,0.995625376701355
d_1017480.exr,right,0.9956075549125671
d_1017483.exr,right,0.9955745935440063
d_1017484.exr,right,0.9956193566322327
d_1017485.exr,right,0.9955678582191467
d_1017486.exr,right,0.9956159591674805
d_1017487.exr,right,0.9956217408180237
d_1017488.exr,right,0.9952715039253235
d_1017489.exr,right,0.9956195950508118
d_1017491.exr,right,0.9956121444702148
d_1017492.exr,right,0.9955604076385498
d_1017494.exr,right,0.9954879879951477
d_1017497.exr,right,0.9952164888381958
d_1017498.exr,right,0.9955592155456543
d_1017500.exr,right,0.9956134557723999
d_1017502.exr,right,0.9955926537513733
d_1017503.exr,right,0.9956250786781311
d_1017504.exr,right,0.9931396842002869
d_1017505.exr,right,0.9915577173233032
d_1017507.exr,right,0.995576024055481
d_1017508.exr,wrong,0.7988654971122742
d_1017509.exr,right,0.9954570531845093
d_1017510.exr,right,0.995598316192627
d_1017511.exr,right,0.9940392971038818
d_1017512.exr,right,0.9955416321754456
d_1017513.exr,right,0.9947625994682312
d_1017515.exr,right,0.9946993589401245
d_1017516.exr,right,0.9956210255622864
d_1017518.exr,right,0.9955998659133911
d_1017519.exr,right,0.9954336285591125
d_1017521.exr,right,0.995634138584137
d_1017522.exr,right,0.9956269264221191
d_1017523.exr,right,0.9955772161483765
d_1017524.exr,wrong,0.9868816137313843
d_1017525.exr,right,0.9955872297286987
d_1017527.exr,right,0.9956009387969971
d_1017528.exr,right,0.995623767375946
d_1017529.exr,right,0.9956105351448059
d_1017530.exr,right,0.9956212639808655
d_1017531.exr,right,0.9956216216087341
d_1017532.exr,right,0.9956249594688416
d_1017533.exr,right,0.9950696229934692
d_1017534.exr,right,0.9956217408180237
d_1017538.exr,right,0.9956170320510864
d_1017541.exr,right,0.9956328272819519
d_1017542.exr,right,0.9956279993057251
d_1017543.exr,right,0.9956047534942627
d_1017544.exr,right,0.9956329464912415
d_1017545.exr,right,0.9956156015396118
d_1017546.exr,right,0.9956079125404358
d_1017548.exr,right,0.9948272109031677
d_1017549.exr,right,0.9956262111663818
d_1017550.exr,right,0.9956172704696655
d_1017552.exr,wrong,0.9921814203262329
d_1017553.exr,right,0.9956222176551819
d_1017555.exr,right,0.995604395866394
d_1017557.exr,right,0.9956235289573669
d_1017558.exr,right,0.9955571293830872
d_1017559.exr,right,0.9955911636352539
d_1017560.exr,right,0.9956306219100952
d_1017561.exr,right,0.9955881834030151
d_1017563.exr,right,0.9956243634223938
d_1017564.exr,right,0.9953916072845459
d_1017565.exr,right,0.9956163167953491
d_1017566.exr,right,0.9950619339942932
d_1017567.exr,right,0.9955745935440063
d_1017568.exr,right,0.9955926537513733
d_1017569.exr,wrong,0.9953696131706238
d_1017570.exr,right,0.9956228137016296
d_1017572.exr,right,0.9956225752830505
d_1017573.exr,right,0.995549201965332
d_1017576.exr,right,0.9956278800964355
d_1017577.exr,right,0.9956333041191101
d_1017578.exr,right,0.9956333041191101
d_1017579.exr,right,0.9956056475639343
d_1017580.exr,right,0.995600700378418
d_1017585.exr,right,0.9955888986587524
d_1017586.exr,right,0.9956263303756714
d_1017587.exr,right,0.9956114888191223
d_1017588.exr,right,0.9955097436904907
d_1017590.exr,right,0.9956070780754089
d_1017591.exr,right,0.9956276416778564
d_1017592.exr,right,0.9956254959106445
d_1017593.exr,right,0.9955869913101196
d_1017594.exr,right,0.995396077632904
d_1017595.exr,right,0.9955714344978333
d_1017596.exr,right,0.9956191182136536
d_1017597.exr,right,0.9955683350563049
d_1017598.exr,right,0.9955846667289734
d_1017599.exr,right,0.995593249797821
d_1017600.exr,right,0.9956226944923401
d_1017601.exr,right,0.9955671429634094
d_1017602.exr,right,0.9956226944923401
d_1017603.exr,right,0.9956358075141907
d_1017605.exr,right,0.9956120252609253
d_1017606.exr,right,0.9956325888633728
d_1017607.exr,right,0.9955297112464905
d_1017608.exr,right,0.995621383190155
d_1017609.exr,right,0.9956310987472534
d_1017611.exr,right,0.995587944984436
d_1017612.exr,right,0.9931818842887878
d_1017613.exr,right,0.9956052899360657
d_1017614.exr,right,0.9956150054931641
d_1017615.exr,right,0.9955956339836121
d_1017619.exr,right,0.995603084564209
d_1017620.exr,right,0.9955346584320068
d_1017621.exr,right,0.9956322312355042
d_1017622.exr,right,0.9955816864967346
d_1017623.exr,right,0.9956252574920654
d_1017624.exr,right,0.9945836663246155
d_1017626.exr,right,0.9955951571464539
d_1017627.exr,right,0.9956215023994446
d_1017628.exr,wrong,0.9956743121147156
d_1017629.exr,right,0.9956161975860596
d_1017632.exr,right,0.9956205487251282
d_1017633.exr,right,0.9955959916114807
d_1017634.exr,right,0.9956139326095581
d_1017641.exr,right,0.9956135749816895
d_1017642.exr,right,0.9955540299415588
d_1017643.exr,right,0.9944362640380859
d_1017644.exr,right,0.9956348538398743
d_1017646.exr,right,0.9955942034721375
d_1017647.exr,right,0.9956069588661194
d_1017648.exr,right,0.995593249797821
d_1017649.exr,right,0.99558025598526
d_1017651.exr,right,0.995631217956543
d_1017653.exr,right,0.9956333041191101
d_1017654.exr,right,0.9955893754959106
d_1017655.exr,right,0.9956229329109192
d_1017657.exr,right,0.9956048727035522
d_1017658.exr,wrong,0.9955169558525085
d_1017659.exr,wrong,0.5073114037513733
d_1017662.exr,right,0.9956307411193848
d_1017663.exr,right,0.9956161975860596
d_1017665.exr,right,0.9956268072128296
d_1017667.exr,right,0.9954991936683655
d_1017668.exr,right,0.9956159591674805
d_1017669.exr,right,0.9956265687942505
d_1017670.exr,right,0.9956122636795044
d_1017671.exr,right,0.995629072189331
d_1017672.exr,right,0.9954686164855957
d_1017674.exr,wrong,0.9910741448402405
d_1017675.exr,right,0.9956285953521729
d_1017677.exr,right,0.9956348538398743
d_1017679.exr,right,0.9956318140029907
d_1017682.exr,right,0.9955486059188843
d_1017683.exr,right,0.9945365190505981
d_1017686.exr,right,0.9956268072128296
d_1017687.exr,right,0.9956329464912415
d_1017689.exr,right,0.9950653910636902
d_1017690.exr,right,0.9953961968421936
d_1017693.exr,right,0.995585560798645
d_1017694.exr,right,0.995604395866394
d_1017695.exr,right,0.9956195950508118
d_1017696.exr,right,0.995623767375946
d_1017698.exr,right,0.9695683121681213
d_1017700.exr,right,0.9955976605415344
d_1017702.exr,right,0.9949032068252563
d_1017704.exr,right,0.9956014156341553
d_1017705.exr,right,0.9956047534942627
d_1017706.exr,right,0.9954307079315186
d_1017707.exr,right,0.9956297874450684
d_1017708.exr,right,0.9955757856369019
d_1017710.exr,right,0.9956308603286743
d_1017712.exr,right,0.9955419898033142
d_1017713.exr,right,0.9955279231071472
d_1017714.exr,right,0.9956086277961731
d_1017715.exr,right,0.9955888986587524
d_1017716.exr,right,0.9956388473510742
d_1017717.exr,right,0.995623767375946
d_1017718.exr,right,0.9956318140029907
d_1017719.exr,right,0.995612621307373
d_1017720.exr,right,0.9956177473068237
d_1017721.exr,right,0.9956026077270508
d_1017723.exr,right,0.9956244826316833
d_1017726.exr,right,0.995634138584137
d_1017728.exr,right,0.995496392250061
d_1017730.exr,right,0.9955991506576538
d_1017731.exr,right,0.9956276416778564
d_1017732.exr,right,0.994734525680542
d_1017733.exr,right,0.9955904483795166
d_1017734.exr,right,0.9945736527442932
d_1017735.exr,right,0.9956242442131042
d_1017736.exr,right,0.9956230521202087
d_1017737.exr,right,0.9956334233283997
d_1017738.exr,right,0.9956141710281372
d_1017739.exr,wrong,0.9948602318763733
d_1017742.exr,right,0.9956285953521729
d_1017743.exr,right,0.9937384128570557
d_1017744.exr,right,0.9956173896789551
d_1017745.exr,right,0.9955969452857971
d_1017746.exr,right,0.9955646991729736
d_1017747.exr,right,0.9956198334693909
d_1017748.exr,right,0.995607316493988
d_1017749.exr,right,0.9956211447715759
d_1017750.exr,right,0.9956212639808655
d_1017751.exr,right,0.9955881834030151
d_1017752.exr,right,0.9955720901489258
d_1017753.exr,right,0.9956263303756714
d_1017758.exr,right,0.9956062436103821
d_1017759.exr,right,0.9919437170028687
d_1017760.exr,right,0.9956287145614624
d_1017761.exr,right,0.9955796599388123
d_1017762.exr,right,0.9956396818161011
d_1017763.exr,right,0.995609700679779
d_1017764.exr,right,0.995627760887146
d_1017766.exr,right,0.9955711960792542
d_1017769.exr,right,0.9955756664276123
d_1017770.exr,right,0.9955898523330688
d_1017772.exr,right,0.9955831170082092
d_1017773.exr,right,0.9956082701683044
d_1017774.exr,right,0.9956193566322327
d_1017776.exr,right,0.995468258857727
d_1017777.exr,right,0.995618999004364
d_1017778.exr,right,0.9956022500991821
d_1017779.exr,right,0.995622456073761
d_1017780.exr,right,0.9956128597259521
d_1017781.exr,right,0.9955241680145264
d_1017782.exr,right,0.9956249594688416
d_1017783.exr,right,0.9956281185150146
d_1017784.exr,right,0.9956272840499878
d_1017785.exr,wrong,0.9914382696151733
d_1017786.exr,right,0.9956016540527344
d_1017787.exr,right,0.995598316192627
d_1017788.exr,right,0.9955381155014038
d_1017789.exr,right,0.9949319958686829
d_1017790.exr,right,0.9956346154212952
d_1017791.exr,right,0.9956281185150146
d_1017792.exr,right,0.9955927729606628
d_1017794.exr,right,0.995639443397522
d_1017795.exr,right,0.9955689311027527
d_1017796.exr,right,0.9955835938453674
d_1017801.exr,right,0.9956079125404358
d_1017804.exr,right,0.9955625534057617
d_1017805.exr,right,0.9956088662147522
d_1017806.exr,right,0.9955515265464783
d_1017807.exr,right,0.9941473007202148
d_1017808.exr,right,0.9956022500991821
d_1017809.exr,right,0.9956276416778564
d_1017810.exr,right,0.9952461123466492
d_1017811.exr,right,0.9956092238426208
d_1017812.exr,right,0.9956296682357788
d_1017813.exr,right,0.9956117868423462
d_1017814.exr,right,0.9955835938453674
d_1017815.exr,right,0.9956178665161133
d_1017816.exr,right,0.9955884218215942
d_1017817.exr,wrong,0.9934438467025757
d_1017818.exr,right,0.9956352114677429
d_1017819.exr,right,0.9955412745475769
d_1017820.exr,right,0.9956061244010925
d_1017821.exr,right,0.9956182241439819
d_1017824.exr,right,0.9945014715194702
d_1017827.exr,right,0.9956297874450684
d_1017829.exr,right,0.9956229329109192
d_1017830.exr,right,0.9956139326095581
d_1017831.exr,right,0.9955739974975586
d_1017832.exr,right,0.9955909252166748
d_1017833.exr,right,0.9956258535385132
d_1017834.exr,right,0.9956088662147522
d_1017835.exr,wrong,0.984031081199646
d_1017837.exr,right,0.995631217956543
d_1017838.exr,right,0.9956067204475403
d_1017839.exr,right,0.9955982565879822
d_1017840.exr,right,0.9955927729606628
d_1017843.exr,right,0.9956017732620239
d_1017845.exr,right,0.9956281185150146
d_1017846.exr,right,0.9956018924713135
d_1017847.exr,wrong,0.9948450326919556
d_1017848.exr,right,0.9956229329109192
d_1017850.exr,right,0.9955657124519348
d_1017851.exr,right,0.995612621307373
d_1017852.exr,right,0.9922237396240234
d_1017853.exr,right,0.9956139326095581
d_1017854.exr,right,0.9956356883049011
d_1017855.exr,right,0.9955831170082092
d_1017857.exr,right,0.9956179857254028
d_1017858.exr,right,0.9956210255622864
d_1017860.exr,right,0.9956156015396118
d_1017861.exr,right,0.9955469369888306
d_1017862.exr,right,0.9955940842628479
d_1017863.exr,right,0.9956199526786804
d_1017866.exr,right,0.9956082701683044
d_1017867.exr,right,0.9955938458442688
d_1017868.exr,right,0.995537281036377
d_1017869.exr,right,0.9145461916923523
d_1017870.exr,right,0.9956056475639343
d_1017871.exr,right,0.9956105351448059
d_1017872.exr,right,0.9955092668533325
d_1017873.exr,right,0.995627760887146
d_1017875.exr,wrong,0.9954602122306824
d_1017876.exr,right,0.9956098198890686
d_1017877.exr,right,0.9954220652580261
d_1017879.exr,right,0.9949948787689209
d_1017880.exr,right,0.9956104159355164
d_1017882.exr,right,0.9952913522720337
d_1017884.exr,right,0.9887579083442688
d_1017885.exr,right,0.9956048727035522
d_1017886.exr,right,0.9956178665161133
d_1017887.exr,right,0.9956186413764954
d_1017889.exr,right,0.9956207871437073
d_1017890.exr,wrong,0.9956104159355164
d_1017892.exr,right,0.9956323504447937
d_1017894.exr,right,0.9956052899360657
d_1017895.exr,right,0.9941516518592834
d_1017896.exr,right,0.99562007188797
d_1017897.exr,right,0.9956223368644714
d_1017898.exr,wrong,0.9956232905387878
d_1017899.exr,right,0.9956158399581909
d_1017900.exr,right,0.9956104159355164
d_1017901.exr,right,0.9955909252166748
d_1017902.exr,right,0.9956314563751221
d_1017903.exr,wrong,0.9940999150276184
d_1017904.exr,wrong,0.9927270412445068
d_1017905.exr,wrong,0.995512068271637
d_1017906.exr,right,0.9956004619598389
d_1017909.exr,right,0.9955982565879822
d_1017911.exr,right,0.9955486059188843
d_1017913.exr,right,0.9956329464912415
d_1017915.exr,right,0.9955961108207703
d_1017916.exr,right,0.9956320524215698
d_1017917.exr,right,0.9955724477767944
d_1017918.exr,right,0.9955922961235046
d_1017919.exr,right,0.9956240057945251
d_1017921.exr,right,0.9956135749816895
d_1017924.exr,right,0.9956082701683044
d_1017925.exr,right,0.9956342577934265
d_1017926.exr,right,0.9956359267234802
d_1017927.exr,right,0.9955981373786926
d_1017928.exr,right,0.995639443397522
d_1017929.exr,right,0.9954442977905273
d_1017930.exr,right,0.9956121444702148
d_1017931.exr,right,0.9956167936325073
d_1017932.exr,right,0.9955896139144897
d_1017933.exr,right,0.9956232905387878
d_1017934.exr,right,0.9956331849098206
d_1017936.exr,right,0.9946793913841248
d_1017937.exr,right,0.9956058859825134
d_1017939.exr,right,0.9956364035606384
d_1017940.exr,right,0.9928981065750122
d_1017942.exr,right,0.9956170320510864
d_1017943.exr,right,0.9956032037734985
d_1017945.exr,right,0.9955917000770569
d_1017947.exr,right,0.9956206679344177
d_1017949.exr,right,0.9956057667732239
d_1017950.exr,wrong,0.9938045740127563
d_1017951.exr,right,0.9937475919723511
d_1017952.exr,right,0.9956133365631104
d_1017954.exr,right,0.9956203103065491
d_1017955.exr,right,0.995627760887146
d_1017958.exr,right,0.9956092238426208
d_1017959.exr,right,0.99562007188797
d_1017961.exr,right,0.9955421090126038
d_1017963.exr,right,0.9955706000328064
d_1017965.exr,right,0.9956082701683044
d_1017966.exr,right,0.995323121547699
d_1017967.exr,right,0.995624840259552
d_1017968.exr,right,0.995240330696106
d_1017969.exr,right,0.9956383109092712
d_1017970.exr,right,0.9956240057945251
d_1017972.exr,right,0.9955875873565674
d_1017973.exr,right,0.9956056475639343
d_1017975.exr,right,0.9956032037734985
d_1017976.exr,right,0.995628833770752
d_1017977.exr,right,0.9955605268478394
d_1017978.exr,right,0.9955832362174988
d_1017979.exr,right,0.9956243634223938
d_1017981.exr,right,0.9956193566322327
d_1017982.exr,right,0.9956352114677429
d_1017985.exr,wrong,0.9934746623039246
d_1017987.exr,right,0.9956026077270508
d_1017988.exr,right,0.9955904483795166
d_1017990.exr,right,0.9956209063529968
d_1017991.exr,right,0.9955888986587524
d_1017993.exr,right,0.9956192374229431
d_1017994.exr,right,0.9956343770027161
d_1017995.exr,right,0.9955222606658936
d_1017996.exr,right,0.9956022500991821
d_1017999.exr,wrong,0.995711088180542
d_1018000.exr,right,0.9955927729606628
d_1018003.exr,right,0.9956268072128296
d_1018006.exr,right,0.9956328272819519
d_1018007.exr,right,0.9952738881111145
d_1018008.exr,right,0.995598554611206
d_1018011.exr,right,0.9956079125404358
d_1018012.exr,right,0.9955846667289734
d_1018015.exr,right,0.9956282377243042
d_1018016.exr,right,0.9956364035606384
d_1018018.exr,right,0.9955998659133911
d_1018019.exr,right,0.9956328272819519
d_1018020.exr,right,0.9956153631210327
d_1018021.exr,right,0.995635449886322
d_1018022.exr,right,0.9951152801513672
d_1018023.exr,right,0.9956254959106445
d_1018024.exr,right,0.9956285953521729
d_1018025.exr,wrong,0.9940052628517151
d_1018026.exr,wrong,0.9945827126502991
d_1018030.exr,right,0.995630145072937
d_1018031.exr,right,0.9950695037841797
d_1018033.exr,right,0.9955487251281738
d_1018034.exr,right,0.9956209063529968
d_1018035.exr,right,0.9954556226730347
d_1018037.exr,right,0.9956289529800415
d_1018038.exr,right,0.9956036806106567
d_1018039.exr,right,0.9956306219100952
d_1018041.exr,wrong,0.9947506785392761
d_1018042.exr,right,0.9955885410308838
d_1018043.exr,right,0.9956295490264893
d_1018044.exr,right,0.9956015348434448
d_1018046.exr,right,0.9955937266349792
d_1018047.exr,right,0.995317816734314
d_1018048.exr,right,0.9956101775169373
d_1018050.exr,right,0.9956400394439697
d_1018051.exr,right,0.9955407977104187
d_1018052.exr,right,0.9955735206604004
d_1018053.exr,right,0.9956111311912537
d_1018054.exr,right,0.9956308603286743
d_1018055.exr,right,0.995622456073761
d_1018056.exr,wrong,0.9940723776817322
d_1018057.exr,right,0.9955418705940247
d_1018058.exr,right,0.9956250786781311
d_1018059.exr,right,0.995618999004364
d_1018061.exr,right,0.9956055283546448
d_1018062.exr,right,0.9955576062202454
d_1018063.exr,right,0.9956305027008057
d_1018064.exr,right,0.99562007188797
d_1018065.exr,right,0.9956289529800415
d_1018066.exr,right,0.9956270456314087
d_1018069.exr,right,0.9956198334693909
d_1018070.exr,right,0.9956010580062866
d_1018076.exr,right,0.9956313371658325
d_1018077.exr,right,0.9955396056175232
d_1018079.exr,right,0.9956222176551819
d_1018080.exr,right,0.9955905675888062
d_1018083.exr,right,0.995603084564209
d_1018084.exr,right,0.9956262111663818
d_1018086.exr,right,0.9956349730491638
d_1018088.exr,right,0.9944209456443787
d_1018090.exr,right,0.9956223368644714
d_1018092.exr,right,0.9955950379371643
d_1018093.exr,right,0.9954652190208435
d_1018094.exr,right,0.9955793023109436
d_1018095.exr,right,0.9956220984458923
d_1018097.exr,right,0.995324969291687
d_1018098.exr,right,0.9956275224685669
d_1018099.exr,right,0.9955975413322449
d_1018102.exr,right,0.9954062700271606
d_1018103.exr,right,0.9956191182136536
d_1018104.exr,right,0.995634138584137
d_1018107.exr,right,0.9956274032592773
d_1018108.exr,right,0.9955945611000061
d_1018111.exr,right,0.9955497980117798
d_1018112.exr,right,0.9955465793609619
d_1018113.exr,wrong,0.8933838605880737
d_1018114.exr,right,0.9955794215202332
d_1018115.exr,right,0.9954758286476135
d_1018117.exr,right,0.992553174495697
d_1018119.exr,right,0.995621383190155
d_1018121.exr,right,0.995598316192627
d_1018122.exr,right,0.9956272840499878
d_1018123.exr,right,0.9955803751945496
d_1018125.exr,right,0.9956244826316833
d_1018126.exr,right,0.9950157999992371
d_1018127.exr,wrong,0.9695571064949036
d_1018128.exr,right,0.9954100251197815
d_1018129.exr,right,0.9955949187278748
d_1018130.exr,right,0.9952464699745178
d_1018131.exr,right,0.9955891370773315
d_1018132.exr,right,0.9947512745857239
d_1018133.exr,right,0.9945406317710876
d_1018134.exr,right,0.9956087470054626
d_1018135.exr,right,0.995618999004364
d_1018136.exr,right,0.9955898523330688
d_1018137.exr,right,0.9955849647521973
d_1018138.exr,right,0.9956203103065491
d_1018139.exr,right,0.9956116080284119
d_1018140.exr,right,0.9956347346305847
d_1018141.exr,right,0.9956094622612
d_1018143.exr,right,0.9956299066543579
d_1018144.exr,right,0.9956303834915161
d_1018145.exr,right,0.9943264126777649
d_1018147.exr,right,0.9955874681472778
d_1018148.exr,wrong,0.9952693581581116
d_1018149.exr,right,0.9956041574478149
d_1018151.exr,right,0.9955396056175232
d_1018152.exr,right,0.9956125020980835
d_1018153.exr,right,0.9955982565879822
d_1018155.exr,right,0.9942066669464111
d_1018156.exr,right,0.9951303005218506
d_1018157.exr,right,0.995629072189331
d_1018159.exr,right,0.9956289529800415
d_1018160.exr,right,0.9956281185150146
d_1018161.exr,right,0.9955698847770691
d_1018163.exr,right,0.9924301505088806
d_1018164.exr,right,0.9947969317436218
d_1018165.exr,wrong,0.995074450969696
d_1018166.exr,right,0.9956150054931641
d_1018167.exr,wrong,0.9937728047370911
d_1018169.exr,right,0.9954324960708618
d_1018170.exr,right,0.9956340193748474
d_1018172.exr,right,0.9956348538398743
d_1018173.exr,right,0.9956319332122803
d_1018174.exr,right,0.9956287145614624
d_1018175.exr,right,0.9938910007476807
d_1018176.exr,right,0.9955921769142151
d_1018178.exr,right,0.9956307411193848
d_1018179.exr,right,0.9956192374229431
d_1018180.exr,right,0.9956009387969971
d_1018181.exr,right,0.9815651774406433
d_1018182.exr,right,0.9956316947937012
d_1018183.exr,right,0.9956166744232178
d_1018184.exr,right,0.9956361651420593
d_1018186.exr,right,0.9956310987472534
d_1018187.exr,right,0.9956041574478149
d_1018189.exr,right,0.995634138584137
d_1018190.exr,right,0.9956215023994446
d_1018191.exr,right,0.9956380724906921
d_1018192.exr,right,0.9955922961235046
d_1018193.exr,right,0.99481201171875
d_1018194.exr,right,0.9952729344367981
d_1018195.exr,right,0.9951316118240356
d_1018197.exr,right,0.9956177473068237
d_1018198.exr,right,0.995630145072937
d_1018199.exr,right,0.9954816102981567
d_1018200.exr,right,0.9955840706825256
d_1018202.exr,right,0.9956238865852356
d_1018203.exr,right,0.9956297874450684
d_1018204.exr,right,0.9947729706764221
d_1018205.exr,right,0.9951285123825073
d_1018206.exr,right,0.9943116903305054
d_1018207.exr,right,0.9954555034637451
d_1018208.exr,right,0.9956272840499878
d_1018209.exr,right,0.9956300258636475
d_1018210.exr,right,0.9956186413764954
d_1018211.exr,right,0.9956321120262146
d_1018213.exr,right,0.9956289529800415
d_1018214.exr,right,0.9955950379371643
d_1018216.exr,right,0.9956364035606384
d_1018217.exr,right,0.9956225752830505
d_1018218.exr,right,0.9956314563751221
d_1018219.exr,right,0.995609700679779
d_1018220.exr,right,0.9956130981445312
d_1018221.exr,right,0.9954898953437805
d_1018222.exr,right,0.9956148862838745
d_1018223.exr,right,0.9955940842628479
d_1018224.exr,right,0.995623767375946
d_1018225.exr,right,0.9914247989654541
d_1018226.exr,right,0.9956163167953491
d_1018227.exr,right,0.995624840259552
d_1018232.exr,right,0.9956360459327698
d_1018233.exr,right,0.9956111311912537
d_1018234.exr,right,0.9953315854072571
d_1018235.exr,right,0.9955442547798157
d_1018236.exr,right,0.9956122636795044
d_1018237.exr,right,0.9955963492393494
d_1018238.exr,right,0.9956243634223938
d_1018239.exr,right,0.9952045679092407
d_1018240.exr,wrong,0.9884486794471741
d_1018241.exr,right,0.995590090751648
d_1018244.exr,right,0.9956250786781311
d_1018245.exr,right,0.9956061244010925
d_1018246.exr,right,0.9956331849098206
d_1018247.exr,right,0.9956271648406982
d_1018248.exr,right,0.9956268072128296
d_1018249.exr,right,0.9956302642822266
d_1018251.exr,right,0.9955801367759705
d_1018252.exr,right,0.9956154823303223
d_1018254.exr,right,0.9923694133758545
d_1018255.exr,right,0.9956017732620239
d_1018256.exr,right,0.995590090751648
d_1018258.exr,right,0.9956181049346924
d_1018261.exr,right,0.9955902099609375
d_1018262.exr,right,0.9956226944923401
d_1018263.exr,right,0.9956141710281372
d_1018264.exr,wrong,0.994145393371582
d_1018265.exr,right,0.995630145072937
d_1018266.exr,right,0.9956135749816895
d_1018267.exr,right,0.9956215023994446
d_1018268.exr,right,0.9956342577934265
d_1018269.exr,right,0.9915767908096313
d_1018270.exr,right,0.9956327080726624
d_1018272.exr,right,0.9956236481666565
d_1018273.exr,right,0.9955378770828247
d_1018275.exr,right,0.9955904483795166
d_1018277.exr,wrong,0.9556248784065247
d_1018278.exr,right,0.9956234097480774
d_1018282.exr,right,0.9955832362174988
d_1018284.exr,right,0.9956349730491638
d_1018285.exr,right,0.9956113696098328
d_1018286.exr,right,0.9956220984458923
d_1018287.exr,right,0.9956256151199341
d_1018288.exr,right,0.9956279993057251
d_1018289.exr,right,0.9955626726150513
d_1018291.exr,right,0.9955583810806274
d_1018293.exr,right,0.995608389377594
d_1018294.exr,right,0.9956215023994446
d_1018295.exr,right,0.9955926537513733
d_1018296.exr,right,0.995603084564209
d_1018297.exr,wrong,0.9954527020454407
d_1018298.exr,right,0.9956275224685669
d_1018300.exr,right,0.9956289529800415
d_1018301.exr,right,0.9951785802841187
d_1018302.exr,right,0.9956112504005432
d_1018303.exr,right,0.9956042766571045
d_1018304.exr,wrong,0.5923219323158264
d_1018305.exr,right,0.9956033229827881
d_1018306.exr,right,0.9956342577934265
d_1018307.exr,right,0.9955883026123047
d_1018310.exr,right,0.9955974221229553
d_1018311.exr,wrong,0.9947916269302368
d_1018312.exr,right,0.9956152439117432
d_1018315.exr,wrong,0.9955902099609375
d_1018316.exr,right,0.9955938458442688
d_1018317.exr,right,0.9956159591674805
d_1018321.exr,right,0.9956010580062866
d_1018322.exr,right,0.9952740669250488
d_1018325.exr,right,0.9955728054046631
d_1018326.exr,right,0.9956275224685669
d_1018327.exr,wrong,0.9853095412254333
d_1018328.exr,right,0.9956074357032776
d_1018329.exr,right,0.7486388087272644
d_1018330.exr,right,0.9956080317497253
d_1018331.exr,right,0.9951562881469727
d_1018333.exr,right,0.995624840259552
d_1018334.exr,right,0.9955561757087708
d_1018335.exr,right,0.9956206679344177
d_1018337.exr,right,0.9956091046333313
d_1018338.exr,right,0.9956220984458923
d_1018339.exr,right,0.9956308603286743
d_1018340.exr,right,0.9956063628196716
d_1018341.exr,wrong,0.9956586360931396
d_1018342.exr,right,0.994724452495575
d_1018343.exr,right,0.9956027269363403
d_1018344.exr,right,0.9949599504470825
d_1018345.exr,wrong,0.9954545497894287
d_1018347.exr,right,0.9953289031982422
d_1018348.exr,right,0.9956340193748474
d_1018349.exr,right,0.995573878288269
d_1018351.exr,right,0.9956188797950745
d_1018352.exr,right,0.9955926537513733
d_1018353.exr,right,0.9952003955841064
d_1018354.exr,right,0.9955877065658569
d_1018355.exr,right,0.9939701557159424
d_1018356.exr,wrong,0.9951573014259338
d_1018357.exr,right,0.9950234889984131
d_1018358.exr,right,0.9956257343292236
d_1018359.exr,right,0.9956185221672058
d_1018360.exr,right,0.9956259727478027
d_1018361.exr,right,0.9955894947052002
d_1018362.exr,right,0.9956089854240417
d_1018363.exr,right,0.9956294298171997
d_1018364.exr,right,0.995617151260376
d_1018365.exr,right,0.9953927993774414
d_1018367.exr,right,0.9956272840499878
d_1018368.exr,right,0.995230495929718
d_1018369.exr,right,0.995596706867218
d_1018370.exr,right,0.9955905675888062
d_1018371.exr,right,0.9955418705940247
d_1018372.exr,right,0.9956270456314087
d_1018373.exr,right,0.9955633878707886
d_1018374.exr,right,0.9955867528915405
d_1018377.exr,right,0.9956272840499878
d_1018378.exr,right,0.9949511289596558
d_1018380.exr,right,0.9956154823303223
d_1018381.exr,right,0.9955874681472778
d_1018382.exr,right,0.9956313371658325
d_1018383.exr,right,0.9956334233283997
d_1018385.exr,right,0.9956158399581909
d_1018386.exr,right,0.995475709438324
d_1018389.exr,wrong,0.9950358271598816
d_1018390.exr,right,0.9956374764442444
d_1018391.exr,right,0.9949854612350464
d_1018393.exr,right,0.9954748749732971
d_1018394.exr,right,0.9956151247024536
d_1018395.exr,right,0.995576024055481
d_1018397.exr,right,0.9955785870552063
d_1018398.exr,right,0.9955887794494629
d_1018399.exr,right,0.9956334233283997
d_1018400.exr,wrong,0.9932056665420532
d_1018402.exr,right,0.9955695271492004
d_1018403.exr,right,0.9955708384513855
d_1018405.exr,right,0.9955917000770569
d_1018406.exr,right,0.9956165552139282
d_1018407.exr,right,0.9956249594688416
d_1018408.exr,right,0.9953159093856812
d_1018410.exr,right,0.9956212639808655
d_1018411.exr,wrong,0.994396448135376
d_1018412.exr,right,0.9956047534942627
d_1018413.exr,right,0.9953562617301941
d_1018414.exr,right,0.9956135749816895
d_1018417.exr,right,0.9956012964248657
d_1018418.exr,right,0.9956188797950745
d_1018419.exr,right,0.9956321120262146
d_1018420.exr,right,0.9956158399581909
d_1018421.exr,right,0.9954308271408081
d_1018422.exr,right,0.9956355690956116
d_1018423.exr,right,0.9956358075141907
d_1018424.exr,right,0.9956244826316833
d_1018425.exr,right,0.9955636262893677
d_1018426.exr,right,0.9956263303756714
d_1018427.exr,right,0.9919630289077759
d_1018428.exr,right,0.9866029024124146
d_1018430.exr,right,0.9948392510414124
d_1018431.exr,right,0.995590090751648
d_1018434.exr,right,0.9956284761428833
d_1018435.exr,right,0.995614767074585
d_1018438.exr,right,0.9956323504447937
d_1018439.exr,right,0.9956042766571045
d_1018440.exr,right,0.9950981736183167
d_1018441.exr,right,0.9955300688743591
d_1018442.exr,right,0.9956360459327698
d_1018444.exr,right,0.995595395565033
d_1018446.exr,right,0.9955875873565674
d_1018447.exr,right,0.995205283164978
d_1018448.exr,right,0.9955812096595764
d_1018449.exr,right,0.9956287145614624
d_1018451.exr,right,0.9956100583076477
d_1018454.exr,right,0.9956198334693909
d_1018455.exr,right,0.9956258535385132
d_1018456.exr,right,0.9956328272819519
d_1018457.exr,right,0.9956303834915161
d_1018458.exr,right,0.9955201148986816
d_1018460.exr,wrong,0.9938993453979492
d_1018461.exr,right,0.9955989122390747
d_1018462.exr,right,0.9956257343292236
d_1018463.exr,right,0.9956085085868835
d_1018464.exr,right,0.9956150054931641
d_1018465.exr,right,0.9955905675888062
d_1018467.exr,right,0.9945149421691895
d_1018468.exr,right,0.9955991506576538
d_1018469.exr,right,0.9956193566322327
d_1018471.exr,right,0.994858980178833
d_1018472.exr,right,0.995636522769928
d_1018474.exr,right,0.9955795407295227
d_1018475.exr,right,0.995623767375946
d_1018476.exr,right,0.9956091046333313
d_1018477.exr,right,0.9956055283546448
d_1018478.exr,right,0.9956353306770325
d_1018479.exr,right,0.9956167936325073
d_1018480.exr,right,0.9956102967262268
d_1018481.exr,right,0.9956210255622864
d_1018482.exr,right,0.9956204295158386
d_1018483.exr,wrong,0.9949953556060791
d_1018485.exr,wrong,0.7749808430671692
d_1018486.exr,right,0.9956186413764954
d_1018488.exr,wrong,0.9932613968849182
d_1018489.exr,right,0.995553195476532
d_1018490.exr,right,0.9955627918243408
d_1018491.exr,right,0.9955874681472778
d_1018492.exr,right,0.9955495595932007
d_1018493.exr,right,0.9955926537513733
d_1018494.exr,right,0.9956254959106445
d_1018496.exr,right,0.995398223400116
d_1018497.exr,right,0.995606005191803
d_1018500.exr,right,0.9955894947052002
d_1018502.exr,right,0.9956242442131042
d_1018503.exr,right,0.9956183433532715
d_1018505.exr,wrong,0.9923031330108643
d_1018506.exr,right,0.99561607837677
d_1018507.exr,right,0.9949788451194763
d_1018508.exr,right,0.9947848916053772
d_1018510.exr,right,0.9956167936325073
d_1018512.exr,right,0.995627760887146
d_1018513.exr,right,0.9955863952636719
d_1018514.exr,right,0.9956192374229431
d_1018515.exr,right,0.9955657124519348
d_1018516.exr,right,0.9956329464912415
d_1018517.exr,right,0.9956066012382507
d_1018518.exr,wrong,0.9949846267700195
d_1018519.exr,right,0.9950721859931946
d_1018521.exr,right,0.9953643083572388
d_1018522.exr,right,0.9956230521202087
d_1018523.exr,right,0.9948676824569702
d_1018525.exr,wrong,0.9908589720726013
d_1018527.exr,right,0.9953783750534058
d_1018528.exr,right,0.995614767074585
d_1018529.exr,right,0.9954742789268494
d_1018530.exr,right,0.9956048727035522
d_1018531.exr,right,0.9955647587776184
d_1018532.exr,right,0.9954303503036499
d_1018534.exr,right,0.9956178665161133
d_1018535.exr,right,0.995633065700531
d_1018536.exr,right,0.9956179857254028
d_1018537.exr,right,0.9956334233283997
d_1018538.exr,wrong,0.9748924374580383
d_1018539.exr,right,0.9956211447715759
d_1018542.exr,right,0.9955861568450928
d_1018543.exr,right,0.9956281185150146
d_1018544.exr,right,0.9955989122390747
d_1018545.exr,right,0.9955809712409973
d_1018546.exr,right,0.9956095814704895
d_1018547.exr,right,0.9956337809562683
d_1018548.exr,right,0.9956346154212952
d_1018549.exr,right,0.99561607837677
d_1018551.exr,right,0.995610773563385
d_1018552.exr,right,0.9956276416778564
d_1018553.exr,right,0.9956259727478027
d_1018555.exr,right,0.9956042766571045
d_1018556.exr,right,0.995419979095459
d_1018557.exr,right,0.9956198334693909
d_1018558.exr,right,0.9955058097839355
d_1018559.exr,right,0.9956003427505493
d_1018560.exr,right,0.995600700378418
d_1018562.exr,right,0.9956299066543579
d_1018563.exr,right,0.995597779750824
d_1018564.exr,right,0.9953199028968811
d_1018565.exr,right,0.9955920577049255
d_1018566.exr,right,0.9956243634223938
d_1018567.exr,right,0.995604395866394
d_1018568.exr,right,0.9955904483795166
d_1018570.exr,right,0.995574951171875
d_1018571.exr,wrong,0.9929242134094238
d_1018573.exr,right,0.9956029653549194
d_1018574.exr,right,0.995590090751648
d_1018575.exr,right,0.9956309795379639
d_1018576.exr,right,0.9956295490264893
d_1018577.exr,right,0.9956036806106567
d_1018579.exr,right,0.9956262111663818
d_1018580.exr,right,0.9956256151199341
d_1018581.exr,right,0.9956343770027161
d_1018582.exr,right,0.9956082701683044
d_1018583.exr,right,0.9956226944923401
d_1018585.exr,wrong,0.9954785704612732
d_1018586.exr,right,0.995636522769928
d_1018587.exr,wrong,0.994090735912323
d_1018588.exr,right,0.995608389377594
d_1018589.exr,right,0.9956279993057251
d_1018590.exr,right,0.9956003427505493
d_1018591.exr,right,0.9956242442131042
d_1018592.exr,right,0.9956251978874207
d_1018593.exr,right,0.9949199557304382
d_1018594.exr,right,0.9956176280975342
d_1018595.exr,right,0.9953868985176086
d_1018597.exr,right,0.9956054091453552
d_1018598.exr,right,0.9956117272377014
d_1018599.exr,right,0.9953756332397461
d_1018600.exr,right,0.995624840259552
d_1018601.exr,right,0.9954806566238403
d_1018602.exr,right,0.99562007188797
d_1018603.exr,right,0.9956241250038147
d_1018604.exr,right,0.9956291913986206
d_1018605.exr,right,0.9956247210502625
d_1018607.exr,right,0.9956307411193848
d_1018608.exr,right,0.9956258535385132
d_1018609.exr,right,0.995621383190155
d_1018610.exr,right,0.9955690503120422
d_1018611.exr,right,0.9956264495849609
d_1018612.exr,right,0.9956104159355164
d_1018613.exr,right,0.9956350922584534
d_1018614.exr,right,0.995465874671936
d_1018615.exr,right,0.9955757856369019
d_1018617.exr,right,0.995614767074585
d_1018618.exr,right,0.995587944984436
d_1018620.exr,right,0.9956263303756714
d_1018621.exr,right,0.9956011772155762
d_1018622.exr,right,0.995610773563385
d_1018625.exr,right,0.9956105351448059
d_1018626.exr,wrong,0.9876142740249634
d_1018627.exr,right,0.995568573474884
d_1018628.exr,right,0.9956268072128296
d_1018629.exr,right,0.9956313371658325
d_1018630.exr,right,0.995623767375946
d_1018631.exr,right,0.9956281185150146
d_1018633.exr,right,0.9956339001655579
d_1018635.exr,right,0.9956247210502625
d_1018636.exr,right,0.9956047534942627
d_1018637.exr,right,0.9940767288208008
d_1018638.exr,right,0.9956268072128296
d_1018639.exr,right,0.9955558180809021
d_1018641.exr,right,0.9956230521202087
d_1018643.exr,right,0.9956294298171997
d_1018644.exr,right,0.9956275224685669
d_1018645.exr,right,0.9955909252166748
d_1018646.exr,right,0.9955119490623474
d_1018648.exr,right,0.9945505261421204
d_1018650.exr,right,0.9956333041191101
d_1018651.exr,right,0.9956242442131042
d_1018653.exr,wrong,0.9913796186447144
d_1018654.exr,right,0.9956300258636475
d_1018655.exr,right,0.9947391152381897
d_1018656.exr,right,0.9956156015396118
d_1018658.exr,right,0.99562007188797
d_1018659.exr,right,0.9955959916114807
d_1018660.exr,right,0.994617760181427
d_1018661.exr,right,0.9953225255012512
d_1018662.exr,wrong,0.9957258701324463
d_1018663.exr,wrong,0.994767427444458
d_1018664.exr,right,0.9956192374229431
d_1018667.exr,right,0.9956331849098206
d_1018668.exr,right,0.9955262541770935
d_1018669.exr,right,0.9941642880439758
d_1018670.exr,right,0.9902969002723694
d_1018671.exr,right,0.9955775737762451
d_1018676.exr,right,0.9956380724906921
d_1018677.exr,right,0.9956140518188477
d_1018678.exr,right,0.9926274418830872
d_1018680.exr,right,0.9955944418907166
d_1018681.exr,right,0.9956325888633728
d_1018682.exr,right,0.995621383190155
d_1018683.exr,right,0.9955582618713379
d_1018684.exr,right,0.99562007188797
d_1018686.exr,right,0.9955804944038391
d_1018688.exr,right,0.9933602213859558
d_1018689.exr,right,0.9956193566322327
d_1018690.exr,right,0.9956041574478149
d_1018691.exr,right,0.9955358505249023
d_1018692.exr,right,0.9954187870025635
d_1018694.exr,right,0.9937627911567688
d_1018695.exr,right,0.995598316192627
d_1018697.exr,right,0.995590329170227
d_1018698.exr,right,0.9956323504447937
d_1018699.exr,right,0.9948680400848389
d_1018700.exr,right,0.9956250786781311
d_1018701.exr,right,0.9956331849098206
d_1018702.exr,right,0.9956219792366028
d_1018703.exr,right,0.9956144094467163
d_1018704.exr,right,0.9955962300300598
d_1018705.exr,right,0.9956251978874207
d_1018707.exr,right,0.9956139326095581
d_1018711.exr,right,0.9956173896789551
d_1018712.exr,right,0.9956203103065491
d_1018714.exr,right,0.9955906867980957
d_1018715.exr,right,0.9955894947052002
d_1018716.exr,right,0.9956195950508118
d_1018717.exr,right,0.9955706000328064
d_1018719.exr,right,0.9955930113792419
d_1018720.exr,right,0.9956329464912415
d_1018721.exr,right,0.9954736828804016
d_1018722.exr,right,0.9956230521202087
d_1018723.exr,right,0.9954085946083069
d_1018728.exr,right,0.9956005811691284
d_1018729.exr,right,0.9956173896789551
d_1018732.exr,right,0.9956063628196716
d_1018733.exr,right,0.9956272840499878
d_1018734.exr,right,0.9956228137016296
d_1018735.exr,right,0.9956260919570923
d_1018737.exr,right,0.9955841898918152
d_1018738.exr,right,0.9956336617469788
d_1018739.exr,right,0.9956278800964355
d_1018740.exr,right,0.9956108927726746
d_1018741.exr,wrong,0.9929671287536621
d_1018743.exr,right,0.9956194758415222
d_1018744.exr,right,0.9956258535385132
d_1018745.exr,right,0.9953716397285461
d_1018746.exr,right,0.9956282377243042
d_1018748.exr,right,0.9956324696540833
d_1018749.exr,wrong,0.9932950139045715
d_1018750.exr,right,0.995448887348175
d_1018751.exr,right,0.9956318140029907
d_1018752.exr,right,0.9956291913986206
d_1018753.exr,right,0.9956156015396118
d_1018755.exr,right,0.9956152439117432
d_1018756.exr,right,0.9955163598060608
d_1018761.exr,right,0.995564877986908
d_1018763.exr,right,0.9956334233283997
d_1018764.exr,right,0.9955451488494873
d_1018765.exr,right,0.9949027299880981
d_1018766.exr,right,0.9956337809562683
d_1018767.exr,right,0.9956265687942505
d_1018769.exr,right,0.9954705238342285
d_1018770.exr,right,0.9955936074256897
d_1018771.exr,right,0.9956240057945251
d_1018772.exr,right,0.9956274032592773
d_1018773.exr,wrong,0.9863075613975525
d_1018774.exr,right,0.9956058859825134
d_1018775.exr,right,0.9956368803977966
d_1018776.exr,right,0.9956170320510864
d_1018778.exr,right,0.9945420622825623
d_1018779.exr,right,0.9956164360046387
d_1018780.exr,wrong,0.9946333169937134
d_1018781.exr,wrong,0.9950043559074402
d_1018782.exr,right,0.9956374764442444
d_1018783.exr,right,0.9956235289573669
d_1018785.exr,right,0.9956331849098206
d_1018787.exr,right,0.9955702424049377
d_1018788.exr,right,0.9956163167953491
d_1018789.exr,right,0.9956201910972595
d_1018790.exr,wrong,0.9946993589401245
d_1018792.exr,right,0.9956279993057251
d_1018793.exr,right,0.9951790571212769
d_1018794.exr,right,0.99562007188797
d_1018795.exr,wrong,0.9955006241798401
d_1018796.exr,right,0.9955962300300598
d_1018797.exr,wrong,0.9956854581832886
d_1018799.exr,right,0.9956346154212952
d_1018800.exr,wrong,0.9953613877296448
d_1018801.exr,right,0.9955465793609619
d_1018802.exr,right,0.9956279993057251
d_1018803.exr,right,0.9956375956535339
d_1018805.exr,right,0.9956306219100952
d_1018806.exr,right,0.9940956830978394
d_1018807.exr,right,0.995617151260376
d_1018808.exr,right,0.9956343770027161
d_1018809.exr,right,0.9938411712646484
d_1018810.exr,right,0.9955962300300598
d_1018811.exr,right,0.9956342577934265
d_1018812.exr,right,0.9956003427505493
d_1018813.exr,right,0.9952117800712585
d_1018814.exr,right,0.9956281185150146
d_1018815.exr,right,0.9956340193748474
d_1018816.exr,wrong,0.9956978559494019
d_1018817.exr,right,0.995634138584137
d_1018818.exr,right,0.9956336617469788
d_1018820.exr,right,0.9956182241439819
d_1018821.exr,right,0.9956148862838745
d_1018823.exr,right,0.9955673813819885
d_1018824.exr,right,0.9956389665603638
d_1018825.exr,wrong,0.9626868963241577
d_1018826.exr,right,0.995614767074585
d_1018827.exr,right,0.9956021308898926
d_1018828.exr,right,0.9954957962036133
d_1018829.exr,right,0.9956029653549194
d_1018830.exr,right,0.9938609600067139
d_1018831.exr,right,0.995201587677002
d_1018832.exr,right,0.9956294298171997
d_1018833.exr,right,0.9956335425376892
d_1018834.exr,right,0.9955653548240662
d_1018836.exr,right,0.9956264495849609
d_1018837.exr,right,0.9954133629798889
d_1018838.exr,right,0.9956285953521729
d_1018840.exr,right,0.9955955147743225
d_1018841.exr,right,0.9956228137016296
d_1018842.exr,right,0.9956199526786804
d_1018843.exr,right,0.995608389377594
d_1018844.exr,right,0.9955946803092957
d_1018845.exr,wrong,0.9876065850257874
d_1018846.exr,right,0.9956276416778564
d_1018847.exr,right,0.9955049157142639
d_1018848.exr,right,0.9956314563751221
d_1018849.exr,right,0.995572566986084
d_1018852.exr,right,0.9956099390983582
d_1018853.exr,right,0.9956125020980835
d_1018854.exr,right,0.9956281185150146
d_1018855.exr,right,0.9956062436103821
d_1018858.exr,right,0.9932802319526672
d_1018859.exr,right,0.9955844283103943
d_1018860.exr,right,0.9955077171325684
d_1018861.exr,right,0.9956111311912537
d_1018864.exr,right,0.9942086935043335
d_1018866.exr,right,0.995590090751648
d_1018867.exr,right,0.9956285953521729
d_1018868.exr,right,0.9952793121337891
d_1018870.exr,right,0.9955604076385498
d_1018871.exr,right,0.9955397248268127
d_1018874.exr,right,0.9956128597259521
d_1018875.exr,right,0.9956179857254028
d_1018877.exr,right,0.9956282377243042
d_1018878.exr,right,0.9956401586532593
d_1018880.exr,right,0.9956035614013672
d_1018881.exr,right,0.9956381916999817
d_1018883.exr,right,0.9955788254737854
d_1018885.exr,right,0.9956274032592773
d_1018887.exr,right,0.9955762624740601
d_1018889.exr,right,0.9956151247024536
d_1018891.exr,right,0.9956166744232178
d_1018892.exr,right,0.9956075549125671
d_1018894.exr,right,0.9956203103065491
d_1018895.exr,right,0.9956289529800415
d_1018897.exr,right,0.995612621307373
d_1018900.exr,right,0.9955651164054871
d_1018901.exr,right,0.9956201910972595
d_1018904.exr,right,0.9947264790534973
d_1018905.exr,right,0.9953733086585999
d_1018906.exr,right,0.9956402778625488
d_1018908.exr,right,0.9955852031707764
d_1018910.exr,right,0.9955762624740601
d_1018911.exr,right,0.9956230521202087
d_1018913.exr,right,0.9956153631210327
d_1018914.exr,right,0.9956067204475403
d_1018915.exr,right,0.9956210255622864
d_1018917.exr,right,0.9955971837043762
d_1018919.exr,right,0.9956215023994446
d_1018920.exr,right,0.9956268072128296
d_1018921.exr,right,0.9956040382385254
d_1018922.exr,right,0.9955396056175232
d_1018923.exr,right,0.9956167936325073
d_1018924.exr,right,0.9956104159355164
d_1018928.exr,right,0.9956193566322327
d_1018930.exr,right,0.9956276416778564
d_1018931.exr,right,0.9955801367759705
d_1018932.exr,right,0.9956347346305847
d_1018934.exr,right,0.9956359267234802
d_1018936.exr,right,0.9956355690956116
d_1018937.exr,right,0.9955852031707764
d_1018938.exr,wrong,0.8848761320114136
d_1018940.exr,right,0.9956335425376892
d_1018942.exr,right,0.9956295490264893
d_1018943.exr,right,0.995635449886322
d_1018944.exr,right,0.9908249974250793
d_1018945.exr,right,0.9955667853355408
d_1018946.exr,right,0.9956191182136536
d_1018948.exr,right,0.9956087470054626
d_1018950.exr,right,0.9956287145614624
d_1018951.exr,right,0.9956108927726746
d_1018952.exr,right,0.995623767375946
d_1018955.exr,right,0.9956313371658325
d_1018956.exr,right,0.9952619075775146
d_1018957.exr,right,0.9955615997314453
d_1018958.exr,right,0.9955986738204956
d_1018960.exr,right,0.9956310987472534
d_1018961.exr,right,0.9956075549125671
d_1018962.exr,right,0.9949796795845032
d_1018964.exr,right,0.9956211447715759
d_1018968.exr,right,0.9956144094467163
d_1018969.exr,right,0.9956121444702148
d_1018970.exr,right,0.995624840259552
d_1018971.exr,right,0.9955242872238159
d_1018974.exr,right,0.9956329464912415
d_1018976.exr,right,0.995597779750824
d_1018977.exr,right,0.9956300258636475
d_1018978.exr,right,0.9955590963363647
d_1018979.exr,right,0.9956268072128296
d_1018980.exr,right,0.9956173896789551
d_1018983.exr,right,0.9955433011054993
d_1018986.exr,right,0.9956192374229431
d_1018987.exr,right,0.9956223368644714
d_1018988.exr,right,0.9950952529907227
d_1018989.exr,right,0.9950082302093506
d_1018991.exr,right,0.9956070780754089
d_1018992.exr,right,0.9955174326896667
d_1018994.exr,right,0.9952463507652283
d_1018995.exr,right,0.995612621307373
d_1018998.exr,right,0.9955809712409973
d_1018999.exr,right,0.9953073859214783
d_1019000.exr,right,0.9956268072128296
d_1019001.exr,right,0.9956110119819641
d_1019002.exr,wrong,0.9956425428390503
d_1019003.exr,right,0.9956091046333313
d_1019005.exr,right,0.9948491454124451
d_1019006.exr,right,0.9956325888633728
d_1019010.exr,right,0.9956150054931641
d_1019011.exr,right,0.9952000379562378
d_1019012.exr,right,0.9956098198890686
d_1019013.exr,right,0.9956082701683044
d_1019016.exr,right,0.9956207871437073
d_1019017.exr,right,0.9954343438148499
d_1019018.exr,right,0.9956260919570923
d_1019019.exr,wrong,0.9941469430923462
d_1019021.exr,right,0.9956306219100952
d_1019022.exr,right,0.9956176280975342
d_1019023.exr,right,0.9956187605857849
d_1019024.exr,right,0.995624840259552
d_1019026.exr,right,0.9956161975860596
d_1019027.exr,right,0.9956231713294983
d_1019028.exr,right,0.995628833770752
d_1019029.exr,right,0.9956265687942505
d_1019031.exr,right,0.9956159591674805
d_1019033.exr,right,0.9956153631210327
d_1019036.exr,right,0.9956049919128418
d_1019038.exr,right,0.9956047534942627
d_1019039.exr,right,0.9956232905387878
d_1019040.exr,right,0.9956243634223938
d_1019041.exr,right,0.9956130981445312
d_1019042.exr,right,0.9955990314483643
d_1019043.exr,right,0.9956203103065491
d_1019044.exr,right,0.9951549768447876
d_1019046.exr,right,0.9956105351448059
d_1019047.exr,right,0.9956067204475403
d_1019049.exr,wrong,0.9731358289718628
d_1019052.exr,right,0.9955716133117676
d_1019054.exr,right,0.9956223368644714
d_1019055.exr,right,0.995631217956543
d_1019056.exr,right,0.9956185221672058
d_1019058.exr,right,0.9956302642822266
d_1019059.exr,right,0.9956192374229431
d_1019060.exr,right,0.9921140670776367
d_1019062.exr,right,0.9953359961509705
d_1019063.exr,right,0.9956150054931641
d_1019064.exr,right,0.9956081509590149
d_1019065.exr,right,0.9955877065658569
d_1019066.exr,right,0.9956185221672058
d_1019067.exr,right,0.9956256151199341
d_1019068.exr,right,0.9956310987472534
d_1019073.exr,right,0.994375467300415
d_1019076.exr,right,0.9956179857254028
d_1019078.exr,right,0.9308197498321533
d_1019080.exr,right,0.9956398010253906
d_1019081.exr,right,0.9956374764442444
d_1019084.exr,right,0.9956197142601013
d_1019089.exr,right,0.9956029653549194
d_1019091.exr,right,0.9955001473426819
d_1019092.exr,right,0.9956234097480774
d_1019093.exr,right,0.9956333041191101
d_1019094.exr,right,0.9956027269363403
d_1019095.exr,right,0.9955753087997437
d_1019096.exr,wrong,0.9950566291809082
d_1019098.exr,right,0.9955917000770569
d_1019099.exr,wrong,0.994283139705658
d_1019102.exr,wrong,0.9729108810424805
d_1019103.exr,right,0.9956088662147522
d_1019104.exr,right,0.9956173896789551
d_1019105.exr,right,0.9956283569335938
d_1019107.exr,right,0.9950810670852661
d_1019109.exr,right,0.9955904483795166
d_1019110.exr,right,0.9956104159355164
d_1019111.exr,right,0.9955863952636719
d_1019112.exr,right,0.9956350922584534
d_1019113.exr,right,0.9955657124519348
d_1019114.exr,right,0.9956014156341553
d_1019115.exr,right,0.9956116080284119
d_1019116.exr,right,0.9956238865852356
d_1019117.exr,right,0.995623767375946
d_1019118.exr,right,0.9952749013900757
d_1019119.exr,right,0.9956315755844116
d_1019120.exr,right,0.9956356883049011
d_1019121.exr,right,0.9956104159355164
d_1019125.exr,right,0.995635449886322
d_1019127.exr,right,0.9956236481666565
d_1019129.exr,right,0.9809495806694031
d_1019130.exr,right,0.995618999004364
d_1019131.exr,right,0.9952406883239746
d_1019133.exr,right,0.9955955147743225
d_1019134.exr,wrong,0.9944837689399719
d_1019135.exr,wrong,0.9956300258636475
d_1019136.exr,right,0.9954160451889038
d_1019137.exr,right,0.9954568147659302
d_1019139.exr,right,0.9956197142601013
d_1019140.exr,wrong,0.9929628968238831
d_1019141.exr,right,0.9883499145507812
d_1019142.exr,right,0.9955629110336304
d_1019143.exr,right,0.9956313371658325
d_1019145.exr,right,0.9956142902374268
d_1019147.exr,right,0.9953526258468628
d_1019149.exr,wrong,0.9957161545753479
d_1019151.exr,right,0.9956305027008057
d_1019152.exr,right,0.9956249594688416
d_1019153.exr,right,0.9934897422790527
d_1019154.exr,wrong,0.7837890386581421
d_1019155.exr,right,0.9956308603286743
d_1019157.exr,wrong,0.9943716526031494
d_1019158.exr,right,0.9956173896789551
d_1019159.exr,right,0.9951989054679871
d_1019160.exr,right,0.9951364398002625
d_1019163.exr,right,0.9956069588661194
d_1019165.exr,right,0.9956235289573669
d_1019167.exr,right,0.9956048727035522
d_1019168.exr,right,0.9956323504447937
d_1019169.exr,right,0.9943880438804626
d_1019170.exr,right,0.9956284761428833
d_1019171.exr,right,0.9955947995185852
d_1019172.exr,right,0.9956170320510864
d_1019173.exr,right,0.9955763816833496
d_1019174.exr,right,0.9956296682357788
d_1019175.exr,right,0.9937272071838379
d_1019176.exr,right,0.9956186413764954
d_1019177.exr,right,0.9956369996070862
d_1019178.exr,right,0.9955961108207703
d_1019179.exr,right,0.9956165552139282
d_1019180.exr,right,0.9956085085868835
d_1019183.exr,right,0.9954819679260254
d_1019185.exr,right,0.9956108927726746
d_1019187.exr,right,0.9951570630073547
d_1019190.exr,right,0.9956151247024536
d_1019191.exr,right,0.9954817295074463
d_1019192.exr,right,0.9956089854240417
d_1019194.exr,right,0.9955500364303589
d_1019196.exr,right,0.995618462562561
d_1019197.exr,right,0.9956113696098328
d_1019198.exr,right,0.995624840259552
d_1019199.exr,right,0.9910444021224976
d_1019200.exr,right,0.9944815635681152
d_1019201.exr,right,0.9956281185150146
d_1019202.exr,right,0.995614767074585
d_1019203.exr,right,0.9955892562866211
d_1019204.exr,right,0.9956289529800415
d_1019205.exr,right,0.9955833554267883
d_1019206.exr,right,0.9955989122390747
d_1019210.exr,right,0.9955973029136658
d_1019211.exr,right,0.9956046342849731
d_1019213.exr,right,0.9956218600273132
d_1019214.exr,right,0.9955892562866211
d_1019215.exr,right,0.9956117868423462
d_1019216.exr,right,0.9955939650535583
d_1019217.exr,right,0.9955675005912781
d_1019219.exr,right,0.9956165552139282
d_1019220.exr,right,0.9955969452857971
d_1019221.exr,right,0.99562007188797
d_1019222.exr,right,0.9956308603286743
d_1019223.exr,right,0.9955962300300598
d_1019224.exr,right,0.9955814480781555
d_1019225.exr,right,0.9955148100852966
d_1019226.exr,right,0.9955956339836121
d_1019230.exr,right,0.995640754699707
d_1019231.exr,right,0.9956212639808655
d_1019232.exr,wrong,0.9956165552139282
d_1019233.exr,wrong,0.9938923120498657
d_1019234.exr,right,0.99562668800354
d_1019235.exr,right,0.995600700378418
d_1019236.exr,right,0.9956366419792175
d_1019237.exr,right,0.9955620765686035
d_1019239.exr,wrong,0.9950013756752014
d_1019240.exr,right,0.9956204295158386
d_1019241.exr,right,0.9955933690071106
d_1019242.exr,right,0.9955976605415344
d_1019243.exr,wrong,0.9953623414039612
d_1019245.exr,right,0.9956140518188477
d_1019247.exr,right,0.9924208521842957
d_1019248.exr,right,0.9955310225486755
d_1019250.exr,right,0.9955690503120422
d_1019253.exr,right,0.9955854415893555
d_1019255.exr,right,0.9956134557723999
d_1019258.exr,right,0.9955831170082092
d_1019259.exr,right,0.9956314563751221
d_1019261.exr,right,0.9956350922584534
d_1019263.exr,right,0.99561607837677
d_1019264.exr,right,0.9956206679344177
d_1019265.exr,wrong,0.9956634640693665
d_1019266.exr,right,0.9956313371658325
d_1019267.exr,right,0.994438886642456
d_1019269.exr,right,0.9956054091453552
d_1019270.exr,right,0.9956088662147522
d_1019271.exr,right,0.9956194758415222
d_1019272.exr,right,0.995635449886322
d_1019275.exr,right,0.9956215023994446
d_1019276.exr,wrong,0.9957142472267151
d_1019277.exr,right,0.9956321120262146
d_1019278.exr,right,0.6094135642051697
d_1019279.exr,right,0.9955554604530334
d_1019280.exr,right,0.9956148862838745
d_1019281.exr,right,0.9925641417503357
d_1019282.exr,right,0.9956170320510864
d_1019283.exr,right,0.9948766827583313
d_1019284.exr,right,0.9955986738204956
d_1019285.exr,right,0.995606005191803
d_1019286.exr,right,0.9956176280975342
d_1019288.exr,right,0.9956323504447937
d_1019289.exr,right,0.9956323504447937
d_1019290.exr,right,0.995610773563385
d_1019292.exr,right,0.9952273368835449
d_1019294.exr,right,0.995610773563385
d_1019297.exr,right,0.9956289529800415
d_1019298.exr,right,0.995016872882843
d_1019299.exr,right,0.9956163167953491
d_1019300.exr,right,0.9956238865852356
d_1019301.exr,right,0.9955354928970337
d_1019304.exr,right,0.9953351616859436
d_1019305.exr,right,0.9956092238426208
d_1019306.exr,right,0.9956279993057251
d_1019307.exr,right,0.9956169128417969
d_1019308.exr,right,0.9956333041191101
d_1019309.exr,right,0.9956218600273132
d_1019310.exr,right,0.9956364035606384
d_1019311.exr,right,0.9956340193748474
d_1019313.exr,right,0.9955970644950867
d_1019314.exr,right,0.9956086277961731
d_1019315.exr,right,0.9956050515174866
d_1019316.exr,right,0.9951708912849426
d_1019318.exr,right,0.9956120252609253
d_1019319.exr,right,0.9955877065658569
d_1019320.exr,wrong,0.7996242642402649
d_1019321.exr,right,0.9955861568450928
d_1019322.exr,right,0.9955893754959106
d_1019323.exr,right,0.9955413937568665
d_1019326.exr,right,0.99562668800354
d_1019328.exr,right,0.9956268072128296
d_1019330.exr,right,0.995622456073761
d_1019331.exr,right,0.9956191182136536
d_1019332.exr,right,0.9954596161842346
d_1019333.exr,right,0.9956215023994446
d_1019334.exr,right,0.9947218894958496
d_1019335.exr,right,0.9955871105194092
d_1019336.exr,right,0.9931683540344238
d_1019337.exr,right,0.9956166744232178
d_1019338.exr,right,0.9956092238426208
d_1019340.exr,right,0.9955810904502869
d_1019341.exr,right,0.9953137636184692
d_1019345.exr,right,0.9955980181694031
d_1019346.exr,right,0.9956125020980835
d_1019347.exr,right,0.995635449886322
d_1019348.exr,right,0.9956001043319702
d_1019349.exr,right,0.9956150054931641
d_1019351.exr,right,0.9954415559768677
d_1019352.exr,right,0.9956101775169373
d_1019354.exr,right,0.9956014156341553
d_1019355.exr,right,0.9956251978874207
d_1019357.exr,right,0.9956342577934265
d_1019359.exr,right,0.9952292442321777
d_1019360.exr,right,0.9956150054931641
d_1019361.exr,right,0.9954215884208679
d_1019362.exr,right,0.9956348538398743
d_1019364.exr,right,0.9956331849098206
d_1019366.exr,right,0.9956122636795044
d_1019369.exr,right,0.9956324696540833
d_1019370.exr,right,0.9955356121063232
d_1019371.exr,right,0.9956268072128296
d_1019372.exr,right,0.9953936338424683
d_1019373.exr,right,0.9956034421920776
d_1019374.exr,right,0.9955829977989197
d_1019375.exr,wrong,0.9548235535621643
d_1019376.exr,right,0.9956024885177612
d_1019377.exr,right,0.9956054091453552
d_1019378.exr,right,0.9955626726150513
d_1019379.exr,right,0.9955902099609375
d_1019380.exr,right,0.9956375956535339
d_1019381.exr,right,0.9955915212631226
d_1019382.exr,right,0.9954022169113159
d_1019384.exr,right,0.9954278469085693
d_1019385.exr,right,0.6786985993385315
d_1019386.exr,right,0.9956334233283997
d_1019387.exr,right,0.9956158399581909
d_1019388.exr,right,0.9953047037124634
d_1019389.exr,right,0.9952611327171326
d_1019390.exr,right,0.9956362843513489
d_1019391.exr,right,0.9955363273620605
d_1019392.exr,right,0.9956234097480774
d_1019394.exr,right,0.9955677390098572
d_1019395.exr,right,0.995570719242096
d_1019396.exr,wrong,0.9778878092765808
d_1019398.exr,right,0.7792338132858276
d_1019401.exr,right,0.9955266118049622
d_1019402.exr,right,0.9955548644065857
d_1019403.exr,right,0.995607316493988
d_1019404.exr,right,0.9955780506134033
d_1019405.exr,right,0.9956036806106567
d_1019407.exr,right,0.9956139326095581
d_1019408.exr,right,0.995627760887146
d_1019409.exr,right,0.9956101775169373
d_1019411.exr,right,0.9955464601516724
d_1019413.exr,right,0.9955580830574036
d_1019416.exr,right,0.9956356883049011
d_1019417.exr,right,0.995621383190155
d_1019418.exr,right,0.9956169128417969
d_1019419.exr,right,0.9949250221252441
d_1019422.exr,right,0.9956091046333313
d_1019423.exr,right,0.9956356883049011
d_1019424.exr,right,0.9955573678016663
d_1019426.exr,right,0.9956121444702148
d_1019428.exr,right,0.9956262111663818
d_1019429.exr,right,0.9921297430992126
d_1019434.exr,right,0.9951528310775757
d_1019436.exr,right,0.9952815175056458
d_1019438.exr,right,0.9955804944038391
d_1019439.exr,right,0.9955867528915405
d_1019440.exr,right,0.9948391318321228
d_1019442.exr,right,0.995510458946228
d_1019443.exr,wrong,0.9599738717079163
d_1019444.exr,right,0.9955280423164368
d_1019446.exr,right,0.9956055283546448
d_1019447.exr,right,0.9925057291984558
d_1019448.exr,right,0.9955965876579285
d_1019449.exr,right,0.9955766201019287
d_1019452.exr,right,0.9949707388877869
d_1019454.exr,right,0.9956308603286743
d_1019455.exr,wrong,0.994592010974884
d_1019456.exr,right,0.9956350922584534
d_1019457.exr,right,0.9956334233283997
d_1019463.exr,right,0.9955981373786926
d_1019465.exr,right,0.9956117272377014
d_1019466.exr,right,0.9956242442131042
d_1019467.exr,right,0.9956244826316833
d_1019468.exr,right,0.9956085085868835
d_1019470.exr,right,0.9955176711082458
d_1019474.exr,right,0.9956254959106445
d_1019475.exr,right,0.9955863952636719
d_1019476.exr,right,0.9955990314483643
d_1019477.exr,right,0.9956265687942505
d_1019478.exr,right,0.9955958724021912
d_1019482.exr,right,0.9955959916114807
d_1019483.exr,right,0.9955423474311829
d_1019485.exr,right,0.9956135749816895
d_1019487.exr,right,0.9956004619598389
d_1019488.exr,right,0.9954025745391846
d_1019490.exr,right,0.9955209493637085
d_1019492.exr,right,0.9956319332122803
d_1019497.exr,right,0.9928888082504272
d_1019499.exr,right,0.9956287145614624
d_1019500.exr,right,0.9949716329574585
d_1019502.exr,right,0.9956249594688416
d_1019503.exr,right,0.9955339431762695
d_1019504.exr,right,0.9954267144203186
d_1019505.exr,right,0.9955982565879822
d_1019507.exr,right,0.9956133365631104
d_1019508.exr,right,0.9956071972846985
d_1019509.exr,right,0.9954990744590759
d_1019510.exr,right,0.9954916834831238
d_1019512.exr,right,0.9956276416778564
d_1019514.exr,right,0.9956145286560059
d_1019515.exr,right,0.9956228137016296
d_1019516.exr,right,0.9956201910972595
d_1019518.exr,right,0.9955766201019287
d_1019519.exr,right,0.9955897331237793
d_1019520.exr,right,0.9956111311912537
d_1019521.exr,right,0.9956157207489014
d_1019522.exr,right,0.9956229329109192
d_1019523.exr,right,0.9956101775169373
d_1019524.exr,right,0.9956106543540955
d_1019527.exr,right,0.9955775737762451
d_1019528.exr,wrong,0.9956634640693665
d_1019530.exr,right,0.9953616261482239
d_1019531.exr,right,0.9956241250038147
d_1019532.exr,right,0.9956225752830505
d_1019534.exr,right,0.9956001043319702
d_1019535.exr,right,0.9945476055145264
d_1019536.exr,right,0.9955857992172241
d_1019537.exr,right,0.9955921769142151
d_1019539.exr,right,0.995630145072937
d_1019541.exr,right,0.9956251978874207
d_1019543.exr,right,0.9956215023994446
d_1019544.exr,right,0.9956230521202087
d_1019545.exr,wrong,0.9869096875190735
d_1019546.exr,right,0.9956205487251282
d_1019547.exr,right,0.995598554611206
d_1019548.exr,right,0.9956077933311462
d_1019549.exr,right,0.9955635070800781
d_1019550.exr,right,0.9726697206497192
d_1019551.exr,right,0.995590329170227
d_1019553.exr,right,0.9956144094467163
d_1019555.exr,right,0.995625376701355
d_1019556.exr,right,0.9956270456314087
d_1019557.exr,right,0.9956305027008057
d_1019558.exr,right,0.9956230521202087
d_1019559.exr,right,0.9955951571464539
d_1019560.exr,right,0.9949223399162292
d_1019561.exr,right,0.9956176280975342
d_1019562.exr,right,0.9955990314483643
d_1019564.exr,right,0.9956247210502625
d_1019565.exr,right,0.9956077933311462
d_1019566.exr,right,0.9956051707267761
d_1019567.exr,right,0.9956275224685669
d_1019568.exr,right,0.9954871535301208
d_1019570.exr,right,0.9956093430519104
d_1019571.exr,right,0.9956153631210327
d_1019572.exr,right,0.9949783682823181
d_1019573.exr,right,0.9955865144729614
d_1019574.exr,right,0.9955798983573914
d_1019575.exr,right,0.99561607837677
d_1019576.exr,right,0.9955154061317444
d_1019577.exr,right,0.9955718517303467
d_1019579.exr,right,0.9956296682357788
d_1019580.exr,right,0.9956135749816895
d_1019581.exr,right,0.9955989122390747
d_1019583.exr,right,0.9956054091453552
d_1019584.exr,right,0.995535135269165
d_1019586.exr,right,0.9956037998199463
d_1019587.exr,right,0.9952124357223511
d_1019588.exr,right,0.9956187605857849
d_1019590.exr,wrong,0.9956243634223938
d_1019591.exr,right,0.9956117272377014
d_1019593.exr,right,0.995591402053833
d_1019594.exr,right,0.9956211447715759
d_1019595.exr,right,0.98685222864151
d_1019598.exr,right,0.9956240057945251
d_1019599.exr,right,0.9956294298171997
d_1019600.exr,right,0.995563268661499
d_1019601.exr,right,0.9956258535385132
d_1019602.exr,right,0.9952635765075684
d_1019605.exr,right,0.9954861998558044
d_1019607.exr,right,0.9956356883049011
d_1019608.exr,wrong,0.9940034747123718
d_1019610.exr,right,0.9956295490264893
d_1019611.exr,right,0.995581328868866
d_1019612.exr,right,0.9956112504005432
d_1019613.exr,right,0.9955931305885315
d_1019615.exr,right,0.9956054091453552
d_1019616.exr,right,0.9946311712265015
d_1019617.exr,right,0.9956210255622864
d_1019619.exr,right,0.9956260919570923
d_1019620.exr,right,0.9955975413322449
d_1019621.exr,right,0.9956360459327698
d_1019622.exr,right,0.9956045150756836
d_1019623.exr,right,0.9955918192863464
d_1019624.exr,right,0.9956167936325073
d_1019625.exr,right,0.9955982565879822
d_1019627.exr,right,0.995629072189331
d_1019628.exr,right,0.9956331849098206
d_1019629.exr,right,0.9953723549842834
d_1019630.exr,right,0.994186520576477
d_1019631.exr,right,0.995604395866394
d_1019633.exr,right,0.995267391204834
d_1019634.exr,right,0.9956299066543579
d_1019635.exr,right,0.9956294298171997
d_1019639.exr,right,0.9955862760543823
d_1019641.exr,right,0.9956089854240417
d_1019642.exr,right,0.9956139326095581
d_1019644.exr,right,0.9956135749816895
d_1019645.exr,right,0.9953299760818481
d_1019647.exr,wrong,0.5410702228546143
d_1019648.exr,right,0.9955999851226807
d_1019649.exr,right,0.995630145072937
d_1019650.exr,right,0.9956215023994446
d_1019651.exr,right,0.9955013394355774
d_1019652.exr,right,0.9956306219100952
d_1019653.exr,right,0.9956045150756836
d_1019654.exr,right,0.9956148862838745
d_1019655.exr,right,0.9956165552139282
d_1019657.exr,right,0.9956201910972595
d_1019658.exr,right,0.9956300258636475
d_1019659.exr,right,0.9955524802207947
d_1019661.exr,right,0.9955877065658569
d_1019662.exr,right,0.995629072189331
d_1019663.exr,right,0.9956263303756714
d_1019664.exr,right,0.9956289529800415
d_1019665.exr,right,0.995594322681427
d_1019668.exr,right,0.9956079125404358
d_1019671.exr,right,0.9956322312355042
d_1019672.exr,right,0.9955930113792419
d_1019673.exr,right,0.9952974915504456
d_1019674.exr,right,0.9956240057945251
d_1019676.exr,right,0.9956198334693909
d_1019677.exr,right,0.9930757284164429
d_1019678.exr,right,0.9956163167953491
d_1019679.exr,right,0.9955822825431824
d_1019680.exr,right,0.9956181049346924
d_1019681.exr,right,0.9956216216087341
d_1019682.exr,right,0.9956066012382507
d_1019683.exr,right,0.9956211447715759
d_1019684.exr,right,0.9955442547798157
d_1019686.exr,right,0.9954417943954468
d_1019687.exr,right,0.9953259229660034
d_1019689.exr,right,0.9956091046333313
d_1019690.exr,right,0.9956220984458923
d_1019691.exr,right,0.9956041574478149
d_1019692.exr,right,0.9956087470054626
d_1019693.exr,right,0.9956215023994446
d_1019695.exr,wrong,0.960351288318634
d_1019698.exr,right,0.9951969981193542
d_1019699.exr,right,0.995636522769928
d_1019701.exr,right,0.9956181049346924
d_1019702.exr,right,0.9955554604530334
d_1019703.exr,right,0.9956101775169373
d_1019705.exr,right,0.9956314563751221
d_1019706.exr,right,0.9955853223800659
d_1019707.exr,right,0.9954931735992432
d_1019709.exr,right,0.9956215023994446
d_1019710.exr,right,0.9956313371658325
d_1019711.exr,right,0.9956134557723999
d_1019712.exr,right,0.9956145286560059
d_1019713.exr,right,0.9956279993057251
d_1019714.exr,wrong,0.9954522252082825
d_1019715.exr,right,0.9955848455429077
d_1019717.exr,right,0.9956058859825134
d_1019718.exr,right,0.9883058667182922
d_1019719.exr,right,0.9956153631210327
d_1019721.exr,right,0.9956157207489014
d_1019722.exr,right,0.9956264495849609
d_1019723.exr,right,0.9956040382385254
d_1019725.exr,right,0.9955527186393738
d_1019727.exr,right,0.9956117868423462
d_1019730.exr,right,0.9938992261886597
d_1019731.exr,right,0.9956249594688416
d_1019732.exr,right,0.9956161975860596
d_1019733.exr,right,0.9956082701683044
d_1019734.exr,right,0.9956228137016296
d_1019735.exr,right,0.9956201910972595
d_1019736.exr,wrong,0.6994687914848328
d_1019737.exr,right,0.9956305027008057
d_1019738.exr,right,0.9938443899154663
d_1019739.exr,right,0.9952419996261597
d_1019740.exr,right,0.9955997467041016
d_1019741.exr,right,0.9956349730491638
d_1019742.exr,wrong,0.8561576008796692
d_1019743.exr,right,0.9956205487251282
d_1019744.exr,right,0.9956285953521729
d_1019745.exr,right,0.9950348138809204
d_1019746.exr,right,0.9956257343292236
d_1019748.exr,right,0.9950771927833557
d_1019749.exr,right,0.9956153631210327
d_1019751.exr,right,0.9955654740333557
d_1019752.exr,right,0.9955986738204956
d_1019755.exr,right,0.9956241250038147
d_1019756.exr,right,0.9947927594184875
d_1019757.exr,right,0.9955891370773315
d_1019758.exr,right,0.9956223368644714
d_1019760.exr,right,0.9953910112380981
d_1019761.exr,right,0.9955751895904541
d_1019762.exr,right,0.9929524064064026
d_1019763.exr,right,0.9954515099525452
d_1019764.exr,right,0.9956062436103821
d_1019767.exr,right,0.9955666661262512
d_1019768.exr,right,0.9956247210502625
d_1019771.exr,right,0.9956384301185608
d_1019772.exr,right,0.9956232905387878
d_1019773.exr,right,0.9956402778625488
d_1019774.exr,right,0.9956210255622864
d_1019775.exr,right,0.9956108927726746
d_1019776.exr,right,0.9956297874450684
d_1019778.exr,right,0.9955822825431824
d_1019780.exr,right,0.9951502680778503
d_1019781.exr,right,0.9955951571464539
d_1019783.exr,right,0.9955690503120422
d_1019784.exr,right,0.9954589605331421
d_1019785.exr,right,0.9956393241882324
d_1019786.exr,right,0.9956201910972595
d_1019788.exr,right,0.992561399936676
d_1019789.exr,right,0.9956210255622864
d_1019790.exr,right,0.9956106543540955
d_1019791.exr,right,0.9954870343208313
d_1019792.exr,right,0.7963910698890686
d_1019794.exr,right,0.9956129789352417
d_1019795.exr,right,0.9956016540527344
d_1019797.exr,right,0.9956284761428833
d_1019798.exr,right,0.9956185221672058
d_1019799.exr,right,0.9948609471321106
d_1019802.exr,right,0.9956217408180237
d_1019803.exr,right,0.9956173896789551
d_1019804.exr,right,0.99562668800354
d_1019805.exr,right,0.995600700378418
d_1019806.exr,right,0.9956327080726624
d_1019807.exr,right,0.9956381916999817
d_1019808.exr,right,0.995442271232605
d_1019810.exr,right,0.9955949187278748
d_1019811.exr,right,0.9956296682357788
d_1019812.exr,right,0.9956183433532715
d_1019813.exr,right,0.9954766631126404
d_1019816.exr,right,0.9956303834915161
d_1019817.exr,right,0.9955680966377258
d_1019818.exr,right,0.9956034421920776
d_1019820.exr,right,0.995610773563385
d_1019821.exr,right,0.9950588941574097
d_1019824.exr,right,0.9955824017524719
d_1019826.exr,right,0.9955556988716125
d_1019827.exr,right,0.9955605268478394
d_1019828.exr,right,0.9956228137016296
d_1019829.exr,right,0.995613694190979
d_1019830.exr,right,0.9955228567123413
d_1019831.exr,wrong,0.995473325252533
d_1019833.exr,right,0.9955735206604004
d_1019835.exr,wrong,0.9950791597366333
d_1019839.exr,right,0.9955644607543945
d_1019840.exr,right,0.9956358075141907
d_1019841.exr,right,0.995628833770752
d_1019842.exr,right,0.9956027269363403
d_1019843.exr,right,0.9953266382217407
d_1019844.exr,right,0.995573878288269
d_1019845.exr,right,0.9956194758415222
d_1019846.exr,right,0.9956086277961731
d_1019847.exr,right,0.9956403970718384
d_1019848.exr,right,0.9956182241439819
d_1019849.exr,right,0.995630145072937
d_1019850.exr,right,0.9955959916114807
d_1019852.exr,right,0.9956300258636475
d_1019853.exr,right,0.9950622916221619
d_1019854.exr,right,0.9956297874450684
d_1019855.exr,right,0.9956389665603638
d_1019856.exr,right,0.9956095814704895
d_1019857.exr,right,0.9956148862838745
d_1019858.exr,wrong,0.9843087792396545
d_1019859.exr,right,0.9956076741218567
d_1019861.exr,right,0.9956244826316833
d_1019862.exr,right,0.9955871105194092
d_1019864.exr,right,0.9956384301185608
d_1019865.exr,right,0.9955841898918152
d_1019870.exr,right,0.9955618381500244
d_1019871.exr,right,0.9955000281333923
d_1019872.exr,right,0.9956113696098328
d_1019873.exr,right,0.9956041574478149
d_1019874.exr,right,0.9956207871437073
d_1019875.exr,right,0.9956271648406982
d_1019876.exr,right,0.9956228137016296
d_1019879.exr,right,0.9955946803092957
d_1019880.exr,right,0.9955583810806274
d_1019883.exr,wrong,0.995161235332489
d_1019885.exr,right,0.9955795407295227
d_1019886.exr,right,0.9956104159355164
d_1019888.exr,right,0.9956177473068237
d_1019889.exr,wrong,0.9934558272361755
d_1019890.exr,right,0.9956315755844116
d_1019892.exr,right,0.9956001043319702
d_1019894.exr,right,0.9955565333366394
d_1019895.exr,right,0.9956133365631104
d_1019896.exr,right,0.9956257343292236
d_1019897.exr,right,0.9956128597259521
d_1019899.exr,right,0.9956319332122803
d_1019901.exr,right,0.9956114888191223
d_1019902.exr,right,0.9956212639808655
d_1019903.exr,right,0.9955937266349792
d_1019904.exr,right,0.995301365852356
d_1019905.exr,right,0.9956306219100952
d_1019906.exr,right,0.9954948425292969
d_1019907.exr,right,0.9955384135246277
d_1019908.exr,right,0.9955990314483643
d_1019910.exr,right,0.9956175088882446
d_1019911.exr,right,0.995635449886322
d_1019912.exr,right,0.9956219792366028
d_1019913.exr,wrong,0.9943220615386963
d_1019915.exr,right,0.9956191182136536
d_1019916.exr,right,0.9956036806106567
d_1019917.exr,right,0.9955843091011047
d_1019918.exr,wrong,0.995558500289917
d_1019919.exr,right,0.9955931305885315
d_1019920.exr,right,0.9955695271492004
d_1019921.exr,wrong,0.9957228899002075
d_1019922.exr,right,0.9953302145004272
d_1019923.exr,right,0.9956389665603638
d_1019924.exr,right,0.9956328272819519
d_1019925.exr,right,0.9956314563751221
d_1019926.exr,right,0.9956291913986206
d_1019927.exr,right,0.9956178665161133
d_1019928.exr,right,0.9956306219100952
d_1019929.exr,right,0.9956258535385132
d_1019930.exr,right,0.9953904151916504
d_1019931.exr,right,0.9948456287384033
d_1019932.exr,right,0.9956299066543579
d_1019934.exr,wrong,0.9840127229690552
d_1019936.exr,right,0.9929094314575195
d_1019937.exr,right,0.9941629767417908
d_1019938.exr,right,0.9956364035606384
d_1019939.exr,right,0.9955702424049377
d_1019940.exr,right,0.9956346154212952
d_1019941.exr,right,0.9955719709396362
d_1019942.exr,wrong,0.9947521686553955
d_1019943.exr,right,0.9956152439117432
d_1019944.exr,right,0.9956095814704895
d_1019947.exr,right,0.9953036308288574
d_1019951.exr,right,0.9956095814704895
d_1019952.exr,right,0.9946684241294861
d_1019955.exr,right,0.9956067204475403
d_1019956.exr,right,0.9956346154212952
d_1019958.exr,right,0.9956130981445312
d_1019959.exr,right,0.995607316493988
d_1019960.exr,right,0.9955013394355774
d_1019962.exr,right,0.9956320524215698
d_1019963.exr,right,0.9949958324432373
d_1019965.exr,wrong,0.9949259757995605
d_1019967.exr,right,0.9956216216087341
d_1019971.exr,right,0.9955433011054993
d_1019972.exr,right,0.9956316947937012
d_1019973.exr,right,0.9956331849098206
d_1019974.exr,right,0.9956116080284119
d_1019975.exr,right,0.9955888986587524
d_1019976.exr,right,0.9955850839614868
d_1019977.exr,right,0.9955809712409973
d_1019978.exr,right,0.9955989122390747
d_1019979.exr,right,0.9956144094467163
d_1019980.exr,right,0.9956362843513489
d_1019982.exr,right,0.9956319332122803
d_1019983.exr,right,0.9951605200767517
d_1019984.exr,right,0.9955466985702515
d_1019985.exr,right,0.9955769777297974
d_1019986.exr,right,0.9956306219100952
d_1019987.exr,right,0.9956117272377014
d_1019988.exr,right,0.9956104159355164
d_1019989.exr,right,0.9956310987472534
d_1019991.exr,right,0.99561607837677
d_1019992.exr,right,0.9956236481666565
d_1019994.exr,right,0.9952651262283325
d_1019995.exr,right,0.9955796599388123
d_1019996.exr,right,0.9956230521202087
d_1019999.exr,right,0.9956035614013672
d_1020000.exr,right,0.9955944418907166
d_1020001.exr,right,0.9956134557723999
d_1020002.exr,right,0.9956129789352417
d_1020003.exr,right,0.9955835938453674
d_1020004.exr,right,0.9956295490264893
d_1020006.exr,right,0.9956352114677429
d_1020007.exr,right,0.995624840259552
d_1020009.exr,right,0.995630145072937
d_1020012.exr,right,0.9956296682357788
d_1020013.exr,right,0.8216860294342041
d_1020014.exr,right,0.9956183433532715
d_1020015.exr,right,0.995598316192627
d_1020016.exr,right,0.9956235289573669
d_1020017.exr,right,0.9956322312355042
d_1020018.exr,wrong,0.9956873059272766
d_1020020.exr,right,0.9941380023956299
d_1020021.exr,right,0.8803360462188721
d_1020022.exr,right,0.9956275224685669
d_1020023.exr,right,0.995630145072937
d_1020024.exr,right,0.9953823685646057
d_1020025.exr,right,0.9956177473068237
d_1020026.exr,right,0.995636522769928
d_1020027.exr,right,0.995629072189331
d_1020028.exr,right,0.9956291913986206
d_1020029.exr,right,0.9953979849815369
d_1020030.exr,right,0.9956203103065491
d_1020031.exr,right,0.9956175088882446
d_1020032.exr,right,0.995618999004364
d_1020033.exr,right,0.9955964684486389
d_1020034.exr,right,0.9956268072128296
d_1020035.exr,right,0.995587944984436
d_1020037.exr,right,0.9955986738204956
d_1020039.exr,right,0.9956077933311462
d_1020040.exr,right,0.9956217408180237
d_1020041.exr,right,0.9956029653549194
d_1020042.exr,right,0.9956052899360657
d_1020043.exr,right,0.9956346154212952
d_1020044.exr,right,0.9956105351448059
d_1020046.exr,right,0.9956033229827881
d_1020047.exr,right,0.9956247210502625
d_1020048.exr,wrong,0.9954761862754822
d_1020050.exr,right,0.9956339001655579
d_1020052.exr,right,0.9956152439117432
d_1020053.exr,right,0.9955486059188843
d_1020054.exr,right,0.9956263303756714
d_1020055.exr,right,0.9956032037734985
d_1020056.exr,right,0.9956271648406982
d_1020058.exr,right,0.9956296682357788
d_1020059.exr,right,0.9956088662147522
d_1020062.exr,right,0.9956056475639343
d_1020063.exr,right,0.9956279993057251
d_1020064.exr,right,0.9956150054931641
d_1020065.exr,right,0.9956223368644714
d_1020066.exr,right,0.99561607837677
d_1020070.exr,right,0.9956263303756714
d_1020071.exr,right,0.9955234527587891
d_1020072.exr,right,0.9956228137016296
d_1020073.exr,right,0.9955998659133911
d_1020074.exr,right,0.995625376701355
d_1020077.exr,right,0.9956114888191223
d_1020079.exr,right,0.9956256151199341
d_1020082.exr,right,0.9956154823303223
d_1020083.exr,right,0.995609700679779
d_1020084.exr,right,0.9955971837043762
d_1020086.exr,right,0.9956251978874207
d_1020087.exr,right,0.9956223368644714
d_1020088.exr,right,0.995623767375946
d_1020089.exr,right,0.9956128597259521
d_1020091.exr,right,0.9956212639808655
d_1020092.exr,right,0.9956247210502625
d_1020093.exr,right,0.9956374764442444
d_1020095.exr,wrong,0.9721416234970093
d_1020099.exr,right,0.9955965876579285
d_1020100.exr,right,0.9955754280090332
d_1020102.exr,right,0.9956034421920776
d_1020105.exr,right,0.9956119060516357
d_1020106.exr,wrong,0.9932189583778381
d_1020107.exr,right,0.995618999004364
d_1020108.exr,wrong,0.9944168329238892
d_1020110.exr,right,0.995599627494812
d_1020113.exr,right,0.9955924153327942
d_1020114.exr,right,0.9956324696540833
d_1020115.exr,right,0.9956257343292236
d_1020116.exr,right,0.995630145072937
d_1020119.exr,right,0.9956336617469788
d_1020120.exr,wrong,0.9767950177192688
d_1020121.exr,wrong,0.9933017492294312
d_1020122.exr,right,0.9943802952766418
d_1020123.exr,right,0.9956268072128296
d_1020124.exr,right,0.9956113696098328
d_1020126.exr,right,0.9956256151199341
d_1020129.exr,wrong,0.9954949617385864
d_1020131.exr,right,0.9955991506576538
d_1020132.exr,right,0.995411217212677
d_1020133.exr,right,0.9955990314483643
d_1020134.exr,right,0.9956106543540955
d_1020135.exr,right,0.995604395866394
d_1020137.exr,right,0.9955934882164001
d_1020138.exr,right,0.9956337809562683
d_1020140.exr,right,0.9955949187278748
d_1020141.exr,right,0.9955669045448303
d_1020142.exr,right,0.9956342577934265
d_1020143.exr,right,0.9955883026123047
d_1020144.exr,right,0.9955244064331055
d_1020146.exr,right,0.9956169128417969
d_1020147.exr,right,0.9956242442131042
d_1020148.exr,right,0.9955891370773315
d_1020149.exr,right,0.9956346154212952
d_1020150.exr,right,0.9955885410308838
d_1020151.exr,wrong,0.9953463673591614
d_1020153.exr,right,0.9954791069030762
d_1020155.exr,right,0.9953833222389221
d_1020156.exr,right,0.9954937696456909
d_1020157.exr,right,0.9956361651420593
d_1020158.exr,right,0.9956095814704895
d_1020159.exr,wrong,0.9789901375770569
d_1020160.exr,right,0.9955386519432068
d_1020162.exr,wrong,0.9952309727668762
d_1020163.exr,right,0.9956308603286743
d_1020165.exr,right,0.995618999004364
d_1020166.exr,right,0.995593249797821
d_1020167.exr,right,0.9956240057945251
d_1020168.exr,right,0.9953904151916504
d_1020169.exr,right,0.9956148862838745
d_1020170.exr,right,0.9955657124519348
d_1020171.exr,right,0.9956260919570923
d_1020172.exr,right,0.9956132173538208
d_1020173.exr,right,0.9956092238426208
d_1020174.exr,right,0.9929539561271667
d_1020175.exr,right,0.9955926537513733
d_1020178.exr,right,0.9956066012382507
d_1020179.exr,right,0.9956205487251282
d_1020180.exr,right,0.995598316192627
d_1020181.exr,right,0.9955883026123047
d_1020182.exr,right,0.9955559372901917
d_1020183.exr,right,0.9955624341964722
d_1020184.exr,right,0.9956329464912415
d_1020185.exr,right,0.9956099390983582
d_1020188.exr,right,0.9955958724021912
d_1020190.exr,right,0.9955215454101562
d_1020192.exr,right,0.9955829977989197
d_1020193.exr,right,0.9931827187538147
d_1020196.exr,right,0.9956343770027161
d_1020199.exr,right,0.9956022500991821
d_1020200.exr,right,0.9956156015396118
d_1020201.exr,right,0.9951291084289551
d_1020202.exr,right,0.9947644472122192
d_1020203.exr,right,0.9956209063529968
d_1020204.exr,right,0.9955917000770569
d_1020205.exr,right,0.9955927729606628
d_1020207.exr,right,0.9955974221229553
d_1020208.exr,right,0.9956242442131042
d_1020209.exr,right,0.995448887348175
d_1020210.exr,wrong,0.9953622221946716
d_1020212.exr,wrong,0.9748534560203552
d_1020214.exr,right,0.9956241250038147
d_1020215.exr,right,0.995563268661499
d_1020216.exr,right,0.9952396154403687
d_1020218.exr,right,0.99489426612854
d_1020221.exr,right,0.9881986379623413
d_1020222.exr,right,0.9956023693084717
d_1020223.exr,right,0.9956300258636475
d_1020224.exr,right,0.9956052899360657
d_1020226.exr,right,0.9956313371658325
d_1020227.exr,right,0.9956360459327698
d_1020229.exr,right,0.995595395565033
d_1020230.exr,right,0.9956186413764954
d_1020232.exr,right,0.9955815672874451
d_1020234.exr,wrong,0.9942928552627563
d_1020236.exr,right,0.9955833554267883
d_1020237.exr,right,0.9952796697616577
d_1020238.exr,right,0.9956282377243042
d_1020239.exr,right,0.9955980181694031
d_1020243.exr,right,0.9954423904418945
d_1020244.exr,right,0.9830513000488281
d_1020245.exr,right,0.9953392744064331
d_1020246.exr,right,0.9956165552139282
d_1020247.exr,wrong,0.9949157238006592
d_1020248.exr,right,0.9956169128417969
d_1020251.exr,right,0.9955949187278748
d_1020252.exr,right,0.9934559464454651
d_1020255.exr,wrong,0.9806535840034485
d_1020256.exr,right,0.9954547882080078
d_1020257.exr,right,0.9951558113098145
d_1020258.exr,right,0.9956216216087341
d_1020259.exr,right,0.995618999004364
d_1020262.exr,right,0.9956321120262146
d_1020263.exr,right,0.995602011680603
d_1020264.exr,right,0.9956087470054626
d_1020265.exr,right,0.9956203103065491
d_1020267.exr,right,0.9956154823303223
d_1020268.exr,right,0.9956232905387878
d_1020269.exr,right,0.9955917000770569
d_1020270.exr,right,0.9956054091453552
d_1020271.exr,right,0.9938964247703552
d_1020272.exr,right,0.9956166744232178
d_1020273.exr,right,0.9956130981445312
d_1020277.exr,right,0.9956153631210327
d_1020278.exr,right,0.995612382888794
d_1020279.exr,wrong,0.9766170382499695
d_1020280.exr,right,0.9956068396568298
d_1020281.exr,right,0.9956275224685669
d_1020282.exr,right,0.995602011680603
d_1020283.exr,right,0.9956212639808655
d_1020285.exr,right,0.9955898523330688
d_1020286.exr,right,0.9956039190292358
d_1020288.exr,right,0.9956270456314087
d_1020289.exr,right,0.9956133365631104
d_1020290.exr,wrong,0.9873288869857788
d_1020291.exr,right,0.9955689311027527
d_1020292.exr,wrong,0.9951038360595703
d_1020293.exr,right,0.9956022500991821
d_1020294.exr,right,0.9956045150756836
d_1020295.exr,right,0.9956210255622864
d_1020296.exr,right,0.9956029653549194
d_1020297.exr,right,0.9956087470054626
d_1020299.exr,right,0.9955343008041382
d_1020300.exr,right,0.9956042766571045
d_1020301.exr,right,0.9955857992172241
d_1020302.exr,right,0.9956067204475403
d_1020303.exr,wrong,0.9890205264091492
d_1020304.exr,right,0.9956210255622864
d_1020305.exr,right,0.9956088662147522
d_1020306.exr,right,0.9956177473068237
d_1020307.exr,right,0.9956076741218567
d_1020308.exr,right,0.9956066012382507
d_1020309.exr,right,0.9956243634223938
d_1020314.exr,right,0.9956176280975342
d_1020315.exr,right,0.9956258535385132
d_1020316.exr,right,0.9953094124794006
d_1020317.exr,right,0.9956246018409729
d_1020319.exr,right,0.9955087900161743
d_1020320.exr,right,0.9956215023994446
d_1020321.exr,right,0.9956029653549194
d_1020322.exr,right,0.9956374764442444
d_1020323.exr,right,0.9956265687942505
d_1020324.exr,right,0.9956264495849609
d_1020325.exr,right,0.9936001300811768
d_1020326.exr,right,0.9955973029136658
d_1020329.exr,right,0.995604395866394
d_1020330.exr,right,0.9956210255622864
d_1020331.exr,right,0.9955839514732361
d_1020332.exr,right,0.9956199526786804
d_1020334.exr,right,0.9956258535385132
d_1020335.exr,right,0.9955743551254272
d_1020336.exr,right,0.9938077330589294
d_1020337.exr,right,0.9955920577049255
d_1020338.exr,right,0.9955801367759705
d_1020340.exr,right,0.9924076199531555
d_1020341.exr,right,0.995018720626831
d_1020342.exr,right,0.995607316493988
d_1020344.exr,right,0.9956173896789551
d_1020345.exr,wrong,0.995261013507843
d_1020346.exr,right,0.9956135749816895
d_1020347.exr,right,0.9955872297286987
d_1020348.exr,right,0.9956170320510864
d_1020349.exr,right,0.9956104159355164
d_1020350.exr,right,0.9953633546829224
d_1020351.exr,right,0.9955841898918152
d_1020352.exr,right,0.9955755472183228
d_1020354.exr,right,0.9955659508705139
d_1020355.exr,right,0.9956100583076477
d_1020357.exr,right,0.9952007532119751
d_1020358.exr,right,0.9956154823303223
d_1020361.exr,right,0.9956130981445312
d_1020362.exr,right,0.9955726861953735
d_1020363.exr,right,0.9955741167068481
d_1020365.exr,right,0.9955974221229553
d_1020366.exr,right,0.9955835938453674
d_1020367.exr,right,0.9956101775169373
d_1020368.exr,right,0.9956014156341553
d_1020369.exr,right,0.9956323504447937
d_1020371.exr,right,0.9956133365631104
d_1020372.exr,right,0.9955947995185852
d_1020373.exr,right,0.995630145072937
d_1020374.exr,right,0.9956303834915161
d_1020375.exr,right,0.9956145286560059
d_1020376.exr,right,0.9956223368644714
d_1020377.exr,right,0.9955716133117676
d_1020379.exr,right,0.9955751895904541
d_1020381.exr,right,0.9956012964248657
d_1020382.exr,right,0.9950518012046814
d_1020384.exr,right,0.9956085085868835
d_1020385.exr,wrong,0.9615734219551086
d_1020386.exr,right,0.995595395565033
d_1020387.exr,right,0.9955562949180603
d_1020388.exr,right,0.9956176280975342
d_1020389.exr,right,0.9956159591674805
d_1020390.exr,right,0.995573878288269
d_1020391.exr,right,0.9956244826316833
d_1020392.exr,right,0.995573878288269
d_1020395.exr,right,0.9956101775169373
d_1020396.exr,right,0.9955912828445435
d_1020397.exr,wrong,0.9941767454147339
d_1020398.exr,right,0.9955955147743225
d_1020399.exr,wrong,0.9947423934936523
d_1020400.exr,right,0.9956177473068237
d_1020401.exr,right,0.9956232905387878
d_1020402.exr,right,0.9956203103065491
d_1020403.exr,right,0.9956249594688416
d_1020405.exr,right,0.9956327080726624
d_1020406.exr,right,0.9956390857696533
d_1020407.exr,wrong,0.9928325414657593
d_1020408.exr,right,0.9956152439117432
d_1020409.exr,right,0.995633065700531
d_1020410.exr,right,0.9945735335350037
d_1020412.exr,right,0.995624840259552
d_1020414.exr,right,0.9956300258636475
d_1020415.exr,right,0.9956209063529968
d_1020416.exr,right,0.9955933690071106
d_1020418.exr,wrong,0.9950804710388184
d_1020419.exr,right,0.9956281185150146
d_1020422.exr,right,0.9956165552139282
d_1020425.exr,right,0.9956372380256653
d_1020427.exr,right,0.9956281185150146
d_1020430.exr,right,0.995488703250885
d_1020432.exr,right,0.9955686926841736
d_1020433.exr,right,0.9956119060516357
d_1020436.exr,right,0.995612621307373
d_1020437.exr,right,0.9955761432647705
d_1020438.exr,right,0.9956294298171997
d_1020439.exr,right,0.9956320524215698
d_1020440.exr,right,0.9956379532814026
d_1020441.exr,right,0.9956105351448059
d_1020442.exr,right,0.995612621307373
d_1020444.exr,right,0.995280921459198
d_1020445.exr,right,0.995617151260376
d_1020446.exr,right,0.9956343770027161
d_1020447.exr,right,0.9956056475639343
d_1020450.exr,right,0.9956275224685669
d_1020455.exr,right,0.9918829202651978
d_1020456.exr,wrong,0.9953913688659668
d_1020458.exr,right,0.9955829977989197
d_1020459.exr,right,0.995603084564209
d_1020461.exr,right,0.9954935312271118
d_1020462.exr,right,0.9956216216087341
d_1020463.exr,right,0.9956287145614624
d_1020464.exr,right,0.9953345656394958
d_1020466.exr,right,0.9955086708068848
d_1020467.exr,right,0.9956194758415222
d_1020468.exr,right,0.9956051707267761
d_1020471.exr,right,0.9954313039779663
d_1020472.exr,right,0.995519757270813
d_1020475.exr,right,0.9956336617469788
d_1020477.exr,right,0.9956327080726624
d_1020481.exr,right,0.9956319332122803
d_1020483.exr,wrong,0.8616580963134766
d_1020484.exr,right,0.9955776929855347
d_1020485.exr,right,0.9956284761428833
d_1020486.exr,right,0.995603084564209
d_1020488.exr,right,0.995536208152771
d_1020490.exr,right,0.995635449886322
d_1020493.exr,right,0.9956165552139282
d_1020494.exr,right,0.9956324696540833
d_1020495.exr,right,0.9955257773399353
d_1020496.exr,right,0.9956343770027161
d_1020497.exr,right,0.995608389377594
d_1020498.exr,right,0.9955965876579285
d_1020500.exr,right,0.995233952999115
d_1020501.exr,right,0.9956203103065491
d_1020503.exr,right,0.9955959916114807
d_1020504.exr,right,0.9956133365631104
d_1020505.exr,right,0.9956296682357788
d_1020506.exr,right,0.995621383190155
d_1020512.exr,right,0.9956183433532715
d_1020513.exr,wrong,0.994888961315155
d_1020514.exr,right,0.9956364035606384
d_1020515.exr,right,0.995604395866394
d_1020516.exr,right,0.9956372380256653
d_1020518.exr,right,0.9956262111663818
d_1020520.exr,right,0.9956089854240417
d_1020521.exr,right,0.9956283569335938
d_1020522.exr,wrong,0.9947388768196106
d_1020523.exr,right,0.9956256151199341
d_1020524.exr,right,0.9956342577934265
d_1020525.exr,right,0.995062530040741
d_1020526.exr,right,0.9954915642738342
d_1020527.exr,right,0.9956223368644714
d_1020529.exr,right,0.995623767375946
d_1020530.exr,right,0.995612621307373
d_1020532.exr,right,0.9956193566322327
d_1020533.exr,right,0.9956275224685669
d_1020534.exr,right,0.9956252574920654
d_1020535.exr,right,0.9954373240470886
d_1020536.exr,right,0.9955915212631226
d_1020538.exr,right,0.9956036806106567
d_1020541.exr,right,0.9956234097480774
d_1020542.exr,right,0.9932851791381836
d_1020544.exr,right,0.9930657148361206
d_1020545.exr,right,0.9954254031181335
d_1020546.exr,right,0.9955947995185852
d_1020550.exr,right,0.9956166744232178
d_1020552.exr,wrong,0.9909203052520752
d_1020553.exr,right,0.9956334233283997
d_1020554.exr,right,0.9956269264221191
d_1020557.exr,right,0.9943667054176331
d_1020558.exr,right,0.9956218600273132
d_1020561.exr,right,0.99562007188797
d_1020562.exr,right,0.9956125020980835
d_1020565.exr,wrong,0.9957072734832764
d_1020569.exr,right,0.9956156015396118
d_1020570.exr,right,0.99562007188797
d_1020571.exr,wrong,0.9943927526473999
d_1020573.exr,right,0.995057225227356
d_1020574.exr,right,0.9956017732620239
d_1020575.exr,right,0.9955541491508484
d_1020576.exr,right,0.9955378770828247
d_1020577.exr,right,0.9956246018409729
d_1020578.exr,right,0.9956321120262146
d_1020579.exr,right,0.9956121444702148
d_1020580.exr,right,0.9955352544784546
d_1020581.exr,right,0.9956033229827881
d_1020584.exr,right,0.9955845475196838
d_1020585.exr,right,0.9955833554267883
d_1020591.exr,right,0.9956154823303223
d_1020594.exr,right,0.995614767074585
d_1020596.exr,right,0.9950690269470215
d_1020597.exr,right,0.9954581260681152
d_1020598.exr,right,0.9956114888191223
d_1020599.exr,right,0.995318591594696
d_1020600.exr,right,0.9956089854240417
d_1020603.exr,right,0.995478093624115
d_1020605.exr,right,0.9956310987472534
d_1020606.exr,right,0.9941336512565613
d_1020607.exr,right,0.9950867295265198
d_1020608.exr,right,0.9956319332122803
d_1020609.exr,right,0.9946520328521729
d_1020611.exr,wrong,0.9954885840415955
d_1020612.exr,right,0.9956340193748474
d_1020614.exr,right,0.9955742359161377
d_1020615.exr,right,0.9955978989601135
d_1020618.exr,right,0.9956260919570923
d_1020620.exr,right,0.9956173896789551
d_1020623.exr,right,0.9954571723937988
d_1020624.exr,right,0.9956231713294983
d_1020626.exr,right,0.9956327080726624
d_1020628.exr,right,0.9955909252166748
d_1020630.exr,right,0.9955992698669434
d_1020631.exr,right,0.9954540729522705
d_1020632.exr,right,0.99460768699646
d_1020633.exr,right,0.9956318140029907
d_1020634.exr,right,0.9955732822418213
d_1020635.exr,right,0.9952284097671509
d_1020637.exr,right,0.9955940842628479
d_1020638.exr,right,0.9956389665603638
d_1020639.exr,right,0.9955377578735352
d_1020640.exr,right,0.9956278800964355
d_1020641.exr,right,0.9956243634223938
d_1020642.exr,right,0.9956058859825134
d_1020645.exr,right,0.9956051707267761
d_1020647.exr,right,0.9956158399581909
d_1020648.exr,right,0.9956181049346924
d_1020652.exr,right,0.9956262111663818
d_1020654.exr,right,0.9877719879150391
d_1020658.exr,right,0.9956165552139282
d_1020659.exr,right,0.9956152439117432
d_1020661.exr,right,0.9942474365234375
d_1020662.exr,right,0.9956319332122803
d_1020663.exr,right,0.995603084564209
d_1020664.exr,right,0.9955745935440063
d_1020665.exr,right,0.995610773563385
d_1020668.exr,right,0.9951654672622681
d_1020669.exr,right,0.9956105351448059
d_1020670.exr,right,0.9950883984565735
d_1020671.exr,right,0.9954999089241028
d_1020672.exr,right,0.9955982565879822
d_1020675.exr,right,0.9956314563751221
d_1020676.exr,right,0.9956362843513489
d_1020677.exr,right,0.9956145286560059
d_1020678.exr,right,0.995576024055481
d_1020679.exr,right,0.9956116080284119
d_1020680.exr,right,0.9956217408180237
d_1020681.exr,right,0.9955976605415344
d_1020683.exr,right,0.9956021308898926
d_1020685.exr,right,0.9956342577934265
d_1020688.exr,right,0.9909980297088623
d_1020689.exr,right,0.995596706867218
d_1020690.exr,right,0.9956132173538208
d_1020692.exr,right,0.995625376701355
d_1020693.exr,right,0.9955605268478394
d_1020695.exr,right,0.9956070780754089
d_1020696.exr,right,0.9955865144729614
d_1020698.exr,right,0.9955991506576538
d_1020699.exr,right,0.9954760670661926
d_1020700.exr,right,0.995608389377594
d_1020701.exr,right,0.9956389665603638
d_1020702.exr,right,0.9954003691673279
d_1020706.exr,right,0.9956355690956116
d_1020707.exr,right,0.9956119060516357
d_1020708.exr,right,0.9956247210502625
d_1020710.exr,right,0.995618999004364
d_1020711.exr,right,0.9956129789352417
d_1020712.exr,right,0.9956235289573669
d_1020713.exr,right,0.9956159591674805
d_1020716.exr,right,0.9956232905387878
d_1020717.exr,right,0.9956158399581909
d_1020718.exr,right,0.9956081509590149
d_1020720.exr,right,0.9956321120262146
d_1020721.exr,right,0.9956405162811279
d_1020723.exr,right,0.989020049571991
d_1020725.exr,right,0.9956318140029907
d_1020727.exr,right,0.9956238865852356
d_1020728.exr,right,0.9936895370483398
d_1020729.exr,right,0.9955494403839111
d_1020733.exr,right,0.9954608082771301
d_1020734.exr,right,0.9955933690071106
d_1020736.exr,right,0.9956193566322327
d_1020737.exr,right,0.9956211447715759
d_1020738.exr,wrong,0.9929637908935547
d_1020740.exr,right,0.8480349183082581
d_1020742.exr,right,0.9956179857254028
d_1020743.exr,right,0.9956349730491638
d_1020745.exr,right,0.9956154823303223
d_1020746.exr,right,0.9955610036849976
d_1020748.exr,right,0.9956296682357788
d_1020749.exr,right,0.995593249797821
d_1020750.exr,right,0.9955543875694275
d_1020753.exr,right,0.9956037998199463
d_1020754.exr,right,0.9956353306770325
d_1020756.exr,right,0.9955617189407349
d_1020757.exr,right,0.995628833770752
d_1020760.exr,right,0.9956377148628235
d_1020761.exr,right,0.9948817491531372
d_1020762.exr,right,0.9956178665161133
d_1020763.exr,right,0.9956344962120056
d_1020764.exr,right,0.9955098628997803
d_1020765.exr,right,0.9920244216918945
d_1020766.exr,right,0.9956353306770325
d_1020769.exr,wrong,0.9954248070716858
d_1020770.exr,right,0.9923211932182312
d_1020771.exr,right,0.9955975413322449
d_1020772.exr,right,0.9951390027999878
d_1020774.exr,right,0.9956344962120056
d_1020775.exr,right,0.9956270456314087
d_1020777.exr,right,0.9955288767814636
d_1020780.exr,right,0.9956305027008057
d_1020787.exr,right,0.9955708384513855
d_1020788.exr,right,0.9955945611000061
d_1020789.exr,wrong,0.9907025098800659
d_1020790.exr,right,0.9956225752830505
d_1020795.exr,right,0.9954752326011658
d_1020796.exr,right,0.9911684989929199
d_1020797.exr,right,0.9956364035606384
d_1020798.exr,wrong,0.9923446774482727
d_1020799.exr,right,0.995599627494812
d_1020800.exr,right,0.9956181049346924
d_1020801.exr,right,0.995214581489563
d_1020802.exr,right,0.9956247210502625
d_1020804.exr,right,0.9956355690956116
d_1020805.exr,right,0.9954416751861572
d_1020806.exr,right,0.9956241250038147
d_1020807.exr,right,0.9955981373786926
d_1020810.exr,right,0.9955835938453674
d_1020811.exr,right,0.9956049919128418
d_1020812.exr,right,0.9956328272819519
d_1020813.exr,right,0.9955728054046631
d_1020816.exr,right,0.995541512966156
d_1020817.exr,right,0.9956342577934265
d_1020818.exr,right,0.9955964684486389
d_1020821.exr,right,0.9956129789352417
d_1020824.exr,right,0.9955071210861206
d_1020825.exr,right,0.9955873489379883
d_1020828.exr,right,0.9956035614013672
d_1020830.exr,right,0.9956207871437073
d_1020834.exr,right,0.9955987930297852
d_1020839.exr,right,0.9956254959106445
d_1020843.exr,right,0.9956381916999817
d_1020845.exr,right,0.9955917000770569
d_1020846.exr,right,0.9956122636795044
d_1020848.exr,right,0.9955486059188843
d_1020849.exr,right,0.992436945438385
d_1020852.exr,right,0.9954597353935242
d_1020853.exr,right,0.9956199526786804
d_1020854.exr,right,0.9956047534942627
d_1020855.exr,right,0.9955908060073853
d_1020856.exr,right,0.9956198334693909
d_1020857.exr,right,0.995609700679779
d_1020858.exr,right,0.9955918192863464
d_1020861.exr,right,0.9955755472183228
d_1020862.exr,right,0.9956191182136536
d_1020863.exr,right,0.9956008195877075
d_1020864.exr,right,0.9956010580062866
d_1020865.exr,right,0.9955300688743591
d_1020867.exr,right,0.9954934120178223
d_1020868.exr,right,0.9956274032592773
d_1020870.exr,right,0.9955514073371887
d_1020871.exr,right,0.9951313734054565
d_1020872.exr,right,0.9956209063529968
d_1020873.exr,right,0.9955688118934631
d_1020874.exr,right,0.9050367474555969
d_1020876.exr,right,0.9956270456314087
d_1020877.exr,right,0.9929277300834656
d_1020879.exr,wrong,0.9952660799026489
d_1020880.exr,right,0.994765043258667
d_1020881.exr,right,0.9956388473510742
d_1020882.exr,right,0.995576024055481
d_1020885.exr,right,0.9949154853820801
d_1020886.exr,right,0.9956334233283997
d_1020887.exr,wrong,0.9951646327972412
d_1020888.exr,right,0.9956179857254028
d_1020889.exr,right,0.9956033229827881
d_1020890.exr,wrong,0.9937477111816406
d_1020892.exr,right,0.9956295490264893
d_1020895.exr,right,0.995053768157959
d_1020896.exr,right,0.9956129789352417
d_1020899.exr,right,0.9956287145614624
d_1020901.exr,right,0.9936442375183105
d_1020902.exr,right,0.995612621307373
d_1020908.exr,right,0.9955993890762329
d_1020911.exr,right,0.995636522769928
d_1020912.exr,right,0.9956138134002686
d_1020914.exr,wrong,0.9957234859466553
d_1020915.exr,right,0.9956141710281372
d_1020917.exr,right,0.9956315755844116
d_1020919.exr,right,0.9956260919570923
d_1020920.exr,right,0.9956347346305847
d_1020921.exr,right,0.9936528205871582
d_1020922.exr,right,0.9955376386642456
d_1020923.exr,right,0.9952928423881531
d_1020924.exr,right,0.9956076741218567
d_1020926.exr,right,0.9956086277961731
d_1020930.exr,right,0.9956148862838745
d_1020933.exr,right,0.9956169128417969
d_1020934.exr,right,0.9956331849098206
d_1020935.exr,right,0.9955730438232422
d_1020936.exr,right,0.9955552220344543
d_1020937.exr,right,0.9956230521202087
d_1020938.exr,right,0.995625376701355
d_1020939.exr,right,0.9956021308898926
d_1020940.exr,wrong,0.9948390126228333
d_1020941.exr,right,0.9956040382385254
d_1020942.exr,right,0.9956056475639343
d_1020944.exr,right,0.9956320524215698
d_1020945.exr,right,0.9956199526786804
d_1020946.exr,right,0.9956218600273132
d_1020947.exr,right,0.9948187470436096
d_1020948.exr,right,0.995624840259552
d_1020949.exr,right,0.9956219792366028
d_1020950.exr,right,0.995559573173523
d_1020951.exr,wrong,0.9948914051055908
d_1020952.exr,right,0.9956085085868835
d_1020953.exr,right,0.9955062866210938
d_1020954.exr,right,0.995596706867218
d_1020955.exr,right,0.9955013394355774
d_1020956.exr,right,0.9956268072128296
d_1020957.exr,right,0.9956323504447937
d_1020958.exr,right,0.9955980181694031
d_1020959.exr,right,0.9956098198890686
d_1020960.exr,right,0.9956244826316833
d_1020961.exr,right,0.9956167936325073
d_1020962.exr,right,0.9945790767669678
d_1020963.exr,right,0.9954338669776917
d_1020964.exr,right,0.9956117868423462
d_1020965.exr,right,0.9956070780754089
d_1020967.exr,right,0.9955961108207703
d_1020969.exr,wrong,0.9943445920944214
d_1020970.exr,right,0.9956195950508118
d_1020971.exr,right,0.9956250786781311
d_1020972.exr,right,0.9956360459327698
d_1020973.exr,right,0.9956022500991821
d_1020974.exr,right,0.9955958724021912
d_1020975.exr,right,0.9956023693084717
d_1020976.exr,right,0.99562007188797
d_1020977.exr,right,0.9956387877464294
d_1020978.exr,right,0.9955951571464539
d_1020980.exr,right,0.9956172704696655
d_1020981.exr,right,0.995577335357666
d_1020982.exr,wrong,0.9955719709396362
d_1020984.exr,right,0.9956320524215698
d_1020986.exr,right,0.9956230521202087
d_1020987.exr,right,0.9956241250038147
d_1020989.exr,right,0.9955827593803406
d_1020991.exr,right,0.9956215023994446
d_1020993.exr,right,0.9956005811691284
d_1020994.exr,right,0.9955869913101196
d_1020996.exr,wrong,0.9945805668830872
d_1020997.exr,wrong,0.9956201910972595
d_1020998.exr,right,0.995618999004364
d_1020999.exr,wrong,0.995660126209259
d_1021000.exr,right,0.9956176280975342
d_1021001.exr,right,0.9956157207489014
d_1021002.exr,right,0.9956296682357788
d_1021003.exr,right,0.9956041574478149
d_1021005.exr,right,0.9956305027008057
d_1021006.exr,right,0.9956263303756714
d_1021007.exr,right,0.9956315755844116
d_1021008.exr,right,0.9956197142601013
d_1021009.exr,right,0.9955631494522095
d_1021010.exr,right,0.9956367611885071
d_1021012.exr,right,0.9956291913986206
d_1021013.exr,right,0.9955753087997437
d_1021014.exr,right,0.9956110119819641
d_1021016.exr,right,0.9956316947937012
d_1021018.exr,right,0.9956203103065491
d_1021019.exr,right,0.9955258965492249
d_1021020.exr,right,0.9955741167068481
d_1021021.exr,right,0.9953494668006897
d_1021022.exr,right,0.9956223368644714
d_1021023.exr,right,0.9955679774284363
d_1021024.exr,wrong,0.9943395256996155
d_1021026.exr,right,0.9955957531929016
d_1021027.exr,right,0.9956362843513489
d_1021028.exr,right,0.9956175088882446
d_1021031.exr,right,0.9956211447715759
d_1021032.exr,right,0.9955834746360779
d_1021033.exr,right,0.9955025315284729
d_1021035.exr,right,0.9956094622612
d_1021036.exr,right,0.9955872297286987
d_1021037.exr,right,0.9955540299415588
d_1021039.exr,right,0.9955527186393738
d_1021040.exr,right,0.995618462562561
d_1021042.exr,right,0.9926111102104187
d_1021043.exr,right,0.9956331849098206
d_1021045.exr,right,0.9956396818161011
d_1021047.exr,right,0.9956017732620239
d_1021048.exr,right,0.9955778121948242
d_1021050.exr,right,0.9956071972846985
d_1021051.exr,right,0.9956241250038147
d_1021052.exr,right,0.9956015348434448
d_1021055.exr,right,0.9956353306770325
d_1021056.exr,right,0.9955228567123413
d_1021058.exr,right,0.9956333041191101
d_1021059.exr,right,0.9956352114677429
d_1021061.exr,right,0.9952234625816345
d_1021063.exr,right,0.9955435395240784
d_1021064.exr,right,0.9951606392860413
d_1021065.exr,right,0.9955586194992065
d_1021066.exr,right,0.9956135749816895
d_1021067.exr,right,0.9955667853355408
d_1021068.exr,right,0.9956230521202087
d_1021069.exr,right,0.9911812543869019
d_1021071.exr,right,0.9956265687942505
d_1021072.exr,right,0.994890570640564
d_1021073.exr,right,0.9956238865852356
d_1021074.exr,right,0.9956102967262268
d_1021075.exr,wrong,0.9956211447715759
d_1021077.exr,right,0.9954558610916138
d_1021078.exr,right,0.9956278800964355
d_1021079.exr,right,0.9956291913986206
d_1021080.exr,right,0.995609700679779
d_1021082.exr,right,0.9956342577934265
d_1021083.exr,right,0.9948768019676208
d_1021084.exr,right,0.9956182241439819
d_1021085.exr,right,0.995598554611206
d_1021086.exr,right,0.9955828785896301
d_1021090.exr,right,0.9956049919128418
d_1021095.exr,right,0.9765831232070923
d_1021096.exr,right,0.9956046342849731
d_1021097.exr,right,0.9956278800964355
d_1021099.exr,right,0.9956201910972595
d_1021100.exr,right,0.9955978989601135
d_1021101.exr,right,0.9956259727478027
d_1021102.exr,wrong,0.6432240009307861
d_1021103.exr,right,0.9955944418907166
d_1021104.exr,wrong,0.9415590763092041
d_1021107.exr,right,0.9954816102981567
d_1021109.exr,right,0.9956222176551819
d_1021110.exr,right,0.9955562949180603
d_1021111.exr,right,0.995403528213501
d_1021112.exr,right,0.9956075549125671
d_1021113.exr,right,0.9951287508010864
d_1021114.exr,right,0.9955806136131287
d_1021116.exr,wrong,0.9954749941825867
d_1021117.exr,right,0.9956262111663818
d_1021120.exr,right,0.9955980181694031
d_1021121.exr,wrong,0.9902585744857788
d_1021123.exr,right,0.9956085085868835
d_1021124.exr,right,0.9956249594688416
d_1021125.exr,right,0.9953279495239258
d_1021126.exr,right,0.9956355690956116
d_1021127.exr,right,0.7877495884895325
d_1021128.exr,right,0.9956272840499878
d_1021130.exr,right,0.9956150054931641
d_1021132.exr,right,0.9955227375030518
d_1021133.exr,right,0.995630145072937
d_1021134.exr,right,0.9955698847770691
d_1021135.exr,right,0.9955881834030151
d_1021136.exr,right,0.9956364035606384
d_1021137.exr,right,0.9956144094467163
d_1021138.exr,right,0.995636522769928
d_1021139.exr,right,0.9954047203063965
d_1021140.exr,right,0.99562007188797
d_1021143.exr,right,0.9956135749816895
d_1021145.exr,right,0.9955963492393494
d_1021146.exr,right,0.9956250786781311
d_1021148.exr,right,0.9956049919128418
d_1021149.exr,right,0.9956151247024536
d_1021150.exr,right,0.9955984354019165
d_1021158.exr,right,0.9956295490264893
d_1021159.exr,wrong,0.9957137107849121
d_1021160.exr,right,0.9955968260765076
d_1021161.exr,right,0.9956139326095581
d_1021162.exr,right,0.9956249594688416
d_1021163.exr,right,0.9956071972846985
d_1021164.exr,right,0.9956242442131042
d_1021165.exr,right,0.9928949475288391
d_1021168.exr,wrong,0.9772226214408875
d_1021169.exr,right,0.9956295490264893
d_1021171.exr,right,0.9956027269363403
d_1021172.exr,right,0.9955798983573914
d_1021173.exr,right,0.995627760887146
d_1021174.exr,right,0.9955633878707886
d_1021176.exr,right,0.9956119060516357
d_1021178.exr,right,0.9956112504005432
d_1021179.exr,right,0.9956293106079102
d_1021180.exr,right,0.9948481321334839
d_1021181.exr,right,0.9956183433532715
d_1021182.exr,right,0.995629072189331
d_1021183.exr,wrong,0.9813774228096008
d_1021184.exr,right,0.9954919815063477
d_1021185.exr,right,0.9945553541183472
d_1021187.exr,right,0.9938879609107971
d_1021188.exr,right,0.9954577684402466
d_1021189.exr,right,0.9956182241439819
d_1021190.exr,right,0.9955936074256897
d_1021191.exr,right,0.9956329464912415
d_1021192.exr,right,0.995621383190155
d_1021193.exr,right,0.9955258965492249
d_1021194.exr,right,0.9956079125404358
d_1021195.exr,right,0.9955860376358032
d_1021197.exr,right,0.9956163167953491
d_1021199.exr,right,0.9955828785896301
d_1021200.exr,right,0.9956276416778564
d_1021201.exr,wrong,0.9956182241439819
d_1021203.exr,right,0.9956201910972595
d_1021204.exr,right,0.9955202341079712
d_1021206.exr,right,0.9956104159355164
d_1021208.exr,right,0.9956313371658325
d_1021210.exr,right,0.995478093624115
d_1021211.exr,right,0.995612382888794
d_1021212.exr,right,0.9946820139884949
d_1021213.exr,right,0.9955750703811646
d_1021215.exr,wrong,0.9952280521392822
d_1021216.exr,right,0.9956199526786804
d_1021218.exr,right,0.9955297112464905
d_1021219.exr,right,0.9956243634223938
d_1021221.exr,right,0.9956246018409729
d_1021222.exr,right,0.9955846667289734
d_1021225.exr,right,0.995637834072113
d_1021227.exr,right,0.9956309795379639
d_1021228.exr,right,0.9955922961235046
d_1021229.exr,right,0.9956220984458923
d_1021230.exr,right,0.9956188797950745
d_1021231.exr,right,0.9956264495849609
d_1021232.exr,right,0.9956216216087341
d_1021233.exr,right,0.9956252574920654
d_1021235.exr,right,0.9956373572349548
d_1021236.exr,right,0.9955756664276123
d_1021237.exr,right,0.9955726861953735
d_1021238.exr,right,0.9955582618713379
d_1021239.exr,wrong,0.9957214593887329
d_1021241.exr,right,0.9955651164054871
d_1021242.exr,right,0.9956132173538208
d_1021243.exr,right,0.9956321120262146
d_1021244.exr,right,0.9955982565879822
d_1021245.exr,right,0.8126989006996155
d_1021246.exr,right,0.9954249262809753
d_1021247.exr,right,0.9956023693084717
d_1021248.exr,right,0.995595395565033
d_1021249.exr,right,0.9955463409423828
d_1021250.exr,right,0.9946393370628357
d_1021251.exr,right,0.995630145072937
d_1021252.exr,right,0.9956225752830505
d_1021253.exr,right,0.9956094622612
d_1021254.exr,right,0.9956064820289612
d_1021255.exr,right,0.9956146478652954
d_1021257.exr,right,0.9956349730491638
d_1021258.exr,right,0.9956268072128296
d_1021260.exr,right,0.9956001043319702
d_1021261.exr,right,0.9956142902374268
d_1021262.exr,right,0.995484471321106
d_1021263.exr,right,0.9955406785011292
d_1021264.exr,right,0.9956159591674805
d_1021265.exr,right,0.9956022500991821
d_1021266.exr,right,0.9956316947937012
d_1021267.exr,right,0.9955910444259644
d_1021276.exr,wrong,0.9949551224708557
d_1021279.exr,right,0.9956320524215698
d_1021281.exr,right,0.9956364035606384
d_1021282.exr,right,0.9956278800964355
d_1021283.exr,right,0.9954389929771423
d_1021285.exr,right,0.9956209063529968
d_1021286.exr,right,0.9956250786781311
d_1021287.exr,right,0.9956079125404358
d_1021288.exr,wrong,0.9953967928886414
d_1021289.exr,right,0.9954328536987305
d_1021290.exr,wrong,0.9945446252822876
d_1021291.exr,right,0.9956258535385132
d_1021292.exr,right,0.9956037998199463
d_1021293.exr,right,0.9955384135246277
d_1021294.exr,right,0.9956204295158386
d_1021295.exr,right,0.9956386685371399
d_1021296.exr,right,0.9955541491508484
d_1021297.exr,right,0.9956062436103821
d_1021299.exr,right,0.9955130219459534
d_1021300.exr,right,0.9956310987472534
d_1021301.exr,right,0.995598554611206
d_1021302.exr,right,0.9955767393112183
d_1021303.exr,right,0.995604395866394
d_1021304.exr,wrong,0.9922161102294922
d_1021305.exr,right,0.9955281615257263
d_1021307.exr,right,0.9956185221672058
d_1021308.exr,right,0.9955804944038391
d_1021309.exr,right,0.9955770969390869
d_1021310.exr,wrong,0.9946498274803162
d_1021311.exr,right,0.9955268502235413
d_1021312.exr,right,0.9955793023109436
d_1021313.exr,right,0.9955975413322449
d_1021314.exr,right,0.995492696762085
d_1021315.exr,wrong,0.995030403137207
d_1021317.exr,right,0.9956159591674805
d_1021318.exr,wrong,0.9951037168502808
d_1021319.exr,right,0.9956091046333313
d_1021320.exr,wrong,0.9943126440048218
d_1021323.exr,right,0.9954982995986938
d_1021324.exr,right,0.9955697655677795
d_1021325.exr,right,0.9955991506576538
d_1021326.exr,wrong,0.9608113169670105
d_1021330.exr,right,0.925199568271637
d_1021333.exr,right,0.9956220984458923
d_1021334.exr,right,0.9956274032592773
d_1021335.exr,right,0.9956322312355042
d_1021339.exr,right,0.9955623149871826
d_1021340.exr,right,0.9955036044120789
d_1021341.exr,right,0.9956028461456299
d_1021342.exr,right,0.9955962300300598
d_1021343.exr,right,0.9956173896789551
d_1021344.exr,right,0.9955769777297974
d_1021345.exr,right,0.9953717589378357
d_1021346.exr,right,0.9956260919570923
d_1021347.exr,right,0.9956071972846985
d_1021348.exr,right,0.9956201910972595
d_1021349.exr,right,0.9956098198890686
d_1021352.exr,right,0.9956161975860596
d_1021355.exr,right,0.9956350922584534
d_1021357.exr,right,0.9955741167068481
d_1021358.exr,wrong,0.9954773783683777
d_1021359.exr,right,0.9956016540527344
d_1021360.exr,right,0.9956026077270508
d_1021362.exr,right,0.9956113696098328
d_1021363.exr,right,0.9937586784362793
d_1021365.exr,right,0.9956218600273132
d_1021368.exr,right,0.9955793023109436
d_1021369.exr,right,0.9952704310417175
d_1021370.exr,right,0.9954588413238525
d_1021371.exr,right,0.9956258535385132
d_1021373.exr,right,0.9867989420890808
d_1021374.exr,right,0.9954143762588501
d_1021375.exr,wrong,0.993848979473114
d_1021376.exr,right,0.9956247210502625
d_1021377.exr,wrong,0.995371401309967
d_1021379.exr,right,0.9952160120010376
d_1021381.exr,right,0.9952301979064941
d_1021384.exr,right,0.9956340193748474
d_1021385.exr,right,0.9946775436401367
d_1021386.exr,wrong,0.9947972893714905
d_1021387.exr,right,0.9950237274169922
d_1021389.exr,wrong,0.9951477646827698
d_1021390.exr,wrong,0.9949743747711182
d_1021394.exr,right,0.9956339001655579
d_1021398.exr,right,0.9956257343292236
d_1021402.exr,right,0.9956260919570923
d_1021404.exr,right,0.9956002235412598
d_1021405.exr,right,0.9955689311027527
d_1021407.exr,right,0.9955266118049622
d_1021408.exr,right,0.9956050515174866
d_1021411.exr,wrong,0.9879326224327087
d_1021412.exr,right,0.9697986245155334
d_1021414.exr,right,0.9956232905387878
d_1021415.exr,wrong,0.9922754168510437
d_1021416.exr,right,0.9956009387969971
d_1021417.exr,right,0.9956264495849609
d_1021418.exr,right,0.9955294728279114
d_1021419.exr,right,0.9955488443374634
d_1021420.exr,right,0.9956165552139282
d_1021422.exr,wrong,0.9940701127052307
d_1021423.exr,right,0.9956257343292236
d_1021424.exr,right,0.9956199526786804
d_1021425.exr,right,0.9936727285385132
d_1021426.exr,right,0.995556652545929
d_1021428.exr,right,0.9956035614013672
d_1021429.exr,right,0.9956300258636475
d_1021430.exr,right,0.9956249594688416
d_1021432.exr,right,0.9953739047050476
d_1021433.exr,right,0.9940378665924072
d_1021434.exr,right,0.9918249249458313
d_1021435.exr,right,0.9955282807350159
d_1021436.exr,right,0.9956289529800415
d_1021437.exr,wrong,0.9954451322555542
d_1021440.exr,wrong,0.9953575730323792
d_1021441.exr,right,0.9955322742462158
d_1021442.exr,right,0.9955539107322693
d_1021444.exr,wrong,0.9954250454902649
d_1021445.exr,right,0.9956263303756714
d_1021446.exr,right,0.9956024885177612
d_1021447.exr,right,0.9950329065322876
d_1021448.exr,right,0.9954903721809387
d_1021449.exr,right,0.9956101775169373
d_1021450.exr,right,0.9956101775169373
d_1021451.exr,right,0.9955642223358154
d_1021453.exr,right,0.9956236481666565
d_1021456.exr,right,0.995625376701355
d_1021457.exr,wrong,0.9943460822105408
d_1021458.exr,right,0.9956185221672058
d_1021459.exr,right,0.9956198334693909
d_1021460.exr,right,0.9955180287361145
d_1021461.exr,right,0.9956228137016296
d_1021462.exr,right,0.9955902099609375
d_1021463.exr,right,0.9955853223800659
d_1021464.exr,right,0.9956201910972595
d_1021466.exr,right,0.9953321814537048
d_1021467.exr,right,0.995609700679779
d_1021468.exr,right,0.5173527598381042
d_1021469.exr,right,0.995628833770752
d_1021470.exr,wrong,0.9615344405174255
d_1021471.exr,wrong,0.9952419996261597
d_1021473.exr,right,0.9956146478652954
d_1021474.exr,right,0.9955763816833496
d_1021476.exr,right,0.9956225752830505
d_1021479.exr,right,0.9786854982376099
d_1021481.exr,right,0.9956220984458923
d_1021482.exr,right,0.995612621307373
d_1021483.exr,right,0.9956340193748474
d_1021484.exr,right,0.9841551780700684
d_1021485.exr,right,0.994579553604126
d_1021486.exr,right,0.9659036993980408
d_1021487.exr,right,0.9956116080284119
d_1021488.exr,right,0.9956159591674805
d_1021489.exr,right,0.9954812526702881
d_1021490.exr,right,0.9955944418907166
d_1021491.exr,right,0.9950103759765625
d_1021493.exr,wrong,0.9942635893821716
d_1021494.exr,right,0.9956010580062866
d_1021495.exr,right,0.994125485420227
d_1021497.exr,right,0.995153546333313
d_1021498.exr,right,0.9950178265571594
d_1021499.exr,right,0.9956132173538208
d_1021503.exr,right,0.9955527186393738
d_1021507.exr,right,0.9956319332122803
d_1021509.exr,right,0.9956339001655579
d_1021511.exr,right,0.9956303834915161
d_1021513.exr,right,0.9955963492393494
d_1021514.exr,right,0.9956293106079102
d_1021515.exr,right,0.9955434203147888
d_1021517.exr,right,0.9955639839172363
d_1021518.exr,right,0.9955840706825256
d_1021519.exr,right,0.9935581088066101
d_1021520.exr,wrong,0.9952906370162964
d_1021521.exr,wrong,0.9863519668579102
d_1021523.exr,wrong,0.9937862157821655
d_1021524.exr,right,0.9951918125152588
d_1021525.exr,right,0.9955989122390747
d_1021526.exr,right,0.8786618113517761
d_1021530.exr,right,0.9955627918243408
d_1021531.exr,right,0.9956310987472534
d_1021532.exr,right,0.9947638511657715
d_1021533.exr,right,0.9949361085891724
d_1021534.exr,right,0.9953468441963196
d_1021535.exr,right,0.9954409599304199
d_1021536.exr,right,0.9956181049346924
d_1021537.exr,right,0.9955683350563049
d_1021538.exr,right,0.9956051707267761
d_1021539.exr,right,0.9956302642822266
d_1021540.exr,right,0.9954541921615601
d_1021542.exr,right,0.9955665469169617
d_1021543.exr,wrong,0.9881470799446106
d_1021544.exr,right,0.9956234097480774
d_1021546.exr,right,0.9955840706825256
d_1021547.exr,right,0.9956303834915161
d_1021549.exr,right,0.9955917000770569
d_1021551.exr,right,0.9950734972953796
d_1021552.exr,right,0.9956254959106445
d_1021553.exr,right,0.9956275224685669
d_1021555.exr,right,0.9956364035606384
d_1021557.exr,right,0.995573878288269
d_1021558.exr,right,0.9956187605857849
d_1021559.exr,right,0.9956259727478027
d_1021560.exr,right,0.9955523610115051
d_1021561.exr,right,0.9956206679344177
d_1021562.exr,right,0.995487630367279
d_1021563.exr,right,0.9956323504447937
d_1021564.exr,right,0.9954923391342163
d_1021565.exr,right,0.9956300258636475
d_1021566.exr,right,0.9956399202346802
d_1021567.exr,right,0.9955891370773315
d_1021568.exr,right,0.9955995082855225
d_1021569.exr,wrong,0.9904515743255615
d_1021570.exr,wrong,0.9954421520233154
d_1021572.exr,right,0.9956154823303223
d_1021574.exr,right,0.9956055283546448
d_1021575.exr,wrong,0.9919939041137695
d_1021576.exr,right,0.9955654740333557
d_1021577.exr,right,0.9956358075141907
d_1021579.exr,right,0.9954961538314819
d_1021580.exr,right,0.9956325888633728
d_1021581.exr,right,0.9923545122146606
d_1021582.exr,right,0.9956271648406982
d_1021583.exr,right,0.9956307411193848
d_1021584.exr,right,0.9911708235740662
d_1021585.exr,right,0.9956241250038147
d_1021586.exr,right,0.9955501556396484
d_1021587.exr,right,0.9956108927726746
d_1021588.exr,wrong,0.994634747505188
d_1021589.exr,right,0.9956004619598389
d_1021590.exr,right,0.9956243634223938
d_1021591.exr,right,0.9955495595932007
d_1021592.exr,right,0.9955724477767944
d_1021593.exr,right,0.9950141310691833
d_1021594.exr,right,0.99553382396698
d_1021595.exr,wrong,0.995109498500824
d_1021597.exr,right,0.9956347346305847
d_1021598.exr,right,0.9956151247024536
d_1021601.exr,right,0.9955119490623474
d_1021602.exr,right,0.9955475330352783
d_1021605.exr,right,0.9955663084983826
d_1021607.exr,right,0.9955990314483643
d_1021609.exr,right,0.9956243634223938
d_1021610.exr,right,0.995597779750824
d_1021612.exr,right,0.9956278800964355
d_1021613.exr,right,0.9956257343292236
d_1021614.exr,right,0.9956205487251282
d_1021615.exr,right,0.9955742359161377
d_1021617.exr,right,0.9956274032592773
d_1021618.exr,right,0.9956217408180237
d_1021620.exr,right,0.9956223368644714
d_1021621.exr,right,0.9956079125404358
d_1021622.exr,right,0.9956075549125671
d_1021623.exr,right,0.9951523542404175
d_1021627.exr,right,0.9953898191452026
d_1021628.exr,right,0.995600700378418
d_1021629.exr,right,0.995623767375946
d_1021630.exr,right,0.9956230521202087
d_1021631.exr,right,0.9955106973648071
d_1021632.exr,right,0.9955950379371643
d_1021634.exr,right,0.9956048727035522
d_1021636.exr,right,0.9956314563751221
d_1021638.exr,right,0.9955906867980957
d_1021639.exr,right,0.9955940842628479
d_1021640.exr,right,0.995597779750824
d_1021642.exr,right,0.995516836643219
d_1021643.exr,right,0.9955457448959351
d_1021645.exr,right,0.9956166744232178
d_1021646.exr,wrong,0.9934326410293579
d_1021647.exr,wrong,0.9943000078201294
d_1021649.exr,right,0.9956170320510864
d_1021651.exr,right,0.9955335855484009
d_1021654.exr,right,0.9956390857696533
d_1021655.exr,right,0.995521068572998
d_1021656.exr,right,0.9956324696540833
d_1021658.exr,right,0.9955116510391235
d_1021660.exr,right,0.8143819570541382
d_1021661.exr,right,0.9955117106437683
d_1021662.exr,right,0.9956211447715759
d_1021664.exr,right,0.9956210255622864
d_1021666.exr,right,0.9955902099609375
d_1021669.exr,wrong,0.995505690574646
d_1021670.exr,right,0.9956315755844116
d_1021671.exr,right,0.9955925345420837
d_1021672.exr,right,0.9955505132675171
d_1021673.exr,wrong,0.9943245053291321
d_1021676.exr,right,0.9955625534057617
d_1021677.exr,right,0.9956166744232178
d_1021678.exr,right,0.9956205487251282
d_1021679.exr,right,0.995614767074585
d_1021680.exr,right,0.9955925345420837
d_1021681.exr,right,0.995545506477356
d_1021682.exr,wrong,0.9827632904052734
d_1021683.exr,right,0.9951289892196655
d_1021684.exr,right,0.9956111311912537
d_1021685.exr,right,0.9954575300216675
d_1021688.exr,wrong,0.9937238097190857
d_1021689.exr,right,0.9956087470054626
d_1021691.exr,wrong,0.9918714761734009
d_1021692.exr,right,0.9954025745391846
d_1021695.exr,right,0.9955818057060242
d_1021697.exr,right,0.9956045150756836
d_1021699.exr,right,0.9955710768699646
d_1021700.exr,right,0.9953828454017639
d_1021703.exr,right,0.9955739974975586
d_1021704.exr,right,0.9954743981361389
d_1021709.exr,right,0.9956282377243042
d_1021710.exr,right,0.995571494102478
d_1021711.exr,right,0.9951318502426147
d_1021712.exr,right,0.9955751895904541
d_1021714.exr,right,0.9956047534942627
d_1021717.exr,wrong,0.9883804321289062
d_1021722.exr,right,0.9955586194992065
d_1021724.exr,right,0.9956274032592773
d_1021728.exr,right,0.995461642742157
d_1021730.exr,right,0.9955398440361023
d_1021732.exr,right,0.9954079985618591
d_1021733.exr,right,0.9956334233283997
d_1021734.exr,right,0.9956383109092712
d_1021735.exr,right,0.9956356883049011
d_1021736.exr,right,0.9955878257751465
d_1021738.exr,wrong,0.9950242638587952
d_1021739.exr,right,0.995591938495636
d_1021740.exr,right,0.9956164360046387
d_1021741.exr,right,0.9954832792282104
d_1021742.exr,right,0.9952585101127625
d_1021744.exr,wrong,0.7660428881645203
d_1021746.exr,wrong,0.9937408566474915
d_1021748.exr,right,0.995596706867218
d_1021750.exr,right,0.9953151941299438
d_1021751.exr,right,0.994860053062439
d_1021753.exr,right,0.99561607837677
d_1021754.exr,right,0.9956291913986206
d_1021757.exr,right,0.9956226944923401
d_1021760.exr,right,0.9956100583076477
d_1021761.exr,right,0.9956087470054626
d_1021762.exr,right,0.9955849647521973
d_1021765.exr,right,0.995266318321228
d_1021766.exr,right,0.9956080317497253
d_1021767.exr,right,0.9929050803184509
d_1021768.exr,right,0.9955678582191467
d_1021770.exr,right,0.9956268072128296
d_1021771.exr,right,0.9955335855484009
d_1021772.exr,right,0.9956192374229431
d_1021773.exr,right,0.9955936074256897
d_1021774.exr,right,0.9867925643920898
d_1021776.exr,right,0.995181143283844
d_1021777.exr,wrong,0.9955779314041138
d_1021779.exr,right,0.9953936338424683
d_1021782.exr,right,0.9956130981445312
d_1021783.exr,right,0.9955730438232422
d_1021785.exr,right,0.9956310987472534
d_1021786.exr,right,0.9955613613128662
d_1021787.exr,right,0.9904244542121887
d_1021788.exr,right,0.9955818057060242
d_1021789.exr,right,0.9955476522445679
d_1021790.exr,right,0.9956250786781311
d_1021796.exr,right,0.9956310987472534
d_1021797.exr,right,0.9956003427505493
d_1021798.exr,right,0.994366466999054
d_1021799.exr,right,0.995612621307373
d_1021800.exr,right,0.9913493394851685
d_1021801.exr,wrong,0.995137631893158
d_1021802.exr,right,0.995201587677002
d_1021803.exr,right,0.995604395866394
d_1021804.exr,right,0.9955981373786926
d_1021805.exr,right,0.9949573874473572
d_1021806.exr,right,0.9952658414840698
d_1021808.exr,right,0.995484471321106
d_1021809.exr,right,0.9948170781135559
d_1021812.exr,right,0.995623767375946
d_1021813.exr,right,0.9953355193138123
d_1021814.exr,wrong,0.9948773980140686
d_1021815.exr,right,0.9956347346305847
d_1021816.exr,right,0.995526134967804
d_1021818.exr,right,0.9955704808235168
d_1021820.exr,right,0.9954738020896912
d_1021822.exr,right,0.9956223368644714
d_1021823.exr,right,0.9956235289573669
d_1021824.exr,wrong,0.9918643236160278
d_1021825.exr,right,0.9956297874450684
d_1021826.exr,right,0.9955403208732605
d_1021827.exr,right,0.995621383190155
d_1021828.exr,right,0.9950633645057678
d_1021829.exr,right,0.9955103397369385
d_1021830.exr,right,0.9956372380256653
d_1021831.exr,right,0.9954541921615601
d_1021832.exr,right,0.9955897331237793
d_1021833.exr,right,0.9955897331237793
d_1021838.exr,wrong,0.9957101345062256
d_1021839.exr,right,0.9955891370773315
d_1021840.exr,right,0.9956135749816895
d_1021841.exr,right,0.995631217956543
d_1021842.exr,wrong,0.9948263764381409
d_1021843.exr,right,0.9956075549125671
d_1021844.exr,right,0.9956300258636475
d_1021845.exr,right,0.9956307411193848
d_1021847.exr,right,0.9956101775169373
d_1021848.exr,right,0.9956367611885071
d_1021849.exr,right,0.9956066012382507
d_1021850.exr,right,0.9955819249153137
d_1021853.exr,right,0.9954935312271118
d_1021854.exr,wrong,0.9900597333908081
d_1021855.exr,right,0.9948599338531494
d_1021856.exr,right,0.9956327080726624
d_1021857.exr,right,0.995639443397522
d_1021858.exr,right,0.995590090751648
d_1021859.exr,right,0.9952417612075806
d_1021860.exr,right,0.9956175088882446
d_1021861.exr,right,0.9955788254737854
d_1021863.exr,right,0.995596706867218
d_1021864.exr,right,0.9955820441246033
d_1021865.exr,wrong,0.985668420791626
d_1021866.exr,right,0.9956173896789551
d_1021867.exr,right,0.9955030083656311
d_1021868.exr,right,0.9956212639808655
d_1021869.exr,right,0.9954652190208435
d_1021870.exr,right,0.9956373572349548
d_1021871.exr,right,0.9956344962120056
d_1021873.exr,right,0.9952760934829712
d_1021874.exr,right,0.9954118132591248
d_1021876.exr,right,0.9956211447715759
d_1021877.exr,right,0.9956269264221191
d_1021878.exr,wrong,0.994979202747345
d_1021879.exr,wrong,0.9948585033416748
d_1021880.exr,right,0.9956188797950745
d_1021881.exr,right,0.9955861568450928
d_1021882.exr,right,0.995598554611206
d_1021883.exr,right,0.9956151247024536
d_1021884.exr,right,0.9956041574478149
d_1021885.exr,wrong,0.9907776117324829
d_1021886.exr,right,0.9955939650535583
d_1021887.exr,right,0.9956368803977966
d_1021889.exr,right,0.9955669045448303
d_1021890.exr,right,0.9956229329109192
d_1021891.exr,right,0.9956134557723999
d_1021892.exr,right,0.9956352114677429
d_1021893.exr,right,0.9956042766571045
d_1021894.exr,right,0.9956151247024536
d_1021895.exr,right,0.9956297874450684
d_1021896.exr,right,0.9955537915229797
d_1021898.exr,right,0.9956316947937012
d_1021899.exr,wrong,0.9952567219734192
d_1021900.exr,wrong,0.9943103790283203
d_1021901.exr,right,0.9956322312355042
d_1021903.exr,right,0.9956203103065491
d_1021906.exr,right,0.9955618381500244
d_1021908.exr,right,0.9955620765686035
d_1021909.exr,right,0.9955905675888062
d_1021910.exr,right,0.9956150054931641
d_1021911.exr,right,0.9956191182136536
d_1021912.exr,right,0.9956322312355042
d_1021913.exr,right,0.9956048727035522
d_1021914.exr,right,0.9956215023994446
d_1021917.exr,right,0.9956318140029907
d_1021918.exr,right,0.9955370426177979
d_1021920.exr,right,0.9956360459327698
d_1021921.exr,right,0.9956264495849609
d_1021922.exr,right,0.9956129789352417
d_1021923.exr,right,0.9955317974090576
d_1021924.exr,right,0.994785487651825
d_1021925.exr,right,0.9952045679092407
d_1021926.exr,right,0.9955507516860962
d_1021927.exr,right,0.9955751895904541
d_1021928.exr,right,0.9956121444702148
d_1021929.exr,right,0.9955912828445435
d_1021930.exr,right,0.9955316781997681
d_1021932.exr,right,0.995598316192627
d_1021933.exr,wrong,0.9887978434562683
d_1021935.exr,right,0.9956035614013672
d_1021936.exr,right,0.9953560829162598
d_1021937.exr,right,0.9954802989959717
d_1021938.exr,right,0.9956154823303223
d_1021939.exr,right,0.9956368803977966
d_1021940.exr,right,0.9956271648406982
d_1021941.exr,right,0.9956294298171997
d_1021942.exr,right,0.9955880641937256
d_1021943.exr,right,0.9956159591674805
d_1021944.exr,right,0.9956240057945251
d_1021945.exr,right,0.9955857992172241
d_1021946.exr,right,0.9955912828445435
d_1021949.exr,right,0.9956372380256653
d_1021950.exr,right,0.9955463409423828
d_1021951.exr,right,0.9955697655677795
d_1021953.exr,right,0.9950829744338989
d_1021955.exr,right,0.9955433011054993
d_1021956.exr,right,0.995429277420044
d_1021958.exr,right,0.9956369996070862
d_1021959.exr,right,0.9955287575721741
d_1021960.exr,right,0.995600700378418
d_1021961.exr,right,0.995587944984436
d_1021962.exr,right,0.990964412689209
d_1021963.exr,right,0.9956159591674805
d_1021965.exr,right,0.9955436587333679
d_1021966.exr,right,0.9955751895904541
d_1021967.exr,right,0.9937279224395752
d_1021968.exr,right,0.9956331849098206
d_1021969.exr,right,0.9956151247024536
d_1021973.exr,right,0.9955462217330933
d_1021975.exr,right,0.9956069588661194
d_1021977.exr,wrong,0.9933157563209534
d_1021978.exr,right,0.9956236481666565
d_1021981.exr,right,0.9956308603286743
d_1021982.exr,right,0.9956220984458923
d_1021985.exr,wrong,0.9932443499565125
d_1021986.exr,right,0.9955729246139526
d_1021988.exr,right,0.9956231713294983
d_1021990.exr,right,0.9955807328224182
d_1021991.exr,right,0.9956235289573669
d_1021992.exr,right,0.9956183433532715
d_1021993.exr,right,0.9956367611885071
d_1021994.exr,right,0.9955539107322693
d_1021995.exr,right,0.9952799081802368
d_1021996.exr,right,0.9956139326095581
d_1022000.exr,right,0.995624840259552
d_1022002.exr,right,0.9956297874450684
d_1022003.exr,right,0.9955542683601379
d_1022004.exr,right,0.9956207871437073
d_1022006.exr,right,0.9955737590789795
d_1022008.exr,right,0.9955978989601135
d_1022010.exr,right,0.9953663349151611
d_1022011.exr,right,0.9956064820289612
d_1022012.exr,right,0.9956156015396118
d_1022014.exr,right,0.9955824017524719
d_1022015.exr,right,0.9955314993858337
d_1022017.exr,right,0.9955780506134033
d_1022019.exr,right,0.995635449886322
d_1022020.exr,right,0.9956254959106445
d_1022021.exr,right,0.9956135749816895
d_1022022.exr,right,0.9956218600273132
d_1022023.exr,right,0.9956156015396118
d_1022024.exr,right,0.9956057667732239
d_1022025.exr,right,0.9953430891036987
d_1022026.exr,right,0.9956094622612
d_1022027.exr,wrong,0.9923555850982666
d_1022028.exr,right,0.9956243634223938
d_1022029.exr,right,0.9956243634223938
d_1022031.exr,right,0.9955444931983948
d_1022032.exr,right,0.9956235289573669
d_1022033.exr,right,0.9955753087997437
d_1022036.exr,wrong,0.6126323342323303
d_1022037.exr,right,0.9956093430519104
d_1022040.exr,right,0.9956283569335938
d_1022041.exr,right,0.9955905675888062
d_1022042.exr,right,0.9956193566322327
d_1022043.exr,right,0.9956310987472534
d_1022044.exr,right,0.9954543113708496
d_1022045.exr,right,0.9945749044418335
d_1022046.exr,right,0.9956229329109192
d_1022048.exr,right,0.9925147891044617
d_1022049.exr,right,0.9955945611000061
d_1022051.exr,right,0.995612621307373
d_1022052.exr,right,0.9956120252609253
d_1022053.exr,right,0.9955405592918396
d_1022054.exr,wrong,0.9942740797996521
d_1022057.exr,right,0.9955205917358398
d_1022058.exr,right,0.9955894947052002
d_1022059.exr,right,0.9956305027008057
d_1022061.exr,right,0.9955470561981201
d_1022063.exr,right,0.9936948418617249
d_1022064.exr,right,0.9956296682357788
d_1022065.exr,right,0.9956157207489014
d_1022066.exr,right,0.9955921769142151
d_1022069.exr,right,0.9954749941825867
d_1022070.exr,right,0.9956254959106445
d_1022071.exr,wrong,0.9956406354904175
d_1022072.exr,right,0.9930249452590942
d_1022073.exr,right,0.9955999851226807
d_1022074.exr,right,0.9956176280975342
d_1022075.exr,right,0.9955993890762329
d_1022076.exr,right,0.9955413937568665
d_1022077.exr,wrong,0.9877967238426208
d_1022078.exr,right,0.9956260919570923
d_1022079.exr,right,0.9956302642822266
d_1022080.exr,right,0.9956081509590149
d_1022081.exr,right,0.9948012828826904
d_1022082.exr,wrong,0.9956069588661194
d_1022084.exr,right,0.9953899383544922
d_1022085.exr,right,0.9956172704696655
d_1022088.exr,right,0.9157699942588806
d_1022089.exr,right,0.9943777918815613
d_1022090.exr,wrong,0.9956768155097961
d_1022091.exr,right,0.995596706867218
d_1022092.exr,right,0.9955863952636719
d_1022094.exr,right,0.9956310987472534
d_1022095.exr,right,0.9956256151199341
d_1022097.exr,right,0.9956342577934265
d_1022099.exr,right,0.9953300952911377
d_1022100.exr,right,0.9953081011772156
d_1022102.exr,right,0.9955307841300964
d_1022104.exr,right,0.9956106543540955
d_1022105.exr,right,0.9955863952636719
d_1022108.exr,right,0.9952994585037231
d_1022109.exr,right,0.9956230521202087
d_1022110.exr,right,0.9941178560256958
d_1022111.exr,wrong,0.9957048296928406
d_1022112.exr,wrong,0.9957041144371033
d_1022113.exr,right,0.9955614805221558
d_1022114.exr,right,0.9956303834915161
d_1022115.exr,right,0.9956380724906921
d_1022116.exr,right,0.9956241250038147
d_1022117.exr,right,0.9955850839614868
d_1022118.exr,right,0.9953783750534058
d_1022119.exr,right,0.9944855570793152
d_1022120.exr,right,0.9954923391342163
d_1022121.exr,right,0.995582640171051
d_1022122.exr,wrong,0.9936293959617615
d_1022124.exr,right,0.9955928921699524
d_1022125.exr,right,0.9956086277961731
d_1022126.exr,right,0.9956289529800415
d_1022127.exr,right,0.9956371188163757
d_1022128.exr,right,0.9956091046333313
d_1022130.exr,right,0.9955952763557434
d_1022132.exr,right,0.9956358075141907
d_1022133.exr,right,0.9956313371658325
d_1022134.exr,wrong,0.917163074016571
d_1022135.exr,right,0.9952306151390076
d_1022137.exr,right,0.9956252574920654
d_1022140.exr,right,0.9955886602401733
d_1022141.exr,right,0.9955939650535583
d_1022142.exr,right,0.995053768157959
d_1022143.exr,wrong,0.9955775737762451
d_1022145.exr,right,0.9956141710281372
d_1022147.exr,right,0.9955906867980957
d_1022148.exr,right,0.995634138584137
d_1022149.exr,right,0.995590329170227
d_1022150.exr,right,0.9956313371658325
d_1022151.exr,right,0.9951896667480469
d_1022152.exr,wrong,0.9957233667373657
d_1022153.exr,right,0.9952791929244995
d_1022154.exr,wrong,0.9873625040054321
d_1022155.exr,right,0.979158341884613
d_1022156.exr,right,0.9956250786781311
d_1022157.exr,right,0.9955625534057617
d_1022158.exr,right,0.9956356883049011
d_1022161.exr,right,0.995628833770752
d_1022162.exr,right,0.9956116080284119
d_1022164.exr,right,0.9956117868423462
d_1022165.exr,right,0.9955894947052002
d_1022166.exr,wrong,0.9953209757804871
d_1022167.exr,right,0.9955022931098938
d_1022168.exr,wrong,0.9943563342094421
d_1022169.exr,right,0.9956291913986206
d_1022170.exr,right,0.9956150054931641
d_1022172.exr,right,0.9955962300300598
d_1022173.exr,right,0.9955945611000061
d_1022174.exr,right,0.9954110980033875
d_1022175.exr,right,0.995610773563385
d_1022176.exr,right,0.991828441619873
d_1022177.exr,right,0.9956297874450684
d_1022178.exr,right,0.9926750063896179
d_1022180.exr,wrong,0.9862799644470215
d_1022181.exr,right,0.9956085085868835
d_1022182.exr,right,0.9952450394630432
d_1022183.exr,right,0.9955917000770569
d_1022186.exr,right,0.9954490065574646
d_1022188.exr,right,0.9956379532814026
d_1022189.exr,right,0.9956024885177612
d_1022194.exr,right,0.9956100583076477
d_1022197.exr,right,0.9946951270103455
d_1022198.exr,right,0.9955878257751465
d_1022199.exr,right,0.995627760887146
d_1022201.exr,right,0.9956294298171997
d_1022202.exr,wrong,0.9957220554351807
d_1022203.exr,right,0.995625376701355
d_1022204.exr,right,0.9956175088882446
d_1022205.exr,right,0.9956165552139282
d_1022208.exr,right,0.9955871105194092
d_1022209.exr,right,0.9956302642822266
d_1022210.exr,right,0.9956254959106445
d_1022211.exr,right,0.9955520033836365
d_1022212.exr,right,0.9956002235412598
d_1022213.exr,right,0.9954479336738586
d_1022214.exr,right,0.9956314563751221
d_1022215.exr,right,0.9956289529800415
d_1022216.exr,right,0.9955085515975952
d_1022218.exr,right,0.9956249594688416
d_1022220.exr,right,0.9954166412353516
d_1022221.exr,right,0.9955816864967346
d_1022222.exr,right,0.995625376701355
d_1022223.exr,right,0.9956117272377014
d_1022225.exr,right,0.9954121708869934
d_1022226.exr,right,0.9955611228942871
d_1022228.exr,right,0.995579183101654
d_1022229.exr,right,0.995590090751648
d_1022231.exr,right,0.9956234097480774
d_1022232.exr,right,0.9956352114677429
d_1022233.exr,right,0.9956306219100952
d_1022234.exr,right,0.9955713152885437
d_1022235.exr,right,0.9955898523330688
d_1022236.exr,right,0.995617151260376
d_1022237.exr,right,0.9955588579177856
d_1022239.exr,right,0.9951790571212769
d_1022240.exr,right,0.9955844283103943
d_1022241.exr,right,0.9952606558799744
d_1022242.exr,right,0.9956246018409729
d_1022243.exr,right,0.9956197142601013
d_1022244.exr,right,0.995465099811554
d_1022246.exr,right,0.9956203103065491
d_1022247.exr,right,0.995628833770752
d_1022250.exr,right,0.9955833554267883
d_1022252.exr,right,0.9955838322639465
d_1022253.exr,right,0.9956158399581909
d_1022255.exr,right,0.9956254959106445
d_1022258.exr,right,0.9956364035606384
d_1022261.exr,right,0.995630145072937
d_1022265.exr,right,0.9955869913101196
d_1022266.exr,right,0.9954816102981567
d_1022268.exr,right,0.9956117868423462
d_1022269.exr,right,0.9954363703727722
d_1022270.exr,right,0.9955990314483643
d_1022273.exr,right,0.9955551028251648
d_1022274.exr,right,0.9955185651779175
d_1022275.exr,wrong,0.9935939908027649
d_1022276.exr,right,0.9955993890762329
d_1022277.exr,right,0.9955325126647949
d_1022278.exr,right,0.9956244826316833
d_1022282.exr,right,0.995613694190979
d_1022284.exr,right,0.9956360459327698
d_1022286.exr,right,0.9955897331237793
d_1022287.exr,wrong,0.9953487515449524
d_1022288.exr,right,0.995625376701355
d_1022289.exr,right,0.9955288767814636
d_1022290.exr,wrong,0.7075014114379883
d_1022291.exr,right,0.9774510264396667
d_1022292.exr,right,0.9955419898033142
d_1022293.exr,right,0.9956048727035522
d_1022294.exr,right,0.9913131594657898
d_1022296.exr,right,0.9955822825431824
d_1022297.exr,right,0.9956289529800415
d_1022299.exr,right,0.9956384301185608
d_1022300.exr,right,0.9956254959106445
d_1022302.exr,right,0.9937729239463806
d_1022303.exr,right,0.995604395866394
d_1022305.exr,right,0.9955235719680786
d_1022306.exr,right,0.9951040744781494
d_1022308.exr,wrong,0.9946692585945129
d_1022309.exr,right,0.9956157207489014
d_1022310.exr,right,0.9906154870986938
d_1022311.exr,right,0.9956012964248657
d_1022313.exr,right,0.9956316947937012
d_1022315.exr,right,0.9956349730491638
d_1022316.exr,right,0.9955970644950867
d_1022317.exr,right,0.995629072189331
d_1022320.exr,wrong,0.9954400062561035
d_1022321.exr,right,0.9955719709396362
d_1022322.exr,right,0.9956178665161133
d_1022323.exr,right,0.9941462278366089
d_1022324.exr,right,0.9953906536102295
d_1022325.exr,right,0.9955978989601135
d_1022326.exr,wrong,0.9955798983573914
d_1022328.exr,right,0.9956352114677429
d_1022329.exr,right,0.9956380724906921
d_1022330.exr,right,0.9955745935440063
d_1022332.exr,wrong,0.9586212635040283
d_1022333.exr,right,0.9955560564994812
d_1022335.exr,right,0.9955075979232788
d_1022336.exr,right,0.9955971837043762
d_1022338.exr,right,0.995613694190979
d_1022340.exr,right,0.9956009387969971
d_1022342.exr,wrong,0.9955496788024902
d_1022343.exr,right,0.995635449886322
d_1022348.exr,right,0.9953558444976807
d_1022350.exr,right,0.99124675989151
d_1022351.exr,right,0.9924671053886414
d_1022353.exr,right,0.9956281185150146
d_1022354.exr,right,0.9955918192863464
d_1022356.exr,right,0.9956010580062866
d_1022358.exr,right,0.9953110814094543
d_1022359.exr,right,0.9955148100852966
d_1022362.exr,right,0.9956089854240417
d_1022363.exr,right,0.9956177473068237
d_1022364.exr,wrong,0.8039640188217163
d_1022365.exr,right,0.9954814910888672
d_1022367.exr,right,0.9955024123191833
d_1022369.exr,right,0.9956377148628235
d_1022373.exr,right,0.9955543875694275
d_1022374.exr,right,0.9956335425376892
d_1022378.exr,right,0.9956002235412598
d_1022380.exr,right,0.9955722093582153
d_1022382.exr,right,0.99562007188797
d_1022384.exr,right,0.9953269958496094
d_1022386.exr,wrong,0.9910426139831543
d_1022388.exr,right,0.9956291913986206
d_1022389.exr,right,0.9956148862838745
d_1022390.exr,right,0.9956169128417969
d_1022393.exr,wrong,0.9955093860626221
d_1022394.exr,right,0.9956154823303223
d_1022397.exr,right,0.9955315589904785
d_1022398.exr,right,0.9956192374229431
d_1022400.exr,right,0.9955920577049255
d_1022401.exr,right,0.9954830408096313
d_1022402.exr,right,0.9956046342849731
d_1022403.exr,right,0.9955906867980957
d_1022404.exr,right,0.9956310987472534
d_1022405.exr,right,0.9930289387702942
d_1022406.exr,right,0.9956074357032776
d_1022407.exr,right,0.9956215023994446
d_1022409.exr,right,0.9952625036239624
d_1022412.exr,right,0.9955105781555176
d_1022413.exr,right,0.9955588579177856
d_1022414.exr,right,0.9956232905387878
d_1022415.exr,right,0.9955904483795166
d_1022417.exr,right,0.9955863952636719
d_1022420.exr,right,0.9956141710281372
d_1022421.exr,right,0.9955706000328064
d_1022422.exr,right,0.9956164360046387
d_1022423.exr,right,0.9954686164855957
d_1022424.exr,right,0.9956238865852356
d_1022425.exr,right,0.9955249428749084
d_1022426.exr,wrong,0.9955469369888306
d_1022427.exr,right,0.9952131509780884
d_1022430.exr,right,0.9945290684700012
d_1022432.exr,right,0.9955660700798035
d_1022433.exr,wrong,0.9955126643180847
d_1022434.exr,right,0.9956017732620239
d_1022436.exr,right,0.995603084564209
d_1022437.exr,right,0.9955831170082092
d_1022438.exr,right,0.9952892065048218
d_1022439.exr,right,0.9951614737510681
d_1022441.exr,right,0.9956299066543579
d_1022444.exr,right,0.9941989183425903
d_1022445.exr,right,0.9956258535385132
d_1022446.exr,right,0.9955767393112183
d_1022447.exr,right,0.995618999004364
d_1022448.exr,right,0.9955829977989197
d_1022449.exr,right,0.9956146478652954
d_1022450.exr,right,0.9955431818962097
d_1022451.exr,right,0.9952728152275085
d_1022455.exr,right,0.995625376701355
d_1022456.exr,right,0.9949926733970642
d_1022457.exr,wrong,0.9952744245529175
d_1022458.exr,right,0.9955765008926392
d_1022459.exr,right,0.9956329464912415
d_1022460.exr,right,0.9955382943153381
d_1022463.exr,right,0.995481014251709
d_1022464.exr,right,0.9938403367996216
d_1022465.exr,right,0.9956182241439819
d_1022466.exr,right,0.9956074357032776
d_1022467.exr,right,0.9955831170082092
d_1022468.exr,right,0.9955993890762329
d_1022469.exr,right,0.99562007188797
d_1022470.exr,right,0.9955249428749084
d_1022471.exr,right,0.9956234097480774
d_1022472.exr,right,0.9951943755149841
d_1022473.exr,wrong,0.9940893650054932
d_1022474.exr,right,0.8997145891189575
d_1022475.exr,right,0.9954385161399841
d_1022476.exr,right,0.9955185651779175
d_1022477.exr,right,0.995629072189331
d_1022479.exr,right,0.9956089854240417
d_1022480.exr,right,0.9954149723052979
d_1022481.exr,right,0.9956254959106445
d_1022482.exr,right,0.9952570796012878
d_1022483.exr,right,0.995612382888794
d_1022484.exr,right,0.9954838752746582
d_1022486.exr,right,0.9956258535385132
d_1022487.exr,right,0.995590090751648
d_1022488.exr,wrong,0.9949746131896973
d_1022489.exr,right,0.9956242442131042
d_1022492.exr,right,0.9956303834915161
d_1022493.exr,right,0.9956042766571045
d_1022494.exr,right,0.9956358075141907
d_1022495.exr,right,0.9955495595932007
d_1022496.exr,right,0.9955806136131287
d_1022497.exr,right,0.9954870343208313
d_1022498.exr,right,0.9956008195877075
d_1022499.exr,right,0.9956342577934265
d_1022500.exr,wrong,0.9954857230186462
d_1022501.exr,right,0.9956293106079102
d_1022504.exr,right,0.9698256850242615
d_1022505.exr,right,0.9956198334693909
d_1022506.exr,right,0.9956274032592773
d_1022507.exr,right,0.995582640171051
d_1022508.exr,right,0.9956302642822266
d_1022510.exr,right,0.9956259727478027
d_1022511.exr,right,0.9883636236190796
d_1022513.exr,right,0.9956192374229431
d_1022515.exr,right,0.9956080317497253
d_1022516.exr,right,0.994340181350708
d_1022517.exr,right,0.995627760887146
d_1022518.exr,right,0.9956132173538208
d_1022519.exr,right,0.9955571293830872
d_1022520.exr,right,0.9956352114677429
d_1022521.exr,right,0.9954944849014282
d_1022522.exr,right,0.9956271648406982
d_1022523.exr,right,0.9955176711082458
d_1022525.exr,right,0.9956275224685669
d_1022528.exr,right,0.9956234097480774
d_1022529.exr,wrong,0.9949965476989746
d_1022531.exr,right,0.9952608942985535
d_1022532.exr,right,0.9956342577934265
d_1022533.exr,right,0.9952482581138611
d_1022535.exr,right,0.9956343770027161
d_1022537.exr,right,0.9947394728660583
d_1022538.exr,wrong,0.9949947595596313
d_1022541.exr,right,0.9956093430519104
d_1022542.exr,right,0.9955660700798035
d_1022543.exr,right,0.9956252574920654
d_1022544.exr,right,0.9941619038581848
d_1022545.exr,right,0.9956291913986206
d_1022546.exr,right,0.9956249594688416
d_1022549.exr,right,0.9956265687942505
d_1022550.exr,wrong,0.9951861500740051
d_1022551.exr,right,0.9956230521202087
d_1022552.exr,right,0.9956327080726624
d_1022553.exr,right,0.9955494403839111
d_1022554.exr,right,0.995532751083374
d_1022555.exr,right,0.9956104159355164
d_1022556.exr,right,0.9955871105194092
d_1022560.exr,right,0.9955496788024902
d_1022561.exr,right,0.9956268072128296
d_1022564.exr,wrong,0.9949905276298523
d_1022566.exr,right,0.9956265687942505
d_1022567.exr,right,0.9956023693084717
d_1022568.exr,right,0.9949188828468323
d_1022569.exr,right,0.9956183433532715
d_1022573.exr,right,0.995625376701355
d_1022575.exr,right,0.995625376701355
d_1022576.exr,right,0.9956276416778564
d_1022577.exr,right,0.9956111311912537
d_1022578.exr,right,0.9954888224601746
d_1022579.exr,right,0.9956360459327698
d_1022580.exr,right,0.9956121444702148
d_1022582.exr,right,0.9956262111663818
d_1022584.exr,right,0.9956079125404358
d_1022585.exr,right,0.9956223368644714
d_1022587.exr,right,0.9956156015396118
d_1022588.exr,right,0.9956179857254028
d_1022589.exr,right,0.9956197142601013
d_1022590.exr,right,0.9956207871437073
d_1022591.exr,right,0.9955150485038757
d_1022592.exr,right,0.995566189289093
d_1022593.exr,right,0.9955457448959351
d_1022599.exr,right,0.9955936074256897
d_1022600.exr,right,0.9956372380256653
d_1022601.exr,right,0.9956134557723999
d_1022603.exr,right,0.9956268072128296
d_1022604.exr,right,0.9956206679344177
d_1022605.exr,wrong,0.9910233020782471
d_1022606.exr,right,0.9931782484054565
d_1022607.exr,right,0.9955370426177979
d_1022611.exr,right,0.9956324696540833
d_1022612.exr,right,0.9956272840499878
d_1022614.exr,right,0.9956195950508118
d_1022615.exr,right,0.9956282377243042
d_1022616.exr,right,0.995599627494812
d_1022617.exr,right,0.9955965876579285
d_1022618.exr,right,0.9947346448898315
d_1022619.exr,right,0.9956323504447937
d_1022620.exr,right,0.9956076741218567
d_1022624.exr,right,0.9956236481666565
d_1022625.exr,right,0.9955497980117798
d_1022626.exr,right,0.9956215023994446
d_1022627.exr,right,0.995468258857727
d_1022628.exr,wrong,0.9933486580848694
d_1022629.exr,right,0.9857277274131775
d_1022630.exr,right,0.9955835938453674
d_1022631.exr,wrong,0.9951643943786621
d_1022632.exr,right,0.9956051707267761
d_1022636.exr,right,0.9956110119819641
d_1022637.exr,right,0.995591402053833
d_1022638.exr,right,0.9956209063529968
d_1022639.exr,right,0.9956281185150146
d_1022640.exr,right,0.9950882792472839
d_1022641.exr,right,0.995631217956543
d_1022642.exr,right,0.9935986995697021
d_1022643.exr,wrong,0.9951413869857788
d_1022644.exr,right,0.9956234097480774
d_1022646.exr,right,0.9956279993057251
d_1022647.exr,right,0.9955939650535583
d_1022649.exr,right,0.9956207871437073
d_1022650.exr,wrong,0.9950189590454102
d_1022651.exr,right,0.993126392364502
d_1022652.exr,right,0.9954509139060974
d_1022653.exr,right,0.9955933690071106
d_1022654.exr,wrong,0.9949755668640137
d_1022656.exr,right,0.9955116510391235
d_1022658.exr,right,0.9955946803092957
d_1022659.exr,right,0.9956353306770325
d_1022660.exr,right,0.9714853763580322
d_1022661.exr,right,0.9954583644866943
d_1022663.exr,right,0.995618999004364
d_1022664.exr,right,0.9955976605415344
d_1022666.exr,right,0.9956205487251282
d_1022667.exr,right,0.9955346584320068
d_1022668.exr,right,0.9955136179924011
d_1022669.exr,right,0.9955702424049377
d_1022672.exr,right,0.9951135516166687
d_1022673.exr,right,0.9956222176551819
d_1022675.exr,right,0.9955844283103943
d_1022677.exr,wrong,0.9953042268753052
d_1022679.exr,right,0.995553195476532
d_1022681.exr,right,0.9954160451889038
d_1022682.exr,right,0.9956062436103821
d_1022683.exr,right,0.9956327080726624
d_1022684.exr,right,0.9472917914390564
d_1022685.exr,right,0.9955660700798035
d_1022687.exr,right,0.9956057667732239
d_1022688.exr,right,0.9955947995185852
d_1022690.exr,right,0.9816824197769165
d_1022691.exr,right,0.9955678582191467
d_1022692.exr,right,0.9955936074256897
d_1022693.exr,wrong,0.9954586029052734
d_1022694.exr,wrong,0.9956898093223572
d_1022696.exr,right,0.9939225316047668
d_1022697.exr,right,0.9956211447715759
d_1022698.exr,right,0.9956005811691284
d_1022699.exr,right,0.9956244826316833
d_1022701.exr,right,0.9956197142601013
d_1022704.exr,right,0.9946194887161255
d_1022705.exr,wrong,0.9952208399772644
d_1022706.exr,right,0.9956297874450684
d_1022707.exr,wrong,0.9951058626174927
d_1022708.exr,right,0.995621383190155
d_1022709.exr,right,0.9955708384513855
d_1022711.exr,right,0.9930408000946045
d_1022712.exr,right,0.9956294298171997
d_1022713.exr,right,0.9956316947937012
d_1022714.exr,right,0.9956244826316833
d_1022718.exr,wrong,0.9936754107475281
d_1022720.exr,right,0.9819377660751343
d_1022721.exr,right,0.9954094290733337
d_1022722.exr,right,0.994494616985321
d_1022725.exr,right,0.9951991438865662
d_1022726.exr,right,0.9931564927101135
d_1022727.exr,right,0.995597779750824
d_1022729.exr,wrong,0.9895110726356506
d_1022730.exr,right,0.9956236481666565
d_1022731.exr,right,0.9952927827835083
d_1022732.exr,right,0.9955951571464539
d_1022733.exr,right,0.9955834746360779
d_1022734.exr,right,0.9956167936325073
d_1022735.exr,right,0.9956047534942627
d_1022736.exr,right,0.995633065700531
d_1022737.exr,right,0.9956396818161011
d_1022739.exr,right,0.9956047534942627
d_1022740.exr,right,0.9954692125320435
d_1022742.exr,wrong,0.9925655126571655
d_1022743.exr,right,0.9943491816520691
d_1022744.exr,right,0.9956140518188477
d_1022745.exr,right,0.992764413356781
d_1022746.exr,right,0.9948940277099609
d_1022747.exr,right,0.9956045150756836
d_1022748.exr,right,0.9956328272819519
d_1022749.exr,right,0.9954120516777039
d_1022750.exr,right,0.9956259727478027
d_1022751.exr,right,0.994513988494873
d_1022753.exr,right,0.9956116080284119
d_1022754.exr,right,0.9943506121635437
d_1022755.exr,right,0.9956287145614624
d_1022756.exr,right,0.9956315755844116
d_1022757.exr,right,0.9956211447715759
d_1022759.exr,wrong,0.9953393936157227
d_1022761.exr,right,0.9956242442131042
d_1022764.exr,right,0.9955810904502869
d_1022765.exr,right,0.9956296682357788
d_1022766.exr,right,0.9956385493278503
d_1022767.exr,right,0.9806848764419556
d_1022769.exr,right,0.9956139326095581
d_1022770.exr,right,0.9955808520317078
d_1022771.exr,right,0.9956061244010925
d_1022773.exr,right,0.995556652545929
d_1022775.exr,right,0.9955803751945496
d_1022776.exr,right,0.9953727126121521
d_1022777.exr,right,0.9955847859382629
d_1022779.exr,right,0.9956284761428833
d_1022780.exr,right,0.9956182241439819
d_1022781.exr,right,0.9956110119819641
d_1022782.exr,right,0.9955325126647949
d_1022783.exr,right,0.9953536987304688
d_1022785.exr,right,0.995609700679779
d_1022786.exr,right,0.994438886642456
d_1022787.exr,right,0.9956178665161133
d_1022789.exr,right,0.9952876567840576
d_1022791.exr,right,0.9956117868423462
d_1022793.exr,right,0.9955684542655945
d_1022794.exr,right,0.9955050945281982
d_1022795.exr,right,0.9955188035964966
d_1022796.exr,right,0.9955582618713379
d_1022797.exr,right,0.9943321943283081
d_1022798.exr,right,0.995503842830658
d_1022800.exr,right,0.9956117868423462
d_1022801.exr,right,0.995505690574646
d_1022802.exr,right,0.9956344962120056
d_1022803.exr,wrong,0.9954063892364502
d_1022805.exr,right,0.9955763816833496
d_1022806.exr,right,0.990156888961792
d_1022807.exr,right,0.995625376701355
d_1022808.exr,right,0.9954008460044861
d_1022810.exr,wrong,0.9947654008865356
d_1022811.exr,right,0.9881129860877991
d_1022813.exr,right,0.9950845837593079
d_1022814.exr,right,0.9956032037734985
d_1022816.exr,right,0.9956205487251282
d_1022817.exr,right,0.995539128780365
d_1022818.exr,right,0.9956129789352417
d_1022819.exr,right,0.970242977142334
d_1022820.exr,right,0.9951192140579224
d_1022822.exr,right,0.9956086277961731
d_1022823.exr,right,0.995621383190155
d_1022824.exr,wrong,0.9950120449066162
d_1022825.exr,wrong,0.987613320350647
d_1022826.exr,right,0.9955376386642456
d_1022829.exr,right,0.9956054091453552
d_1022830.exr,right,0.9956172704696655
d_1022831.exr,right,0.9953705668449402
d_1022833.exr,right,0.9955755472183228
d_1022835.exr,right,0.9955877065658569
d_1022838.exr,right,0.9955984354019165
d_1022839.exr,right,0.9955254197120667
d_1022840.exr,right,0.9873189330101013
d_1022841.exr,right,0.9949081540107727
d_1022842.exr,right,0.9956135749816895
d_1022844.exr,wrong,0.9617724418640137
d_1022846.exr,wrong,0.995517909526825
d_1022849.exr,right,0.9956079125404358
d_1022852.exr,right,0.995598554611206
d_1022853.exr,right,0.9955537915229797
d_1022854.exr,wrong,0.9947360157966614
d_1022855.exr,wrong,0.9954051971435547
d_1022856.exr,right,0.9956081509590149
d_1022857.exr,right,0.9955920577049255
d_1022858.exr,right,0.9956055283546448
d_1022862.exr,right,0.9787907004356384
d_1022864.exr,right,0.995608389377594
d_1022865.exr,wrong,0.9935654997825623
d_1022866.exr,right,0.9955731630325317
d_1022867.exr,right,0.9956279993057251
d_1022868.exr,right,0.9956309795379639
d_1022874.exr,right,0.9634929299354553
d_1022875.exr,right,0.9955244064331055
d_1022877.exr,right,0.9956308603286743
d_1022879.exr,right,0.9956308603286743
d_1022880.exr,right,0.9956066012382507
d_1022886.exr,wrong,0.9954245686531067
d_1022888.exr,right,0.9953332543373108
d_1022889.exr,right,0.9955529570579529
d_1022890.exr,right,0.9956152439117432
d_1022891.exr,wrong,0.9956644177436829
d_1022892.exr,wrong,0.9843800067901611
d_1022895.exr,right,0.9942426085472107
d_1022896.exr,right,0.995067834854126
d_1022899.exr,wrong,0.9948220252990723
d_1022901.exr,right,0.9955920577049255
d_1022902.exr,right,0.9678282737731934
d_1022903.exr,right,0.9956247210502625
d_1022904.exr,wrong,0.9948345422744751
d_1022905.exr,right,0.9956329464912415
d_1022906.exr,right,0.9955682158470154
d_1022907.exr,wrong,0.9725043773651123
d_1022908.exr,right,0.9956307411193848
d_1022909.exr,wrong,0.9435700178146362
d_1022910.exr,right,0.9956066012382507
d_1022911.exr,right,0.995511531829834
d_1022912.exr,right,0.9956164360046387
d_1022913.exr,right,0.9815418720245361
d_1022915.exr,right,0.9956271648406982
d_1022917.exr,right,0.9956319332122803
d_1022920.exr,right,0.9211923480033875
d_1022922.exr,right,0.9956033229827881
d_1022923.exr,right,0.9956252574920654
d_1022924.exr,wrong,0.9953807592391968
d_1022925.exr,right,0.9956318140029907
d_1022927.exr,right,0.9955638647079468
d_1022932.exr,right,0.9956074357032776
d_1022933.exr,right,0.9954719543457031
d_1022937.exr,wrong,0.9926948547363281
d_1022938.exr,right,0.995603084564209
d_1022939.exr,right,0.9955495595932007
d_1022940.exr,wrong,0.9946500658988953
d_1022942.exr,right,0.9953994154930115
d_1022943.exr,wrong,0.9952327609062195
d_1022944.exr,right,0.9955158829689026
d_1022945.exr,right,0.9956119060516357
d_1022946.exr,right,0.9748355150222778
d_1022947.exr,right,0.9955797791481018
d_1022948.exr,wrong,0.9955280423164368
d_1022949.exr,right,0.9956040382385254
d_1022950.exr,right,0.9949563145637512
d_1022951.exr,right,0.9927000403404236
d_1022952.exr,right,0.9954925775527954
d_1022953.exr,right,0.9955711960792542
d_1022954.exr,right,0.9955536723136902
d_1022955.exr,right,0.9955437779426575
d_1022957.exr,wrong,0.9509657621383667
d_1022958.exr,right,0.995610773563385
d_1022959.exr,right,0.9955834746360779
d_1022960.exr,right,0.9956251978874207
d_1022961.exr,right,0.9954491257667542
d_1022963.exr,right,0.9955125451087952
d_1022964.exr,right,0.9956281185150146
d_1022966.exr,right,0.9955731630325317
d_1022967.exr,wrong,0.9952921867370605
d_1022968.exr,right,0.9956015348434448
d_1022969.exr,right,0.9956159591674805
d_1022971.exr,right,0.9955452680587769
d_1022972.exr,wrong,0.9941798448562622
d_1022974.exr,right,0.9923449158668518
d_1022975.exr,right,0.9956358075141907
d_1022977.exr,wrong,0.9956095814704895
d_1022979.exr,wrong,0.9950971007347107
d_1022980.exr,right,0.9956321120262146
d_1022981.exr,right,0.9955940842628479
d_1022982.exr,right,0.9956125020980835
d_1022983.exr,right,0.9949066042900085
d_1022985.exr,right,0.9955000281333923
d_1022986.exr,right,0.9956217408180237
d_1022987.exr,right,0.9953391551971436
d_1022988.exr,right,0.9955497980117798
d_1022989.exr,right,0.9955163598060608
d_1022990.exr,right,0.9955620765686035
d_1022992.exr,right,0.9956204295158386
d_1022993.exr,right,0.9955623149871826
d_1022994.exr,right,0.9937923550605774
d_1022995.exr,right,0.9956300258636475
d_1022997.exr,right,0.995598316192627
d_1022998.exr,right,0.9956177473068237
d_1022999.exr,right,0.9956173896789551
d_1023000.exr,right,0.995155930519104
d_1023001.exr,right,0.9956063628196716
d_1023002.exr,wrong,0.9952894449234009
d_1023004.exr,right,0.9956254959106445
d_1023005.exr,wrong,0.995707094669342
d_1023006.exr,right,0.9956106543540955
d_1023007.exr,right,0.9956033229827881
d_1023008.exr,right,0.995606005191803
d_1023010.exr,right,0.9956294298171997
d_1023011.exr,right,0.9954362511634827
d_1023012.exr,right,0.9956278800964355
d_1023013.exr,right,0.995509147644043
d_1023014.exr,right,0.9953243732452393
d_1023017.exr,right,0.9956039190292358
d_1023018.exr,wrong,0.9930360913276672
d_1023019.exr,right,0.995628833770752
d_1023021.exr,right,0.995629072189331
d_1023022.exr,right,0.9955490827560425
d_1023023.exr,right,0.9956076741218567
d_1023024.exr,right,0.995576024055481
d_1023025.exr,right,0.9954615235328674
d_1023026.exr,right,0.99556964635849
d_1023027.exr,right,0.9956327080726624
d_1023028.exr,right,0.9956135749816895
d_1023029.exr,right,0.9953438639640808
d_1023030.exr,right,0.9956134557723999
d_1023032.exr,wrong,0.9883669018745422
d_1023033.exr,right,0.995154857635498
d_1023034.exr,right,0.9955649971961975
d_1023035.exr,right,0.9956343770027161
d_1023038.exr,right,0.9956144094467163
d_1023039.exr,right,0.8946162462234497
d_1023040.exr,right,0.9955844283103943
d_1023041.exr,right,0.9956279993057251
d_1023043.exr,right,0.9956259727478027
d_1023044.exr,right,0.9955814480781555
d_1023045.exr,right,0.9956069588661194
d_1023046.exr,right,0.9956281185150146
d_1023047.exr,right,0.9956094622612
d_1023049.exr,right,0.9955590963363647
d_1023050.exr,right,0.995633065700531
d_1023051.exr,right,0.9955810904502869
d_1023053.exr,right,0.9955589771270752
d_1023054.exr,right,0.9956339001655579
d_1023055.exr,right,0.9956358075141907
d_1023056.exr,wrong,0.9934588074684143
d_1023057.exr,right,0.9956299066543579
d_1023058.exr,right,0.9955465793609619
d_1023059.exr,right,0.9956272840499878
d_1023060.exr,right,0.9955483675003052
d_1023061.exr,right,0.9955984354019165
d_1023062.exr,right,0.9728803038597107
d_1023063.exr,right,0.9956033229827881
d_1023064.exr,right,0.9955756664276123
d_1023065.exr,right,0.9956333041191101
d_1023066.exr,right,0.9956119060516357
d_1023067.exr,right,0.9952636957168579
d_1023068.exr,right,0.9956328272819519
d_1023069.exr,right,0.9956240057945251
d_1023070.exr,wrong,0.9910560846328735
d_1023071.exr,right,0.9956247210502625
d_1023072.exr,right,0.9956024885177612
d_1023073.exr,right,0.9954437017440796
d_1023074.exr,right,0.9955623149871826
d_1023076.exr,right,0.995604395866394
d_1023077.exr,right,0.9956258535385132
d_1023081.exr,right,0.995606005191803
d_1023082.exr,right,0.9956371188163757
d_1023083.exr,wrong,0.9859981536865234
d_1023084.exr,right,0.9956331849098206
d_1023085.exr,right,0.9955553412437439
d_1023086.exr,right,0.9955081939697266
d_1023087.exr,right,0.9956228137016296
d_1023089.exr,right,0.9952524900436401
d_1023090.exr,right,0.9956230521202087
d_1023091.exr,right,0.9956101775169373
d_1023092.exr,right,0.9956230521202087
d_1023093.exr,right,0.9956082701683044
d_1023094.exr,right,0.9956063628196716
d_1023095.exr,right,0.9956360459327698
d_1023096.exr,right,0.9956106543540955
d_1023097.exr,right,0.9956310987472534
d_1023098.exr,right,0.9956272840499878
d_1023099.exr,right,0.9955161213874817
d_1023100.exr,right,0.9951363205909729
d_1023101.exr,right,0.991231381893158
d_1023102.exr,right,0.995614767074585
d_1023103.exr,right,0.9956310987472534
d_1023104.exr,right,0.9955824017524719
d_1023105.exr,wrong,0.9952204823493958
d_1023106.exr,wrong,0.9819728136062622
d_1023107.exr,right,0.9955464601516724
d_1023108.exr,right,0.9956141710281372
d_1023109.exr,wrong,0.9951565861701965
d_1023110.exr,right,0.995604395866394
d_1023111.exr,right,0.9955757856369019
d_1023112.exr,right,0.995621383190155
d_1023113.exr,right,0.9956187605857849
d_1023114.exr,right,0.9955359697341919
d_1023115.exr,right,0.9956177473068237
d_1023116.exr,right,0.9955898523330688
d_1023117.exr,wrong,0.9945999383926392
d_1023118.exr,right,0.995384156703949
d_1023120.exr,right,0.9917780160903931
d_1023121.exr,right,0.9956401586532593
d_1023122.exr,right,0.9924440979957581
d_1023123.exr,right,0.9955956339836121
d_1023124.exr,right,0.9956128597259521
d_1023125.exr,right,0.9956112504005432
d_1023127.exr,right,0.9956319332122803
d_1023128.exr,right,0.9955905675888062
d_1023129.exr,right,0.9956244826316833
d_1023130.exr,right,0.9956181049346924
d_1023132.exr,right,0.9955427050590515
d_1023133.exr,right,0.9955394864082336
d_1023135.exr,right,0.9956027269363403
d_1023136.exr,right,0.9953994154930115
d_1023137.exr,right,0.9955946803092957
d_1023138.exr,right,0.9956167936325073
d_1023139.exr,right,0.9955305457115173
d_1023140.exr,right,0.99561607837677
d_1023141.exr,right,0.9955644607543945
d_1023142.exr,right,0.9940694570541382
d_1023143.exr,right,0.9956035614013672
d_1023144.exr,right,0.9955399632453918
d_1023145.exr,right,0.9955655932426453
d_1023146.exr,right,0.9956294298171997
d_1023147.exr,right,0.9956276416778564
d_1023148.exr,wrong,0.9949349761009216
d_1023149.exr,right,0.9953016042709351
d_1023150.exr,right,0.9955675005912781
d_1023151.exr,right,0.9956364035606384
d_1023152.exr,right,0.9955885410308838
d_1023155.exr,right,0.9956027269363403
d_1023157.exr,right,0.9954932928085327
d_1023158.exr,right,0.9956337809562683
d_1023159.exr,right,0.9954906105995178
d_1023160.exr,right,0.9955796599388123
d_1023162.exr,right,0.995556652545929
d_1023165.exr,right,0.9955969452857971
d_1023166.exr,right,0.9956310987472534
d_1023167.exr,right,0.9950088262557983
d_1023168.exr,right,0.9956281185150146
d_1023169.exr,right,0.9956278800964355
d_1023171.exr,right,0.9956049919128418
d_1023176.exr,wrong,0.9582823514938354
d_1023178.exr,right,0.9956004619598389
d_1023180.exr,right,0.9955374002456665
d_1023184.exr,right,0.9956021308898926
d_1023185.exr,right,0.9931261539459229
d_1023186.exr,right,0.9955999851226807
d_1023187.exr,wrong,0.9946660995483398
d_1023188.exr,right,0.9942182302474976
d_1023189.exr,right,0.9949491024017334
d_1023190.exr,right,0.9956144094467163
d_1023191.exr,right,0.9956102967262268
d_1023193.exr,right,0.9956187605857849
d_1023195.exr,right,0.995566189289093
d_1023196.exr,right,0.9955970644950867
d_1023197.exr,right,0.9956346154212952
d_1023198.exr,right,0.9955945611000061
d_1023199.exr,right,0.9956209063529968
d_1023200.exr,right,0.9947860240936279
d_1023201.exr,right,0.9956325888633728
d_1023202.exr,wrong,0.9866170883178711
d_1023203.exr,right,0.9956281185150146
d_1023205.exr,right,0.9955741167068481
d_1023206.exr,right,0.995581328868866
d_1023207.exr,right,0.9955620765686035
d_1023209.exr,right,0.9953561425209045
d_1023210.exr,right,0.9956230521202087
d_1023212.exr,right,0.9956305027008057
d_1023213.exr,right,0.9956106543540955
d_1023216.exr,wrong,0.9954038858413696
d_1023217.exr,wrong,0.99540114402771
d_1023219.exr,right,0.995578944683075
d_1023220.exr,right,0.9953674077987671
d_1023221.exr,right,0.995593249797821
d_1023222.exr,wrong,0.9947795867919922
d_1023223.exr,right,0.9953951239585876
d_1023224.exr,right,0.9955671429634094
d_1023226.exr,right,0.9956308603286743
d_1023228.exr,right,0.9950903654098511
d_1023229.exr,right,0.9931284189224243
d_1023231.exr,right,0.9956372380256653
d_1023233.exr,right,0.9955676198005676
d_1023234.exr,right,0.9956094622612
d_1023235.exr,wrong,0.9931822419166565
d_1023238.exr,wrong,0.9953122138977051
d_1023239.exr,right,0.9952996969223022
d_1023240.exr,right,0.9956156015396118
d_1023242.exr,right,0.9956099390983582
d_1023243.exr,wrong,0.9952023029327393
d_1023244.exr,right,0.995305061340332
d_1023245.exr,wrong,0.9945225715637207
d_1023247.exr,right,0.9955593347549438
d_1023249.exr,right,0.9956040382385254
d_1023250.exr,right,0.9956045150756836
d_1023251.exr,right,0.9956308603286743
d_1023253.exr,right,0.9956052899360657
d_1023254.exr,right,0.9955571293830872
d_1023257.exr,right,0.995630145072937
d_1023258.exr,right,0.995594322681427
d_1023260.exr,right,0.9956133365631104
d_1023262.exr,right,0.9956367611885071
d_1023263.exr,right,0.9956111311912537
d_1023264.exr,wrong,0.9956851005554199
d_1023265.exr,right,0.994666337966919
d_1023268.exr,right,0.9956004619598389
d_1023270.exr,right,0.9955978989601135
d_1023271.exr,right,0.9954211115837097
d_1023272.exr,right,0.9956178665161133
d_1023273.exr,right,0.9955507516860962
d_1023275.exr,right,0.9913846254348755
d_1023277.exr,wrong,0.9949695467948914
d_1023279.exr,right,0.995617151260376
d_1023280.exr,right,0.9956340193748474
d_1023282.exr,wrong,0.9374805688858032
d_1023283.exr,wrong,0.9668897390365601
d_1023284.exr,wrong,0.9701059460639954
d_1023285.exr,right,0.99538654088974
d_1023287.exr,right,0.9951523542404175
d_1023288.exr,right,0.9955961108207703
d_1023289.exr,right,0.9956234097480774
d_1023290.exr,right,0.9956163167953491
d_1023291.exr,right,0.9924688935279846
d_1023292.exr,right,0.9956222176551819
d_1023295.exr,right,0.9956324696540833
d_1023297.exr,right,0.9950010180473328
d_1023299.exr,right,0.9927076697349548
d_1023300.exr,right,0.9955737590789795
d_1023302.exr,right,0.9952398538589478
d_1023303.exr,right,0.9955781102180481
d_1023304.exr,right,0.9956279993057251
d_1023306.exr,right,0.9956151247024536
d_1023307.exr,right,0.9928361773490906
d_1023308.exr,right,0.9955828785896301
d_1023309.exr,right,0.9956331849098206
d_1023310.exr,right,0.9955587387084961
d_1023312.exr,right,0.9939622282981873
d_1023313.exr,right,0.9915496110916138
d_1023314.exr,wrong,0.9956432580947876
d_1023315.exr,wrong,0.9936969876289368
d_1023317.exr,wrong,0.995469331741333
d_1023318.exr,wrong,0.9936853051185608
d_1023319.exr,wrong,0.9949910044670105
d_1023321.exr,wrong,0.9949828386306763
d_1023325.exr,right,0.9955624341964722
d_1023328.exr,wrong,0.9953888654708862
d_1023329.exr,wrong,0.9947149157524109
d_1023331.exr,right,0.995465099811554
d_1023332.exr,right,0.9956235289573669
d_1023335.exr,right,0.9946870803833008
d_1023336.exr,right,0.9948044419288635
d_1023337.exr,right,0.9956037998199463
d_1023338.exr,right,0.9954456090927124
d_1023339.exr,wrong,0.9956071972846985
d_1023341.exr,right,0.9956353306770325
d_1023343.exr,right,0.9954901337623596
d_1023350.exr,right,0.9955068826675415
d_1023352.exr,right,0.995635449886322
d_1023353.exr,right,0.995590329170227
d_1023354.exr,right,0.99562007188797
d_1023355.exr,right,0.9952630996704102
d_1023356.exr,wrong,0.9953668117523193
d_1023357.exr,right,0.9954686164855957
d_1023360.exr,wrong,0.9933558702468872
d_1023361.exr,wrong,0.9954867959022522
d_1023362.exr,right,0.9946855306625366
d_1023363.exr,wrong,0.9949251413345337
d_1023364.exr,right,0.9955911636352539
d_1023365.exr,right,0.9956276416778564
d_1023367.exr,wrong,0.9950946569442749
d_1023368.exr,right,0.9947457313537598
d_1023369.exr,wrong,0.994345486164093
d_1023373.exr,right,0.9955562949180603
d_1023374.exr,wrong,0.9957237243652344
d_1023376.exr,right,0.9956088662147522
d_1023377.exr,wrong,0.993678629398346
d_1023379.exr,right,0.9956377148628235
d_1023381.exr,right,0.9955649971961975
d_1023382.exr,right,0.9922692179679871
d_1023385.exr,right,0.9956302642822266
d_1023386.exr,right,0.9956157207489014
d_1023387.exr,right,0.967456579208374
d_1023388.exr,right,0.9956023693084717
d_1023389.exr,right,0.995606005191803
d_1023391.exr,right,0.9955726861953735
d_1023392.exr,right,0.9955986738204956
d_1023393.exr,wrong,0.9944742321968079
d_1023394.exr,right,0.9939265847206116
d_1023395.exr,right,0.995590329170227
d_1023396.exr,right,0.9956062436103821
d_1023397.exr,right,0.9956308603286743
d_1023398.exr,right,0.995618462562561
d_1023399.exr,right,0.9955939650535583
d_1023400.exr,right,0.9955861568450928
d_1023402.exr,wrong,0.9956966638565063
d_1023403.exr,wrong,0.9954025745391846
d_1023405.exr,right,0.9956163167953491
d_1023406.exr,right,0.995612382888794
d_1023407.exr,right,0.9956001043319702
d_1023409.exr,right,0.995636522769928
d_1023411.exr,right,0.9955945611000061
d_1023412.exr,right,0.9899984002113342
d_1023413.exr,right,0.9956223368644714
d_1023414.exr,right,0.9950782060623169
d_1023415.exr,right,0.9956161975860596
d_1023417.exr,right,0.9956263303756714
d_1023418.exr,right,0.9956308603286743
d_1023419.exr,right,0.995563268661499
d_1023421.exr,wrong,0.9914980530738831
d_1023422.exr,right,0.9955626726150513
d_1023424.exr,right,0.9956285953521729
d_1023426.exr,right,0.9956270456314087
d_1023427.exr,right,0.9955853223800659
d_1023428.exr,right,0.9956307411193848
d_1023430.exr,right,0.9955257773399353
d_1023431.exr,right,0.9956100583076477
d_1023432.exr,wrong,0.9952511787414551
d_1023434.exr,right,0.9956329464912415
d_1023436.exr,right,0.9956110119819641
d_1023437.exr,right,0.9953849911689758
d_1023438.exr,right,0.995578944683075
d_1023439.exr,right,0.9955407977104187
d_1023441.exr,right,0.9954185485839844
d_1023442.exr,wrong,0.9956716299057007
d_1023443.exr,right,0.9954706430435181
d_1023444.exr,wrong,0.9924840331077576
d_1023446.exr,right,0.9956222176551819
d_1023447.exr,right,0.9955997467041016
d_1023448.exr,right,0.9956303834915161
d_1023449.exr,right,0.962904691696167
d_1023451.exr,right,0.9956355690956116
d_1023454.exr,right,0.9955958724021912
d_1023455.exr,right,0.9954296350479126
d_1023456.exr,right,0.9954771399497986
d_1023457.exr,right,0.9956348538398743
d_1023458.exr,wrong,0.9955099821090698
d_1023459.exr,right,0.9955500364303589
d_1023461.exr,right,0.9862028360366821
d_1023462.exr,wrong,0.9937726855278015
d_1023463.exr,right,0.9955590963363647
d_1023464.exr,wrong,0.9938390851020813
d_1023466.exr,right,0.995305597782135
d_1023468.exr,right,0.9952614903450012
d_1023469.exr,right,0.9956091046333313
d_1023471.exr,right,0.9955192804336548
d_1023473.exr,right,0.9955754280090332
d_1023474.exr,right,0.9933057427406311
d_1023476.exr,wrong,0.9957246780395508
d_1023477.exr,right,0.9955093860626221
d_1023479.exr,wrong,0.9954513907432556
d_1023481.exr,right,0.9956320524215698
d_1023483.exr,right,0.9950718283653259
d_1023484.exr,right,0.9956206679344177
d_1023485.exr,right,0.995625376701355
d_1023486.exr,right,0.9955877065658569
d_1023487.exr,right,0.9953923225402832
d_1023488.exr,right,0.9955862760543823
d_1023489.exr,right,0.9954535961151123
d_1023492.exr,wrong,0.9921250939369202
d_1023493.exr,right,0.995624840259552
d_1023494.exr,right,0.9955761432647705
d_1023495.exr,right,0.9956271648406982
d_1023497.exr,right,0.995591938495636
d_1023499.exr,right,0.9955961108207703
d_1023501.exr,right,0.995602011680603
d_1023503.exr,right,0.9955798983573914
d_1023505.exr,wrong,0.9949800372123718
d_1023507.exr,right,0.9955940842628479
d_1023508.exr,right,0.9930296540260315
d_1023510.exr,right,0.9956163167953491
d_1023511.exr,right,0.995627760887146
d_1023512.exr,right,0.9941152334213257
d_1023516.exr,right,0.9951137900352478
d_1023517.exr,wrong,0.9921063184738159
d_1023518.exr,right,0.9955670237541199
d_1023520.exr,right,0.994030237197876
d_1023521.exr,right,0.9956252574920654
d_1023522.exr,right,0.9956344962120056
d_1023523.exr,right,0.995623767375946
d_1023525.exr,right,0.9924127459526062
d_1023526.exr,right,0.9956226944923401
d_1023527.exr,wrong,0.9892807602882385
d_1023528.exr,right,0.9955512285232544
d_1023529.exr,right,0.9956186413764954
d_1023531.exr,right,0.995617151260376
d_1023532.exr,right,0.9956356883049011
d_1023533.exr,right,0.9954442977905273
d_1023534.exr,right,0.99562007188797
d_1023537.exr,right,0.9956026077270508
d_1023538.exr,right,0.9955818057060242
d_1023539.exr,right,0.9925379157066345
d_1023540.exr,wrong,0.9949406385421753
d_1023541.exr,wrong,0.9947333335876465
d_1023542.exr,right,0.9954462647438049
d_1023544.exr,right,0.994954526424408
d_1023545.exr,right,0.9955973029136658
d_1023546.exr,right,0.9955755472183228
d_1023547.exr,right,0.9955922961235046
d_1023548.exr,right,0.9955090284347534
d_1023549.exr,right,0.9956070780754089
d_1023550.exr,right,0.9952056407928467
d_1023551.exr,wrong,0.9929094910621643
d_1023552.exr,right,0.9956048727035522
d_1023553.exr,right,0.9956163167953491
d_1023555.exr,right,0.9934014678001404
d_1023556.exr,right,0.9954223036766052
d_1023557.exr,right,0.9562761187553406
d_1023558.exr,right,0.9955819249153137
d_1023563.exr,right,0.9956064820289612
d_1023564.exr,right,0.9956139326095581
d_1023565.exr,wrong,0.9758007526397705
d_1023569.exr,right,0.9956210255622864
d_1023571.exr,wrong,0.9914964437484741
d_1023572.exr,right,0.9956249594688416
d_1023574.exr,right,0.9955947995185852
d_1023575.exr,wrong,0.9953888654708862
d_1023576.exr,right,0.9953487515449524
d_1023577.exr,right,0.995554506778717
d_1023580.exr,right,0.995551347732544
d_1023582.exr,right,0.9955516457557678
d_1023583.exr,right,0.9956095814704895
d_1023584.exr,right,0.9956199526786804
d_1023586.exr,wrong,0.9950829744338989
d_1023587.exr,right,0.9954121708869934
d_1023588.exr,right,0.9940454959869385
d_1023589.exr,right,0.9956055283546448
d_1023590.exr,right,0.9955006241798401
d_1023592.exr,right,0.995623767375946
d_1023596.exr,right,0.9953059554100037
d_1023597.exr,right,0.9956289529800415
d_1023599.exr,right,0.9956172704696655
d_1023600.exr,right,0.9939124584197998
d_1023601.exr,right,0.9955949187278748
d_1023602.exr,right,0.9956331849098206
d_1023604.exr,wrong,0.9955893754959106
d_1023605.exr,right,0.9955572485923767
d_1023606.exr,right,0.9955710768699646
d_1023609.exr,right,0.9956094622612
d_1023610.exr,right,0.9956193566322327
d_1023611.exr,right,0.9956294298171997
d_1023612.exr,right,0.995576024055481
d_1023614.exr,wrong,0.9955486059188843
d_1023615.exr,right,0.9955623149871826
d_1023616.exr,right,0.9956210255622864
d_1023617.exr,right,0.9953383207321167
d_1023619.exr,right,0.9956070780754089
d_1023620.exr,right,0.9956310987472534
d_1023621.exr,right,0.9956114888191223
d_1023622.exr,right,0.9956039190292358
d_1023623.exr,wrong,0.9939711689949036
d_1023624.exr,right,0.9942355751991272
d_1023627.exr,right,0.9955728054046631
d_1023628.exr,right,0.9956179857254028
d_1023629.exr,right,0.9956017732620239
d_1023632.exr,right,0.995627760887146
d_1023633.exr,right,0.9956262111663818
d_1023634.exr,wrong,0.9951693415641785
d_1023639.exr,right,0.9955800175666809
d_1023640.exr,right,0.9956027269363403
d_1023641.exr,right,0.9956148862838745
d_1023642.exr,right,0.9955500364303589
d_1023644.exr,right,0.9956112504005432
d_1023646.exr,right,0.995044469833374
d_1023647.exr,right,0.995064914226532
d_1023648.exr,right,0.9955642223358154
d_1023649.exr,wrong,0.9953125715255737
d_1023650.exr,right,0.9956368803977966
d_1023651.exr,right,0.9951902627944946
d_1023653.exr,right,0.9955742359161377
d_1023655.exr,right,0.9942595958709717
d_1023657.exr,right,0.9955902099609375
d_1023658.exr,right,0.9955219030380249
d_1023660.exr,right,0.9949931502342224
d_1023663.exr,right,0.9956235289573669
d_1023665.exr,right,0.9956321120262146
d_1023667.exr,right,0.9955852031707764
d_1023668.exr,right,0.9956093430519104
d_1023669.exr,wrong,0.9941456317901611
d_1023670.exr,right,0.9956254959106445
d_1023672.exr,right,0.9950768351554871
d_1023673.exr,right,0.9956212639808655
d_1023680.exr,right,0.9956057667732239
d_1023681.exr,right,0.991880476474762
d_1023682.exr,wrong,0.9953238368034363
d_1023683.exr,right,0.9955961108207703
d_1023684.exr,wrong,0.9953371286392212
d_1023686.exr,wrong,0.9955989122390747
d_1023687.exr,right,0.9956368803977966
d_1023688.exr,right,0.995357096195221
d_1023689.exr,right,0.9956085085868835
d_1023690.exr,right,0.9956232905387878
d_1023691.exr,right,0.99517822265625
d_1023692.exr,right,0.9955949187278748
d_1023693.exr,right,0.9956008195877075
d_1023695.exr,right,0.9956199526786804
d_1023697.exr,right,0.9956150054931641
d_1023698.exr,right,0.99432373046875
d_1023700.exr,right,0.9956305027008057
d_1023702.exr,right,0.995078444480896
d_1023703.exr,right,0.9956258535385132
d_1023704.exr,right,0.995511531829834
d_1023706.exr,wrong,0.9952694773674011
d_1023707.exr,right,0.9956308603286743
d_1023709.exr,right,0.995600700378418
d_1023711.exr,wrong,0.9912551641464233
d_1023712.exr,wrong,0.9530971050262451
d_1023713.exr,right,0.9955884218215942
d_1023714.exr,wrong,0.9954350590705872
d_1023717.exr,right,0.9956050515174866
d_1023718.exr,wrong,0.9949644804000854
d_1023719.exr,wrong,0.9946901798248291
d_1023720.exr,right,0.9956191182136536
d_1023721.exr,right,0.9956216216087341
d_1023722.exr,wrong,0.9956673383712769
d_1023724.exr,right,0.9956046342849731
d_1023726.exr,wrong,0.9953320622444153
d_1023727.exr,right,0.9956207871437073
d_1023728.exr,right,0.9930253028869629
d_1023730.exr,right,0.9956111311912537
d_1023734.exr,right,0.9956111311912537
d_1023735.exr,right,0.9956258535385132
d_1023737.exr,right,0.9955981373786926
d_1023738.exr,right,0.9955898523330688
d_1023739.exr,wrong,0.9953010082244873
d_1023740.exr,right,0.9955697655677795
d_1023741.exr,right,0.9944040775299072
d_1023743.exr,right,0.9947513937950134
d_1023744.exr,right,0.9947060942649841
d_1023745.exr,right,0.9955961108207703
d_1023746.exr,wrong,0.9951450228691101
d_1023747.exr,right,0.9955951571464539
d_1023751.exr,wrong,0.9955565333366394
d_1023755.exr,right,0.9955917000770569
d_1023757.exr,right,0.995618999004364
d_1023758.exr,right,0.9956343770027161
d_1023761.exr,right,0.9956251978874207
d_1023763.exr,right,0.995612382888794
d_1023764.exr,wrong,0.9951733946800232
d_1023765.exr,right,0.9917899370193481
d_1023766.exr,wrong,0.9951659440994263
d_1023767.exr,right,0.9955930113792419
d_1023768.exr,right,0.9956381916999817
d_1023769.exr,right,0.9955886602401733
d_1023770.exr,right,0.9956204295158386
d_1023771.exr,right,0.99562007188797
d_1023772.exr,right,0.995617151260376
d_1023774.exr,right,0.9946889877319336
d_1023775.exr,right,0.9956121444702148
d_1023777.exr,right,0.9956034421920776
d_1023778.exr,right,0.9956251978874207
d_1023781.exr,right,0.9956276416778564
d_1023782.exr,right,0.9956297874450684
d_1023783.exr,right,0.9954524636268616
d_1023787.exr,right,0.9955993890762329
d_1023788.exr,right,0.9955660700798035
d_1023789.exr,wrong,0.9947606921195984
d_1023791.exr,right,0.9956259727478027
d_1023793.exr,right,0.9956002235412598
d_1023794.exr,wrong,0.9956449270248413
d_1023795.exr,right,0.9939872026443481
d_1023796.exr,right,0.9516308903694153
d_1023798.exr,wrong,0.9949821829795837
d_1023800.exr,right,0.9955514073371887
d_1023801.exr,right,0.9955589771270752
d_1023802.exr,right,0.9934640526771545
d_1023804.exr,right,0.9954087138175964
d_1023805.exr,wrong,0.995210587978363
d_1023806.exr,right,0.9943795800209045
d_1023807.exr,wrong,0.9943296909332275
d_1023808.exr,right,0.9954712390899658
d_1023811.exr,right,0.9955475330352783
d_1023813.exr,wrong,0.992639422416687
d_1023815.exr,right,0.9955587387084961
d_1023817.exr,right,0.9956328272819519
d_1023818.exr,right,0.9953540563583374
d_1023819.exr,right,0.995474636554718
d_1023821.exr,right,0.9956164360046387
d_1023825.exr,right,0.9950706958770752
d_1023826.exr,right,0.995629072189331
d_1023829.exr,right,0.9955148100852966
d_1023834.exr,right,0.9944626688957214
d_1023835.exr,right,0.995509147644043
d_1023836.exr,right,0.9956110119819641
d_1023838.exr,right,0.9877460598945618
d_1023841.exr,wrong,0.9950789213180542
d_1023842.exr,right,0.9955767393112183
d_1023843.exr,right,0.9956284761428833
d_1023845.exr,right,0.9951944947242737
d_1023846.exr,wrong,0.9472096562385559
d_1023847.exr,right,0.9956219792366028
d_1023848.exr,right,0.9791097640991211
d_1023850.exr,right,0.9956289529800415
d_1023851.exr,right,0.9956150054931641
d_1023855.exr,right,0.9880048632621765
d_1023857.exr,right,0.9955711960792542
d_1023858.exr,right,0.9956270456314087
d_1023859.exr,right,0.9955368041992188
d_1023861.exr,right,0.9956235289573669
d_1023863.exr,right,0.9955928921699524
d_1023864.exr,wrong,0.9923061728477478
d_1023865.exr,wrong,0.9956291913986206
d_1023866.exr,right,0.9940020442008972
d_1023867.exr,right,0.9956268072128296
d_1023869.exr,right,0.9858880639076233
d_1023870.exr,right,0.9955273270606995
d_1023872.exr,right,0.9956212639808655
d_1023875.exr,right,0.9950852990150452
d_1023876.exr,right,0.9955807328224182
d_1023877.exr,right,0.9956016540527344
d_1023878.exr,right,0.9955332279205322
d_1023879.exr,right,0.9956029653549194
d_1023880.exr,right,0.9955686926841736
d_1023881.exr,right,0.9956269264221191
d_1023883.exr,wrong,0.9874740839004517
d_1023884.exr,right,0.9956102967262268
d_1023885.exr,right,0.995612382888794
d_1023886.exr,right,0.9955921769142151
d_1023887.exr,right,0.9956146478652954
d_1023888.exr,wrong,0.9924437403678894
d_1023889.exr,right,0.9954642653465271
d_1023891.exr,right,0.995560884475708
d_1023892.exr,right,0.9956054091453552
d_1023893.exr,right,0.9956045150756836
d_1023894.exr,right,0.9952795505523682
d_1023896.exr,right,0.9953740239143372
d_1023897.exr,right,0.995602011680603
d_1023898.exr,right,0.9956205487251282
d_1023899.exr,right,0.9955976605415344
d_1023900.exr,right,0.9925016164779663
d_1023901.exr,right,0.9955326318740845
d_1023902.exr,right,0.99562007188797
d_1023903.exr,right,0.9940172433853149
d_1023904.exr,right,0.995635449886322
d_1023905.exr,right,0.9956264495849609
d_1023907.exr,right,0.9955724477767944
d_1023909.exr,right,0.9955340623855591
d_1023912.exr,right,0.9956283569335938
d_1023913.exr,right,0.9956236481666565
d_1023914.exr,right,0.9956302642822266
d_1023915.exr,right,0.9956218600273132
d_1023916.exr,right,0.9955659508705139
d_1023917.exr,right,0.9949799180030823
d_1023918.exr,right,0.9956272840499878
d_1023921.exr,right,0.9956283569335938
d_1023922.exr,right,0.9956279993057251
d_1023923.exr,right,0.9955951571464539
d_1023924.exr,right,0.9956299066543579
d_1023925.exr,right,0.9956057667732239
d_1023926.exr,right,0.9953327775001526
d_1023927.exr,right,0.994949460029602
d_1023928.exr,right,0.9955306649208069
d_1023929.exr,right,0.9955849647521973
d_1023931.exr,right,0.9954326152801514
d_1023932.exr,right,0.9956296682357788
d_1023935.exr,right,0.995598316192627
d_1023936.exr,right,0.9955488443374634
d_1023937.exr,right,0.9955075979232788
d_1023938.exr,right,0.9956061244010925
d_1023939.exr,right,0.9956181049346924
d_1023941.exr,right,0.9956011772155762
d_1023942.exr,right,0.9956307411193848
d_1023943.exr,right,0.9955024123191833
d_1023944.exr,right,0.9954350590705872
d_1023946.exr,right,0.9954332113265991
d_1023947.exr,right,0.9933909177780151
d_1023948.exr,right,0.9956254959106445
d_1023951.exr,wrong,0.9956120252609253
d_1023952.exr,right,0.9956015348434448
d_1023953.exr,right,0.9955872297286987
d_1023954.exr,right,0.9956187605857849
d_1023959.exr,right,0.994527280330658
d_1023960.exr,wrong,0.9878336191177368
d_1023961.exr,right,0.9954929351806641
d_1023962.exr,right,0.9956296682357788
d_1023963.exr,right,0.9943636655807495
d_1023966.exr,right,0.9955612421035767
d_1023967.exr,right,0.9956125020980835
d_1023968.exr,right,0.9956093430519104
d_1023969.exr,right,0.9956157207489014
d_1023970.exr,right,0.9472769498825073
d_1023971.exr,right,0.9955524802207947
d_1023973.exr,right,0.9955835938453674
d_1023974.exr,right,0.9956284761428833
d_1023976.exr,right,0.9954778552055359
d_1023978.exr,right,0.995606005191803
d_1023979.exr,right,0.9955832362174988
d_1023980.exr,right,0.9903588891029358
d_1023981.exr,wrong,0.9952606558799744
d_1023982.exr,wrong,0.9956676959991455
d_1023983.exr,right,0.9955173134803772
d_1023984.exr,right,0.9951289892196655
d_1023985.exr,right,0.993938684463501
d_1023986.exr,right,0.9956349730491638
d_1023988.exr,right,0.9956216216087341
d_1023990.exr,right,0.9955781102180481
d_1023991.exr,right,0.9956104159355164
d_1023992.exr,right,0.9956165552139282
d_1023994.exr,right,0.9956181049346924
d_1023995.exr,right,0.995625376701355
d_1023996.exr,wrong,0.9936487078666687
d_1023997.exr,right,0.9954324960708618
d_1023998.exr,right,0.9956150054931641
d_1023999.exr,wrong,0.9890809059143066
d_1024000.exr,right,0.9956206679344177
d_1024001.exr,right,0.9956349730491638
d_1024002.exr,right,0.9951393604278564
d_1024003.exr,right,0.9955936074256897
d_1024004.exr,right,0.9889962673187256
d_1024005.exr,right,0.9956322312355042
d_1024007.exr,wrong,0.9936495423316956
d_1024009.exr,right,0.9956203103065491
d_1024010.exr,right,0.9955488443374634
d_1024011.exr,right,0.9955931305885315
d_1024012.exr,right,0.9949754476547241
d_1024013.exr,right,0.9955887794494629
d_1024015.exr,right,0.995561957359314
d_1024016.exr,right,0.9951484799385071
d_1024018.exr,right,0.9939799308776855
d_1024019.exr,right,0.9880190491676331
d_1024020.exr,right,0.9956058859825134
d_1024021.exr,right,0.994635283946991
d_1024022.exr,right,0.9951943755149841
d_1024023.exr,right,0.994989812374115
d_1024025.exr,right,0.9956242442131042
d_1024027.exr,right,0.9955717325210571
d_1024030.exr,right,0.9955809712409973
d_1024031.exr,right,0.9955947995185852
d_1024032.exr,right,0.9954962730407715
d_1024036.exr,right,0.9956234097480774
d_1024038.exr,right,0.9956138134002686
d_1024039.exr,right,0.9955989122390747
d_1024041.exr,right,0.9956350922584534
d_1024042.exr,right,0.9956197142601013
d_1024043.exr,right,0.9955562949180603
d_1024045.exr,right,0.9952514171600342
d_1024046.exr,right,0.9955835938453674
d_1024048.exr,right,0.9956235289573669
d_1024049.exr,right,0.9956219792366028
d_1024051.exr,right,0.9925246834754944
d_1024055.exr,right,0.995624840259552
d_1024056.exr,right,0.9956217408180237
d_1024057.exr,right,0.9947068095207214
d_1024058.exr,right,0.9956238865852356
d_1024059.exr,wrong,0.9892444610595703
d_1024060.exr,right,0.9956346154212952
d_1024061.exr,right,0.994071900844574
d_1024063.exr,right,0.9955692887306213
d_1024064.exr,right,0.9950464963912964
d_1024065.exr,right,0.9956098198890686
d_1024066.exr,right,0.9955698847770691
d_1024067.exr,right,0.9954581260681152
d_1024068.exr,right,0.9956125020980835
d_1024069.exr,wrong,0.9956347346305847
d_1024073.exr,right,0.9945691823959351
d_1024074.exr,right,0.9956159591674805
d_1024075.exr,right,0.9955828785896301
d_1024076.exr,right,0.9956219792366028
d_1024078.exr,right,0.9954705238342285
d_1024080.exr,wrong,0.995614767074585
d_1024081.exr,right,0.9956274032592773
d_1024084.exr,wrong,0.9952433705329895
d_1024085.exr,right,0.995604395866394
d_1024086.exr,right,0.9952410459518433
d_1024087.exr,right,0.9949362277984619
d_1024088.exr,right,0.9956350922584534
d_1024090.exr,right,0.9937939643859863
d_1024091.exr,right,0.995509147644043
d_1024092.exr,right,0.9956315755844116
d_1024093.exr,right,0.9921663999557495
d_1024095.exr,right,0.9956262111663818
d_1024097.exr,right,0.9956055283546448
d_1024098.exr,right,0.9955642223358154
d_1024099.exr,right,0.9939085245132446
d_1024100.exr,wrong,0.995623767375946
d_1024101.exr,right,0.9956050515174866
d_1024102.exr,right,0.9956207871437073
d_1024104.exr,right,0.995521068572998
d_1024105.exr,right,0.9938371777534485
d_1024106.exr,right,0.9955998659133911
d_1024107.exr,right,0.9952760934829712
d_1024108.exr,right,0.9956146478652954
d_1024109.exr,wrong,0.9935535192489624
d_1024110.exr,wrong,0.995663583278656
d_1024114.exr,right,0.9955618381500244
d_1024115.exr,right,0.9956352114677429
d_1024116.exr,right,0.9956158399581909
d_1024117.exr,right,0.9956146478652954
d_1024119.exr,right,0.9956075549125671
d_1024120.exr,wrong,0.9946715235710144
d_1024121.exr,right,0.9956271648406982
d_1024122.exr,right,0.9956296682357788
d_1024124.exr,right,0.9954133629798889
d_1024125.exr,right,0.9956181049346924
d_1024126.exr,right,0.9956035614013672
d_1024127.exr,right,0.9956240057945251
d_1024128.exr,right,0.9956112504005432
d_1024130.exr,wrong,0.995699405670166
d_1024131.exr,right,0.9954825639724731
d_1024132.exr,right,0.9956260919570923
d_1024133.exr,wrong,0.9949281215667725
d_1024135.exr,right,0.9956263303756714
d_1024139.exr,wrong,0.9947274327278137
d_1024140.exr,wrong,0.9957053065299988
d_1024144.exr,right,0.9956112504005432
d_1024145.exr,right,0.9956385493278503
d_1024146.exr,right,0.9956178665161133
d_1024150.exr,right,0.9954689741134644
d_1024151.exr,right,0.9956289529800415
d_1024154.exr,right,0.9955978989601135
d_1024155.exr,right,0.9955465793609619
d_1024159.exr,right,0.995579183101654
d_1024160.exr,right,0.9956167936325073
d_1024162.exr,right,0.9956195950508118
d_1024163.exr,right,0.9956339001655579
d_1024164.exr,right,0.9955136179924011
d_1024166.exr,right,0.995600700378418
d_1024167.exr,right,0.9956191182136536
d_1024168.exr,right,0.9940407872200012
d_1024169.exr,right,0.995372474193573
d_1024170.exr,wrong,0.6318775415420532
d_1024171.exr,right,0.9956240057945251
d_1024174.exr,right,0.9956099390983582
d_1024175.exr,right,0.9953786134719849
d_1024176.exr,right,0.9956299066543579
d_1024178.exr,wrong,0.9955348968505859
d_1024183.exr,right,0.9951549768447876
d_1024186.exr,right,0.9956256151199341
d_1024187.exr,wrong,0.9947913885116577
d_1024188.exr,right,0.9956361651420593
d_1024189.exr,wrong,0.9613130688667297
d_1024191.exr,right,0.9940571784973145
d_1024194.exr,right,0.9955714344978333
d_1024195.exr,right,0.9952242374420166
d_1024196.exr,right,0.9956264495849609
d_1024198.exr,right,0.9956313371658325
d_1024200.exr,right,0.9955784678459167
d_1024203.exr,right,0.9955629110336304
d_1024204.exr,right,0.995629072189331
d_1024205.exr,right,0.9955195188522339
d_1024206.exr,right,0.9956262111663818
d_1024209.exr,right,0.9955242872238159
d_1024214.exr,right,0.9956322312355042
d_1024215.exr,right,0.9950888752937317
d_1024216.exr,right,0.9956305027008057
d_1024217.exr,right,0.9948194622993469
d_1024218.exr,right,0.9955734014511108
d_1024219.exr,right,0.9955958724021912
d_1024220.exr,right,0.9954138994216919
d_1024224.exr,right,0.9956295490264893
d_1024225.exr,right,0.995617151260376
d_1024226.exr,right,0.9956234097480774
d_1024227.exr,right,0.9952293634414673
d_1024228.exr,right,0.9954656958580017
d_1024229.exr,wrong,0.9950301647186279
d_1024230.exr,right,0.9955577254295349
d_1024233.exr,right,0.9956284761428833
d_1024234.exr,right,0.9956104159355164
d_1024235.exr,right,0.9954171180725098
d_1024236.exr,right,0.995629072189331
d_1024238.exr,right,0.9786092042922974
d_1024240.exr,right,0.9940544962882996
d_1024242.exr,right,0.9955013394355774
d_1024243.exr,right,0.995617151260376
d_1024244.exr,right,0.9955659508705139
d_1024245.exr,right,0.9956346154212952
d_1024246.exr,right,0.9956225752830505
d_1024247.exr,right,0.9956263303756714
d_1024249.exr,right,0.9956228137016296
d_1024250.exr,right,0.9955877065658569
d_1024251.exr,right,0.9913182258605957
d_1024252.exr,right,0.995610773563385
d_1024256.exr,right,0.9956187605857849
d_1024257.exr,right,0.9956161975860596
d_1024258.exr,right,0.9956164360046387
d_1024259.exr,right,0.9955957531929016
d_1024260.exr,right,0.995622456073761
d_1024261.exr,right,0.9915432929992676
d_1024263.exr,right,0.9955910444259644
d_1024264.exr,right,0.995631217956543
d_1024266.exr,right,0.995625376701355
d_1024267.exr,right,0.9932451844215393
d_1024268.exr,right,0.9956305027008057
d_1024269.exr,right,0.9956016540527344
d_1024270.exr,right,0.9955861568450928
d_1024271.exr,right,0.995200514793396
d_1024272.exr,wrong,0.9955199956893921
d_1024273.exr,right,0.995579183101654
d_1024275.exr,right,0.9954332113265991
d_1024276.exr,right,0.9955822825431824
d_1024277.exr,right,0.9956258535385132
d_1024278.exr,right,0.9955950379371643
d_1024279.exr,right,0.9954541921615601
d_1024280.exr,right,0.9955301880836487
d_1024281.exr,right,0.9953728318214417
d_1024282.exr,right,0.9955518841743469
d_1024283.exr,wrong,0.9952085614204407
d_1024284.exr,right,0.9955874681472778
d_1024286.exr,right,0.9955804944038391
d_1024288.exr,right,0.9954532384872437
d_1024291.exr,right,0.9956170320510864
d_1024292.exr,right,0.9955215454101562
d_1024294.exr,right,0.9956234097480774
d_1024298.exr,right,0.8913084268569946
d_1024299.exr,right,0.9955739974975586
d_1024301.exr,right,0.9956314563751221
d_1024303.exr,right,0.9879149198532104
d_1024304.exr,right,0.9956315755844116
d_1024306.exr,right,0.9950029253959656
d_1024307.exr,right,0.9955915808677673
d_1024308.exr,right,0.9955590963363647
d_1024309.exr,right,0.9956010580062866
d_1024311.exr,right,0.9934009909629822
d_1024312.exr,right,0.9955512285232544
d_1024313.exr,right,0.9956393241882324
d_1024317.exr,right,0.995590090751648
d_1024318.exr,right,0.9955904483795166
d_1024319.exr,right,0.9955611228942871
d_1024321.exr,right,0.9940499067306519
d_1024323.exr,right,0.9956278800964355
d_1024326.exr,right,0.9952396154403687
d_1024329.exr,right,0.9955958724021912
d_1024330.exr,right,0.9956238865852356
d_1024331.exr,right,0.9955887794494629
d_1024332.exr,right,0.9955990314483643
d_1024333.exr,right,0.9955540299415588
d_1024335.exr,right,0.9956339001655579
d_1024337.exr,right,0.971091628074646
d_1024338.exr,right,0.9955315589904785
d_1024340.exr,right,0.9954956769943237
d_1024341.exr,right,0.9956319332122803
d_1024344.exr,wrong,0.9939975738525391
d_1024345.exr,right,0.9956032037734985
d_1024346.exr,right,0.9955828785896301
d_1024347.exr,right,0.9955346584320068
d_1024349.exr,right,0.9955880641937256
d_1024350.exr,right,0.9956132173538208
d_1024351.exr,right,0.995497465133667
d_1024352.exr,right,0.9956219792366028
d_1024353.exr,right,0.9955949187278748
d_1024354.exr,right,0.9956170320510864
d_1024355.exr,right,0.9956289529800415
d_1024356.exr,right,0.9955663084983826
d_1024358.exr,right,0.9956359267234802
d_1024359.exr,right,0.9956313371658325
d_1024360.exr,right,0.9956217408180237
d_1024362.exr,wrong,0.9954233765602112
d_1024363.exr,right,0.9956151247024536
d_1024364.exr,right,0.9955768585205078
d_1024365.exr,right,0.9931098222732544
d_1024368.exr,right,0.9956150054931641
d_1024370.exr,right,0.9956193566322327
d_1024371.exr,right,0.9954754710197449
d_1024372.exr,right,0.9955999851226807
d_1024373.exr,wrong,0.9948937892913818
d_1024374.exr,right,0.9956058859825134
d_1024376.exr,right,0.9956295490264893
d_1024377.exr,right,0.995630145072937
d_1024380.exr,right,0.9899576306343079
d_1024381.exr,right,0.9954410791397095
d_1024383.exr,right,0.9953007698059082
d_1024385.exr,right,0.9956203103065491
d_1024386.exr,right,0.9955957531929016
d_1024387.exr,wrong,0.995451033115387
d_1024388.exr,right,0.9956241250038147
d_1024394.exr,right,0.9956061244010925
d_1024396.exr,right,0.9956318140029907
d_1024399.exr,right,0.9952943921089172
d_1024400.exr,right,0.9956230521202087
d_1024401.exr,right,0.9956258535385132
d_1024403.exr,right,0.995597779750824
d_1024404.exr,wrong,0.974847674369812
d_1024405.exr,right,0.9954985976219177
d_1024406.exr,right,0.9955779314041138
d_1024407.exr,right,0.995614767074585
d_1024408.exr,wrong,0.9938384890556335
d_1024410.exr,right,0.995593249797821
d_1024412.exr,right,0.9954883456230164
d_1024414.exr,right,0.9955607652664185
d_1024416.exr,right,0.9954480528831482
d_1024417.exr,right,0.991936445236206
d_1024418.exr,right,0.9956364035606384
d_1024419.exr,right,0.9956223368644714
d_1024420.exr,right,0.9955852031707764
d_1024424.exr,right,0.9951636791229248
d_1024426.exr,right,0.9947682619094849
d_1024427.exr,right,0.9954647421836853
d_1024428.exr,right,0.9956310987472534
d_1024430.exr,right,0.9955886602401733
d_1024431.exr,right,0.9955800175666809
d_1024432.exr,right,0.9956095814704895
d_1024437.exr,right,0.9955753087997437
d_1024438.exr,right,0.995573878288269
d_1024440.exr,right,0.9956335425376892
d_1024441.exr,right,0.9956036806106567
d_1024443.exr,right,0.995629072189331
d_1024446.exr,right,0.9956095814704895
d_1024447.exr,right,0.9950619339942932
d_1024448.exr,right,0.9954047203063965
d_1024449.exr,wrong,0.9933564066886902
d_1024450.exr,right,0.992067813873291
d_1024454.exr,right,0.9956283569335938
d_1024455.exr,right,0.9956178665161133
d_1024456.exr,right,0.9955750703811646
d_1024457.exr,wrong,0.9951483607292175
d_1024458.exr,right,0.9955938458442688
d_1024459.exr,right,0.995618462562561
d_1024461.exr,right,0.9955582618713379
d_1024463.exr,right,0.9956035614013672
d_1024464.exr,right,0.9956306219100952
d_1024465.exr,right,0.9879261255264282
d_1024466.exr,right,0.9955089092254639
d_1024468.exr,wrong,0.9949015378952026
d_1024470.exr,right,0.9956024885177612
d_1024472.exr,wrong,0.9953567385673523
d_1024473.exr,right,0.9956316947937012
d_1024476.exr,right,0.9955998659133911
d_1024477.exr,wrong,0.9427881240844727
d_1024478.exr,right,0.9956209063529968
d_1024479.exr,right,0.9955515265464783
d_1024480.exr,right,0.995610773563385
d_1024481.exr,right,0.9956022500991821
d_1024482.exr,right,0.9956152439117432
d_1024483.exr,right,0.9956217408180237
d_1024487.exr,right,0.9952983260154724
d_1024488.exr,right,0.9956284761428833
d_1024490.exr,wrong,0.9931297898292542
d_1024491.exr,right,0.9954330921173096
d_1024492.exr,right,0.9955798983573914
d_1024493.exr,right,0.994286835193634
d_1024494.exr,wrong,0.9917565584182739
d_1024495.exr,right,0.9955931305885315
d_1024496.exr,right,0.9956033229827881
d_1024498.exr,right,0.9956313371658325
d_1024499.exr,right,0.9955161213874817
d_1024500.exr,right,0.995452344417572
d_1024501.exr,right,0.9956198334693909
d_1024502.exr,wrong,0.995226263999939
d_1024503.exr,right,0.9956042766571045
d_1024504.exr,right,0.995624840259552
d_1024505.exr,wrong,0.9945868253707886
d_1024506.exr,right,0.9956033229827881
d_1024507.exr,right,0.9956258535385132
d_1024508.exr,wrong,0.9919812679290771
d_1024509.exr,right,0.984767496585846
d_1024510.exr,right,0.9953987002372742
d_1024512.exr,right,0.9956308603286743
d_1024513.exr,right,0.9956263303756714
d_1024514.exr,wrong,0.9944764971733093
d_1024515.exr,right,0.9956367611885071
d_1024516.exr,right,0.995557963848114
d_1024517.exr,right,0.9956088662147522
d_1024518.exr,wrong,0.967250406742096
d_1024519.exr,right,0.9956185221672058
d_1024520.exr,right,0.9953417778015137
d_1024522.exr,right,0.9956241250038147
d_1024523.exr,right,0.9956142902374268
d_1024525.exr,wrong,0.9956879019737244
d_1024527.exr,right,0.9956231713294983
d_1024529.exr,right,0.9956309795379639
d_1024530.exr,right,0.99561607837677
d_1024533.exr,right,0.9956241250038147
d_1024538.exr,right,0.9955487251281738
d_1024539.exr,wrong,0.9947853684425354
d_1024540.exr,wrong,0.9955161213874817
d_1024541.exr,right,0.9956242442131042
d_1024542.exr,right,0.9952823519706726
d_1024543.exr,right,0.9955843091011047
d_1024544.exr,right,0.9955451488494873
d_1024545.exr,right,0.9956085085868835
d_1024547.exr,right,0.9956170320510864
d_1024548.exr,right,0.9956334233283997
d_1024549.exr,right,0.9951831698417664
d_1024550.exr,right,0.9956293106079102
d_1024551.exr,right,0.9954971075057983
d_1024553.exr,right,0.9956009387969971
d_1024556.exr,wrong,0.7447813153266907
d_1024557.exr,right,0.9951043128967285
d_1024559.exr,right,0.9956308603286743
d_1024560.exr,right,0.9954406023025513
d_1024563.exr,wrong,0.9956936836242676
d_1024564.exr,right,0.95546954870224
d_1024567.exr,right,0.9956321120262146
d_1024568.exr,right,0.9956179857254028
d_1024569.exr,right,0.9955822825431824
d_1024570.exr,right,0.9952640533447266
d_1024572.exr,right,0.9956102967262268
d_1024574.exr,right,0.9955652356147766
d_1024575.exr,right,0.9952040910720825
d_1024576.exr,right,0.9956159591674805
d_1024577.exr,right,0.9956204295158386
d_1024578.exr,right,0.9941154718399048
d_1024579.exr,wrong,0.995022177696228
d_1024581.exr,right,0.994065523147583
d_1024582.exr,right,0.9955558180809021
d_1024583.exr,right,0.9956055283546448
d_1024584.exr,right,0.9956294298171997
d_1024585.exr,right,0.9956278800964355
d_1024586.exr,right,0.9956405162811279
d_1024588.exr,right,0.9955797791481018
d_1024589.exr,right,0.9956322312355042
d_1024592.exr,right,0.9956104159355164
d_1024593.exr,right,0.9942715167999268
d_1024594.exr,right,0.9956238865852356
d_1024595.exr,right,0.9955843091011047
d_1024596.exr,wrong,0.5146070122718811
d_1024601.exr,right,0.9956039190292358
d_1024602.exr,right,0.9956150054931641
d_1024603.exr,right,0.9956012964248657
d_1024605.exr,right,0.9955422282218933
d_1024606.exr,right,0.995595395565033
d_1024607.exr,right,0.9956034421920776
d_1024608.exr,right,0.9955806136131287
d_1024609.exr,right,0.9952641725540161
d_1024610.exr,right,0.995618462562561
d_1024611.exr,right,0.9955975413322449
d_1024612.exr,right,0.9956230521202087
d_1024613.exr,wrong,0.9956472516059875
d_1024614.exr,right,0.9948758482933044
d_1024615.exr,right,0.9956229329109192
d_1024616.exr,right,0.9956228137016296
d_1024619.exr,right,0.9956231713294983
d_1024621.exr,right,0.9956075549125671
d_1024622.exr,right,0.995254635810852
d_1024623.exr,right,0.9956316947937012
d_1024624.exr,right,0.9956220984458923
d_1024625.exr,right,0.9956089854240417
d_1024628.exr,right,0.9953357577323914
d_1024629.exr,right,0.9955500364303589
d_1024630.exr,right,0.9955883026123047
d_1024631.exr,right,0.9956216216087341
d_1024632.exr,right,0.9956223368644714
d_1024633.exr,right,0.9896064400672913
d_1024634.exr,right,0.9956033229827881
d_1024635.exr,right,0.9956192374229431
d_1024637.exr,right,0.9955659508705139
d_1024638.exr,right,0.9956169128417969
d_1024639.exr,right,0.9955838322639465
d_1024640.exr,right,0.9956308603286743
d_1024641.exr,right,0.988131046295166
d_1024642.exr,right,0.9956108927726746
d_1024645.exr,right,0.9944033622741699
d_1024646.exr,right,0.9933340549468994
d_1024647.exr,right,0.9955507516860962
d_1024650.exr,right,0.9955942034721375
d_1024651.exr,right,0.9955045580863953
d_1024653.exr,right,0.9956384301185608
d_1024654.exr,right,0.9955678582191467
d_1024655.exr,right,0.9956135749816895
d_1024656.exr,right,0.9956108927726746
d_1024657.exr,right,0.9956101775169373
d_1024658.exr,right,0.9956327080726624
d_1024659.exr,right,0.9955669045448303
d_1024660.exr,right,0.9955897331237793
d_1024663.exr,wrong,0.9936157464981079
d_1024664.exr,right,0.9956360459327698
d_1024665.exr,right,0.9956223368644714
d_1024667.exr,right,0.9956384301185608
d_1024668.exr,right,0.9895260334014893
d_1024671.exr,right,0.9954043626785278
d_1024672.exr,wrong,0.9956462979316711
d_1024673.exr,right,0.9956265687942505
d_1024674.exr,right,0.9955922961235046
d_1024675.exr,right,0.9949575066566467
d_1024676.exr,right,0.9956293106079102
d_1024677.exr,right,0.9955626726150513
d_1024678.exr,right,0.9956001043319702
d_1024679.exr,right,0.9952554106712341
d_1024680.exr,wrong,0.9953666925430298
d_1024681.exr,wrong,0.9956724643707275
d_1024682.exr,right,0.9955970644950867
d_1024683.exr,right,0.9956086277961731
d_1024685.exr,right,0.9956039190292358
d_1024686.exr,right,0.9955800175666809
d_1024687.exr,right,0.9955156445503235
d_1024689.exr,right,0.9917473793029785
d_1024690.exr,right,0.9955547451972961
d_1024692.exr,wrong,0.9945026636123657
d_1024693.exr,right,0.9956135749816895
d_1024694.exr,right,0.9956014156341553
d_1024696.exr,right,0.9955768585205078
d_1024697.exr,right,0.9937593936920166
d_1024698.exr,right,0.9956117272377014
d_1024700.exr,right,0.9955951571464539
d_1024702.exr,right,0.9956081509590149
d_1024703.exr,right,0.9956145286560059
d_1024705.exr,right,0.9941304326057434
d_1024706.exr,wrong,0.9933282136917114
d_1024708.exr,right,0.9956236481666565
d_1024709.exr,right,0.9955902099609375
d_1024710.exr,right,0.9948208332061768
d_1024711.exr,right,0.9956018924713135
d_1024712.exr,right,0.9956254959106445
d_1024713.exr,wrong,0.9836127758026123
d_1024714.exr,right,0.9956211447715759
d_1024716.exr,right,0.9955931305885315
d_1024717.exr,wrong,0.9934502840042114
d_1024718.exr,right,0.9955528378486633
d_1024719.exr,wrong,0.9952032566070557
d_1024720.exr,right,0.9956199526786804
d_1024721.exr,right,0.9956287145614624
d_1024722.exr,right,0.9956125020980835
d_1024723.exr,right,0.9949700236320496
d_1024724.exr,right,0.9954892992973328
d_1024725.exr,wrong,0.9926887154579163
d_1024726.exr,right,0.995591938495636
d_1024727.exr,wrong,0.9950717091560364
d_1024730.exr,right,0.9955978989601135
d_1024731.exr,right,0.9955822825431824
d_1024732.exr,right,0.9955766201019287
d_1024733.exr,right,0.995596706867218
d_1024734.exr,wrong,0.9954711198806763
d_1024735.exr,right,0.9956120252609253
d_1024736.exr,right,0.9956198334693909
d_1024738.exr,right,0.9955340623855591
d_1024739.exr,wrong,0.9953561425209045
d_1024740.exr,wrong,0.994844913482666
d_1024741.exr,right,0.9956077933311462
d_1024744.exr,right,0.995547890663147
d_1024745.exr,right,0.9956156015396118
d_1024746.exr,right,0.9956278800964355
d_1024747.exr,right,0.9939010143280029
d_1024748.exr,right,0.9955630302429199
d_1024749.exr,wrong,0.9941015839576721
d_1024750.exr,right,0.9956313371658325
d_1024755.exr,right,0.9955710768699646
d_1024756.exr,right,0.9956207871437073
d_1024760.exr,right,0.9954521059989929
d_1024761.exr,right,0.9951253533363342
d_1024763.exr,right,0.9951183795928955
d_1024764.exr,right,0.9956223368644714
d_1024766.exr,right,0.9922804832458496
d_1024767.exr,right,0.9955987930297852
d_1024768.exr,right,0.9956191182136536
d_1024770.exr,right,0.9955834746360779
d_1024771.exr,right,0.9956318140029907
d_1024773.exr,right,0.9956201910972595
d_1024774.exr,right,0.9952880144119263
d_1024775.exr,wrong,0.9953612685203552
d_1024776.exr,right,0.9956102967262268
d_1024782.exr,right,0.9951884746551514
d_1024783.exr,wrong,0.9956609606742859
d_1024785.exr,wrong,0.8295555114746094
d_1024787.exr,right,0.9949684739112854
d_1024788.exr,right,0.9860543608665466
d_1024789.exr,right,0.9956302642822266
d_1024790.exr,right,0.9956278800964355
d_1024791.exr,right,0.9945125579833984
d_1024792.exr,right,0.9954590797424316
d_1024793.exr,right,0.9956039190292358
d_1024794.exr,right,0.9944615364074707
d_1024797.exr,right,0.9953653812408447
d_1024798.exr,right,0.995630145072937
d_1024799.exr,right,0.9955854415893555
d_1024800.exr,right,0.9952474236488342
d_1024801.exr,wrong,0.7889689207077026
d_1024803.exr,right,0.9955933690071106
d_1024805.exr,right,0.9956112504005432
d_1024806.exr,right,0.9955896139144897
d_1024807.exr,right,0.9955211877822876
d_1024809.exr,right,0.9956002235412598
d_1024810.exr,right,0.9950203895568848
d_1024813.exr,right,0.9938876032829285
d_1024816.exr,right,0.9956002235412598
d_1024818.exr,right,0.9955931305885315
d_1024819.exr,right,0.9954888224601746
d_1024820.exr,wrong,0.9954414367675781
d_1024821.exr,right,0.9955547451972961
d_1024822.exr,wrong,0.9940482378005981
d_1024826.exr,right,0.9956191182136536
d_1024828.exr,right,0.9954872727394104
d_1024830.exr,right,0.995603084564209
d_1024831.exr,wrong,0.9948239326477051
d_1024832.exr,right,0.9942474365234375
d_1024838.exr,right,0.9956058859825134
d_1024839.exr,right,0.9956205487251282
d_1024840.exr,right,0.9956015348434448
d_1024841.exr,wrong,0.9953761100769043
d_1024845.exr,right,0.990619421005249
d_1024848.exr,right,0.9956077933311462
d_1024851.exr,wrong,0.9949076771736145
d_1024852.exr,right,0.9952482581138611
d_1024853.exr,right,0.9955981373786926
d_1024854.exr,wrong,0.9946644306182861
d_1024855.exr,right,0.9956384301185608
d_1024856.exr,right,0.9955188035964966
d_1024857.exr,right,0.9956033229827881
d_1024858.exr,right,0.9955737590789795
d_1024859.exr,wrong,0.9462210536003113
d_1024860.exr,right,0.9956276416778564
d_1024861.exr,right,0.9956337809562683
d_1024862.exr,right,0.9954645037651062
d_1024863.exr,wrong,0.994195282459259
d_1024865.exr,right,0.9955997467041016
d_1024866.exr,right,0.9955987930297852
d_1024868.exr,wrong,0.9950776696205139
d_1024870.exr,right,0.9956305027008057
d_1024871.exr,right,0.9956130981445312
d_1024872.exr,right,0.9956145286560059
d_1024873.exr,right,0.9956177473068237
d_1024874.exr,right,0.9956303834915161
d_1024877.exr,right,0.9956367611885071
d_1024880.exr,right,0.9956023693084717
d_1024882.exr,right,0.9956210255622864
d_1024883.exr,right,0.9955856800079346
d_1024885.exr,right,0.9955269694328308
d_1024886.exr,wrong,0.9950219392776489
d_1024887.exr,right,0.9955841898918152
d_1024888.exr,right,0.9956307411193848
d_1024889.exr,right,0.995614767074585
d_1024890.exr,right,0.99561607837677
d_1024891.exr,right,0.9955730438232422
d_1024892.exr,right,0.9953083395957947
d_1024893.exr,right,0.9956246018409729
d_1024894.exr,right,0.9763438701629639
d_1024895.exr,right,0.9956110119819641
d_1024896.exr,right,0.9949820637702942
d_1024898.exr,right,0.9956305027008057
d_1024899.exr,right,0.9569608569145203
d_1024900.exr,right,0.9955059289932251
d_1024901.exr,right,0.9956187605857849
d_1024902.exr,wrong,0.9671276807785034
d_1024903.exr,right,0.9956295490264893
d_1024904.exr,right,0.9956132173538208
d_1024906.exr,right,0.995614767074585
d_1024907.exr,right,0.9956259727478027
d_1024908.exr,right,0.9955062866210938
d_1024909.exr,right,0.992283046245575
d_1024910.exr,right,0.9955530762672424
d_1024911.exr,right,0.9956002235412598
d_1024912.exr,wrong,0.9954469799995422
d_1024913.exr,right,0.9956218600273132
d_1024915.exr,right,0.9956219792366028
d_1024916.exr,right,0.9956296682357788
d_1024917.exr,right,0.9955520033836365
d_1024918.exr,right,0.9954664707183838
d_1024919.exr,right,0.9955466985702515
d_1024920.exr,right,0.9955026507377625
d_1024921.exr,right,0.995452344417572
d_1024923.exr,right,0.9956335425376892
d_1024924.exr,right,0.9956220984458923
d_1024925.exr,right,0.9956212639808655
d_1024926.exr,right,0.9955995082855225
d_1024928.exr,right,0.9956099390983582
d_1024929.exr,right,0.9956186413764954
d_1024930.exr,wrong,0.9912466406822205
d_1024931.exr,right,0.9955447316169739
d_1024933.exr,right,0.9956278800964355
d_1024934.exr,right,0.9956262111663818
d_1024936.exr,right,0.9955300688743591
d_1024937.exr,right,0.9956350922584534
d_1024940.exr,right,0.9956217408180237
d_1024942.exr,right,0.9955997467041016
d_1024943.exr,right,0.9956254959106445
d_1024945.exr,right,0.9956251978874207
d_1024946.exr,right,0.9956336617469788
d_1024947.exr,wrong,0.9809577465057373
d_1024948.exr,right,0.9956285953521729
d_1024949.exr,right,0.9955744743347168
d_1024951.exr,right,0.9572217464447021
d_1024952.exr,right,0.9956303834915161
d_1024954.exr,right,0.995568573474884
d_1024955.exr,right,0.9956242442131042
d_1024956.exr,right,0.9955631494522095
d_1024958.exr,right,0.995598316192627
d_1024959.exr,right,0.9956210255622864
d_1024961.exr,right,0.9956284761428833
d_1024963.exr,right,0.9955419898033142
d_1024964.exr,right,0.9956140518188477
d_1024966.exr,right,0.9955183267593384
d_1024967.exr,right,0.9956269264221191
d_1024968.exr,right,0.9405021667480469
d_1024969.exr,right,0.9955130219459534
d_1024970.exr,right,0.9956307411193848
d_1024971.exr,wrong,0.9957242012023926
d_1024972.exr,right,0.9954192638397217
d_1024973.exr,right,0.9955888986587524
d_1024974.exr,right,0.9955843091011047
d_1024975.exr,right,0.9954366087913513
d_1024977.exr,right,0.9956039190292358
d_1024978.exr,right,0.9955126643180847
d_1024979.exr,right,0.9955844283103943
d_1024981.exr,right,0.9948596954345703
d_1024982.exr,right,0.9956170320510864
d_1024984.exr,right,0.9826968908309937
d_1024985.exr,right,0.9956296682357788
d_1024986.exr,right,0.9956342577934265
d_1024987.exr,right,0.9956219792366028
d_1024989.exr,right,0.9946962594985962
d_1024990.exr,right,0.9956085085868835
d_1024996.exr,right,0.9950211048126221
d_1024997.exr,right,0.9952059388160706
d_1024998.exr,wrong,0.995725154876709
d_1024999.exr,right,0.9954779744148254
d_1025000.exr,right,0.9952021837234497
d_1025001.exr,right,0.987119197845459
d_1025003.exr,wrong,0.9943419694900513
d_1025004.exr,right,0.9956343770027161
d_1025005.exr,right,0.9950108528137207
d_1025008.exr,right,0.9955698847770691
d_1025010.exr,right,0.9956307411193848
d_1025011.exr,right,0.9956022500991821
d_1025014.exr,right,0.9955161213874817
d_1025015.exr,right,0.9956085085868835
d_1025016.exr,right,0.9935996532440186
d_1025017.exr,right,0.9954615235328674
d_1025018.exr,wrong,0.994848370552063
d_1025020.exr,right,0.995612382888794
d_1025021.exr,right,0.995591938495636
d_1025022.exr,right,0.9955604076385498
d_1025023.exr,right,0.995589017868042
d_1025024.exr,right,0.9956135749816895
d_1025028.exr,wrong,0.9919712543487549
d_1025030.exr,right,0.995608389377594
d_1025032.exr,wrong,0.9949016571044922
d_1025034.exr,right,0.9956029653549194
d_1025037.exr,right,0.9954185485839844
d_1025038.exr,right,0.99562007188797
d_1025039.exr,wrong,0.9820660948753357
d_1025040.exr,right,0.992655873298645
d_1025041.exr,wrong,0.9917250871658325
d_1025044.exr,right,0.9955951571464539
d_1025045.exr,right,0.9951670169830322
d_1025047.exr,right,0.9954665899276733
d_1025048.exr,right,0.9955785870552063
d_1025049.exr,right,0.9943061470985413
d_1025050.exr,right,0.9956119060516357
d_1025051.exr,right,0.9955978989601135
d_1025052.exr,right,0.9956158399581909
d_1025053.exr,wrong,0.9955984354019165
d_1025055.exr,right,0.9956220984458923
d_1025056.exr,right,0.9956310987472534
d_1025057.exr,right,0.9955199956893921
d_1025058.exr,right,0.9956206679344177
d_1025059.exr,right,0.9956297874450684
d_1025060.exr,right,0.9956201910972595
d_1025062.exr,right,0.9955626726150513
d_1025064.exr,right,0.9956054091453552
d_1025065.exr,right,0.9956145286560059
d_1025068.exr,wrong,0.9943524599075317
d_1025069.exr,right,0.9956299066543579
d_1025071.exr,right,0.9956270456314087
d_1025072.exr,right,0.9956086277961731
d_1025073.exr,right,0.99314284324646
d_1025077.exr,right,0.9956300258636475
d_1025078.exr,right,0.9955590963363647
d_1025079.exr,right,0.995595395565033
d_1025081.exr,right,0.9956016540527344
d_1025082.exr,right,0.9955046772956848
d_1025083.exr,right,0.9884420037269592
d_1025084.exr,right,0.995621383190155
d_1025086.exr,right,0.9956046342849731
d_1025089.exr,right,0.9955999851226807
d_1025090.exr,right,0.995126485824585
d_1025093.exr,wrong,0.9955322742462158
d_1025095.exr,right,0.9945198893547058
d_1025096.exr,right,0.995448648929596
d_1025097.exr,right,0.9956054091453552
d_1025098.exr,right,0.9955565333366394
d_1025102.exr,right,0.995197594165802
d_1025103.exr,right,0.9954202771186829
d_1025104.exr,right,0.9956287145614624
d_1025105.exr,right,0.9956212639808655
d_1025106.exr,right,0.9956139326095581
d_1025107.exr,right,0.9956350922584534
d_1025108.exr,wrong,0.9936490654945374
d_1025109.exr,right,0.9956158399581909
d_1025111.exr,right,0.992308497428894
d_1025112.exr,right,0.9956172704696655
d_1025113.exr,right,0.9950904846191406
d_1025115.exr,right,0.9956037998199463
d_1025116.exr,right,0.9956308603286743
d_1025117.exr,right,0.9956270456314087
d_1025118.exr,right,0.9956191182136536
d_1025120.exr,right,0.995613694190979
d_1025121.exr,right,0.9956307411193848
d_1025123.exr,right,0.995612382888794
d_1025124.exr,right,0.9904878735542297
d_1025125.exr,right,0.9956321120262146
d_1025126.exr,right,0.995593249797821
d_1025128.exr,right,0.9955405592918396
d_1025129.exr,right,0.995637834072113
d_1025130.exr,right,0.9956307411193848
d_1025132.exr,right,0.9956236481666565
d_1025133.exr,right,0.9956158399581909
d_1025134.exr,right,0.9941264390945435
d_1025135.exr,right,0.9956371188163757
d_1025137.exr,right,0.9956176280975342
d_1025142.exr,right,0.9956070780754089
d_1025143.exr,right,0.9956283569335938
d_1025144.exr,wrong,0.994047999382019
d_1025146.exr,wrong,0.993468165397644
d_1025147.exr,right,0.9956161975860596
d_1025151.exr,right,0.9954694509506226
d_1025152.exr,right,0.995622456073761
d_1025153.exr,right,0.9949923157691956
d_1025154.exr,right,0.9955971837043762
d_1025155.exr,wrong,0.9942235350608826
d_1025156.exr,right,0.9956170320510864
d_1025160.exr,right,0.9956198334693909
d_1025161.exr,right,0.9956026077270508
d_1025162.exr,right,0.9955881834030151
d_1025163.exr,right,0.9913544058799744
d_1025164.exr,right,0.9956100583076477
d_1025165.exr,right,0.9956015348434448
d_1025166.exr,right,0.9956082701683044
d_1025167.exr,right,0.9955922961235046
d_1025168.exr,right,0.9956164360046387
d_1025170.exr,right,0.9956291913986206
d_1025173.exr,right,0.99561607837677
d_1025174.exr,wrong,0.9933678507804871
d_1025176.exr,wrong,0.9953930377960205
d_1025177.exr,right,0.9956367611885071
d_1025178.exr,right,0.995614767074585
d_1025179.exr,right,0.9956276416778564
d_1025181.exr,right,0.9956259727478027
d_1025182.exr,right,0.9956089854240417
d_1025184.exr,wrong,0.9929978847503662
d_1025185.exr,right,0.9956156015396118
d_1025186.exr,right,0.9956226944923401
d_1025187.exr,right,0.995628833770752
d_1025188.exr,right,0.9955934882164001
d_1025189.exr,right,0.9955915212631226
d_1025191.exr,wrong,0.993898868560791
d_1025194.exr,wrong,0.9948046803474426
d_1025195.exr,right,0.9955952763557434
d_1025196.exr,right,0.9951981902122498
d_1025197.exr,right,0.9956005811691284
d_1025198.exr,right,0.9956305027008057
d_1025200.exr,right,0.9956179857254028
d_1025201.exr,right,0.9955714344978333
d_1025204.exr,right,0.9954820871353149
d_1025205.exr,wrong,0.9955433011054993
d_1025207.exr,right,0.995614767074585
d_1025209.exr,right,0.9955436587333679
d_1025210.exr,right,0.9955716133117676
d_1025211.exr,right,0.9956094622612
d_1025212.exr,right,0.9932896494865417
d_1025215.exr,right,0.9956011772155762
d_1025216.exr,right,0.9956355690956116
d_1025218.exr,right,0.995608389377594
d_1025221.exr,right,0.9956336617469788
d_1025222.exr,right,0.9956037998199463
d_1025223.exr,right,0.995603084564209
d_1025225.exr,right,0.9956075549125671
d_1025227.exr,right,0.9955611228942871
d_1025228.exr,right,0.9956074357032776
d_1025230.exr,right,0.9928792119026184
d_1025232.exr,wrong,0.9952793121337891
d_1025233.exr,right,0.9956150054931641
d_1025234.exr,wrong,0.9882270693778992
d_1025235.exr,right,0.9956132173538208
d_1025236.exr,right,0.9954771399497986
d_1025237.exr,right,0.9956240057945251
d_1025238.exr,right,0.9955085515975952
d_1025239.exr,right,0.995558500289917
d_1025240.exr,wrong,0.9954854846000671
d_1025241.exr,right,0.9956340193748474
d_1025242.exr,right,0.9953025579452515
d_1025243.exr,right,0.9956023693084717
d_1025246.exr,right,0.9956243634223938
d_1025247.exr,right,0.9956105351448059
d_1025248.exr,right,0.9955845475196838
d_1025255.exr,wrong,0.9955433011054993
d_1025257.exr,wrong,0.9957245588302612
d_1025259.exr,right,0.9956411123275757
d_1025261.exr,wrong,0.9956668615341187
d_1025263.exr,right,0.9956319332122803
d_1025265.exr,right,0.99562007188797
d_1025266.exr,right,0.9956207871437073
d_1025267.exr,right,0.9956105351448059
d_1025268.exr,right,0.9956112504005432
d_1025270.exr,right,0.9898855686187744
d_1025274.exr,right,0.994063675403595
d_1025275.exr,right,0.9954723119735718
d_1025277.exr,right,0.9956279993057251
d_1025278.exr,right,0.995593249797821
d_1025279.exr,right,0.9955794215202332
d_1025280.exr,right,0.9955515265464783
d_1025281.exr,right,0.9956164360046387
d_1025282.exr,right,0.995623767375946
d_1025283.exr,right,0.9955447316169739
d_1025284.exr,right,0.9956318140029907
d_1025285.exr,right,0.995618462562561
d_1025286.exr,right,0.9954898953437805
d_1025287.exr,right,0.9955897331237793
d_1025288.exr,right,0.9956100583076477
d_1025290.exr,right,0.9951347708702087
d_1025291.exr,right,0.9956035614013672
d_1025293.exr,wrong,0.9938250780105591
d_1025294.exr,right,0.9956279993057251
d_1025296.exr,right,0.9956122636795044
d_1025297.exr,wrong,0.9035981893539429
d_1025300.exr,right,0.9956373572349548
d_1025301.exr,right,0.9955673813819885
d_1025302.exr,right,0.9956232905387878
d_1025305.exr,right,0.9955688118934631
d_1025306.exr,right,0.9956279993057251
d_1025309.exr,right,0.9943002462387085
d_1025311.exr,right,0.9955357313156128
d_1025312.exr,right,0.9955976605415344
d_1025313.exr,right,0.9956076741218567
d_1025314.exr,right,0.9956089854240417
d_1025315.exr,right,0.9955644607543945
d_1025316.exr,wrong,0.9666343927383423
d_1025317.exr,right,0.9956113696098328
d_1025318.exr,right,0.9955853223800659
d_1025319.exr,right,0.8830747604370117
d_1025320.exr,right,0.9956150054931641
d_1025321.exr,right,0.9952143430709839
d_1025322.exr,right,0.9951850771903992
d_1025323.exr,right,0.9956226944923401
d_1025324.exr,right,0.9955170750617981
d_1025325.exr,wrong,0.9954100251197815
d_1025326.exr,wrong,0.9902839064598083
d_1025329.exr,right,0.9956117868423462
d_1025330.exr,right,0.9955446124076843
d_1025331.exr,right,0.9956296682357788
d_1025332.exr,right,0.995610773563385
d_1025334.exr,right,0.9956198334693909
d_1025335.exr,wrong,0.995305061340332
d_1025336.exr,right,0.9956018924713135
d_1025338.exr,right,0.9956344962120056
d_1025340.exr,right,0.9856939911842346
d_1025341.exr,right,0.9956159591674805
d_1025342.exr,wrong,0.9943471550941467
d_1025343.exr,right,0.9956015348434448
d_1025344.exr,right,0.9955305457115173
d_1025346.exr,right,0.9954860806465149
d_1025347.exr,right,0.9954068660736084
d_1025349.exr,right,0.9953535795211792
d_1025350.exr,right,0.9956218600273132
d_1025352.exr,right,0.9956081509590149
d_1025353.exr,right,0.9955839514732361
d_1025354.exr,right,0.9956094622612
d_1025356.exr,right,0.9956074357032776
d_1025357.exr,right,0.9956275224685669
d_1025358.exr,right,0.9882187843322754
d_1025359.exr,right,0.9955961108207703
d_1025361.exr,right,0.9955905675888062
d_1025362.exr,wrong,0.9952337145805359
d_1025364.exr,right,0.9955754280090332
d_1025365.exr,right,0.995186984539032
d_1025368.exr,right,0.9956353306770325
d_1025369.exr,right,0.9926006197929382
d_1025370.exr,right,0.9956130981445312
d_1025371.exr,right,0.9954602122306824
d_1025372.exr,right,0.9955920577049255
d_1025375.exr,right,0.9955456256866455
d_1025377.exr,right,0.9956133365631104
d_1025378.exr,right,0.9956050515174866
d_1025381.exr,wrong,0.9950821399688721
d_1025382.exr,right,0.9956032037734985
d_1025383.exr,right,0.9955873489379883
d_1025384.exr,right,0.9945074915885925
d_1025385.exr,wrong,0.9470000863075256
d_1025388.exr,right,0.995591402053833
d_1025389.exr,wrong,0.9860484600067139
d_1025391.exr,right,0.9956207871437073
d_1025392.exr,wrong,0.9869185090065002
d_1025393.exr,right,0.9880256056785583
d_1025396.exr,right,0.9956195950508118
d_1025397.exr,right,0.9955995082855225
d_1025398.exr,wrong,0.96535325050354
d_1025399.exr,right,0.9955258965492249
d_1025400.exr,right,0.9956081509590149
d_1025401.exr,right,0.9955215454101562
d_1025404.exr,right,0.9956205487251282
d_1025405.exr,right,0.9955357313156128
d_1025407.exr,right,0.9956075549125671
d_1025409.exr,right,0.9952479004859924
d_1025411.exr,right,0.9695646166801453
d_1025412.exr,right,0.99562668800354
d_1025415.exr,wrong,0.9951199293136597
d_1025416.exr,right,0.9953032732009888
d_1025417.exr,right,0.9954915642738342
d_1025419.exr,right,0.9955537915229797
d_1025420.exr,right,0.9956036806106567
d_1025422.exr,right,0.9956254959106445
d_1025423.exr,right,0.995593249797821
d_1025425.exr,right,0.9956087470054626
d_1025426.exr,wrong,0.9941233992576599
d_1025429.exr,right,0.9956148862838745
d_1025433.exr,right,0.9956203103065491
d_1025434.exr,right,0.9956106543540955
d_1025436.exr,wrong,0.9947735667228699
d_1025437.exr,right,0.9932589530944824
d_1025439.exr,right,0.9956122636795044
d_1025440.exr,right,0.9956313371658325
d_1025441.exr,right,0.9956167936325073
d_1025442.exr,right,0.8728683590888977
d_1025443.exr,right,0.9955847859382629
d_1025445.exr,right,0.9955888986587524
d_1025447.exr,right,0.9953504800796509
d_1025448.exr,right,0.9955797791481018
d_1025449.exr,wrong,0.8788565993309021
d_1025450.exr,right,0.9955933690071106
d_1025451.exr,right,0.9956271648406982
d_1025452.exr,right,0.9956393241882324
d_1025453.exr,right,0.9956046342849731
d_1025454.exr,right,0.9951611161231995
d_1025455.exr,right,0.995496392250061
d_1025456.exr,right,0.9948609471321106
d_1025458.exr,right,0.9956021308898926
d_1025461.exr,right,0.9956282377243042
d_1025462.exr,right,0.9956095814704895
d_1025464.exr,right,0.9956310987472534
d_1025465.exr,right,0.9945089221000671
d_1025469.exr,right,0.9955969452857971
d_1025470.exr,right,0.9956250786781311
d_1025471.exr,wrong,0.9679736495018005
d_1025473.exr,right,0.9956337809562683
d_1025475.exr,right,0.9956335425376892
d_1025476.exr,right,0.9955975413322449
d_1025477.exr,right,0.9955888986587524
d_1025479.exr,right,0.9956299066543579
d_1025480.exr,right,0.9956004619598389
d_1025481.exr,right,0.9954226613044739
d_1025482.exr,right,0.9955182671546936
d_1025483.exr,right,0.9956249594688416
d_1025484.exr,right,0.9955828785896301
d_1025488.exr,right,0.9955723285675049
d_1025489.exr,right,0.9954793453216553
d_1025490.exr,right,0.9955198764801025
d_1025491.exr,right,0.995597779750824
d_1025492.exr,right,0.9955927729606628
d_1025493.exr,right,0.9956246018409729
d_1025495.exr,right,0.9951180219650269
d_1025496.exr,right,0.9956276416778564
d_1025497.exr,right,0.9956263303756714
d_1025498.exr,wrong,0.9913585186004639
d_1025503.exr,right,0.9924238920211792
d_1025504.exr,right,0.9956066012382507
d_1025505.exr,wrong,0.9947218894958496
d_1025508.exr,right,0.9954248070716858
d_1025509.exr,right,0.995635449886322
d_1025511.exr,right,0.9955998659133911
d_1025512.exr,right,0.9955800175666809
d_1025513.exr,right,0.9955976605415344
d_1025517.exr,right,0.995420515537262
d_1025518.exr,wrong,0.995606005191803
d_1025521.exr,wrong,0.9946458339691162
d_1025522.exr,right,0.9956056475639343
d_1025524.exr,right,0.9956070780754089
d_1025530.exr,right,0.9950764775276184
d_1025532.exr,wrong,0.8713061213493347
d_1025533.exr,right,0.9955857992172241
d_1025534.exr,wrong,0.992252767086029
d_1025535.exr,right,0.995623767375946
d_1025536.exr,right,0.995559811592102
d_1025537.exr,right,0.9956269264221191
d_1025538.exr,right,0.9956005811691284
d_1025539.exr,right,0.995603084564209
d_1025540.exr,wrong,0.995678722858429
d_1025542.exr,right,0.9890221357345581
d_1025543.exr,right,0.9956088662147522
d_1025545.exr,right,0.9954646229743958
d_1025546.exr,right,0.9955692887306213
d_1025547.exr,right,0.9956294298171997
d_1025548.exr,right,0.995613694190979
d_1025550.exr,right,0.9954634308815002
d_1025552.exr,right,0.9955251812934875
d_1025553.exr,right,0.9956070780754089
d_1025554.exr,right,0.995502769947052
d_1025555.exr,right,0.9955911636352539
d_1025557.exr,right,0.9956297874450684
d_1025558.exr,right,0.995630145072937
d_1025560.exr,wrong,0.9949146509170532
d_1025566.exr,right,0.9954042434692383
d_1025569.exr,right,0.9765035510063171
d_1025570.exr,right,0.9956319332122803
d_1025571.exr,right,0.995390772819519
d_1025572.exr,right,0.9956113696098328
d_1025573.exr,right,0.9956328272819519
d_1025575.exr,right,0.9955990314483643
d_1025576.exr,right,0.9953787326812744
d_1025577.exr,right,0.9956244826316833
d_1025580.exr,right,0.9954470992088318
d_1025581.exr,right,0.9945384860038757
d_1025583.exr,right,0.9955922961235046
d_1025584.exr,right,0.9956156015396118
d_1025585.exr,wrong,0.9952677488327026
d_1025586.exr,right,0.9956111311912537
d_1025590.exr,right,0.995545506477356
d_1025591.exr,right,0.9955092668533325
d_1025592.exr,right,0.9955800175666809
d_1025594.exr,right,0.9956153631210327
d_1025595.exr,wrong,0.9950500130653381
d_1025598.exr,right,0.9956318140029907
d_1025600.exr,wrong,0.9940921664237976
d_1025601.exr,right,0.995613694190979
d_1025602.exr,wrong,0.9953328967094421
d_1025605.exr,right,0.9955577254295349
d_1025606.exr,right,0.9956047534942627
d_1025607.exr,wrong,0.9365776777267456
d_1025608.exr,wrong,0.9954138994216919
d_1025610.exr,right,0.9956272840499878
d_1025612.exr,right,0.9956251978874207
d_1025613.exr,wrong,0.9953846335411072
d_1025614.exr,wrong,0.9923816323280334
d_1025615.exr,right,0.9938831329345703
d_1025617.exr,right,0.9954564571380615
d_1025618.exr,wrong,0.9945544004440308
d_1025619.exr,right,0.9949803948402405
d_1025620.exr,wrong,0.9938661456108093
d_1025621.exr,right,0.9956316947937012
d_1025622.exr,right,0.995598554611206
d_1025623.exr,right,0.9880391955375671
d_1025624.exr,right,0.9956138134002686
d_1025626.exr,right,0.995576024055481
d_1025627.exr,wrong,0.995283305644989
d_1025628.exr,wrong,0.9954043626785278
d_1025629.exr,right,0.9956163167953491
d_1025630.exr,right,0.9955649971961975
d_1025631.exr,right,0.9956061244010925
d_1025632.exr,right,0.9942546486854553
d_1025634.exr,wrong,0.9434385895729065
d_1025636.exr,right,0.9955930113792419
d_1025637.exr,right,0.5784676671028137
d_1025638.exr,right,0.9954220652580261
d_1025639.exr,right,0.9955998659133911
d_1025640.exr,right,0.9955072402954102
d_1025641.exr,right,0.9956263303756714
d_1025642.exr,right,0.9955192804336548
d_1025643.exr,right,0.9956295490264893
d_1025644.exr,right,0.9955400824546814
d_1025645.exr,right,0.9956128597259521
d_1025646.exr,right,0.9955787062644958
d_1025647.exr,right,0.9955810904502869
d_1025648.exr,wrong,0.9951496720314026
d_1025649.exr,wrong,0.993550181388855
d_1025650.exr,right,0.9956405162811279
d_1025652.exr,right,0.9956169128417969
d_1025653.exr,right,0.9956010580062866
d_1025654.exr,right,0.9956252574920654
d_1025655.exr,right,0.9872415065765381
d_1025658.exr,right,0.9956178665161133
d_1025659.exr,right,0.9956356883049011
d_1025660.exr,right,0.9954788684844971
d_1025661.exr,right,0.9956295490264893
d_1025662.exr,wrong,0.9953938722610474
d_1025663.exr,right,0.9956140518188477
d_1025665.exr,right,0.9956108927726746
d_1025668.exr,right,0.9956230521202087
d_1025669.exr,right,0.9951183795928955
d_1025671.exr,wrong,0.995390772819519
d_1025672.exr,right,0.995627760887146
d_1025673.exr,right,0.9955944418907166
d_1025674.exr,right,0.9956321120262146
d_1025675.exr,right,0.9956240057945251
d_1025676.exr,wrong,0.9656291604042053
d_1025678.exr,right,0.9956390857696533
d_1025680.exr,right,0.995486319065094
d_1025681.exr,right,0.9954090714454651
d_1025682.exr,right,0.995628833770752
d_1025683.exr,wrong,0.9957233667373657
d_1025685.exr,right,0.9956054091453552
d_1025687.exr,right,0.9956297874450684
d_1025688.exr,right,0.9956070780754089
d_1025689.exr,right,0.9956299066543579
d_1025690.exr,wrong,0.9956209063529968
d_1025694.exr,right,0.9955664277076721
d_1025695.exr,right,0.995617151260376
d_1025696.exr,right,0.9956276416778564
d_1025699.exr,right,0.9951085448265076
d_1025700.exr,right,0.9956320524215698
d_1025702.exr,right,0.9954742789268494
d_1025703.exr,right,0.9956275224685669
d_1025706.exr,right,0.9956051707267761
d_1025707.exr,right,0.9956281185150146
d_1025708.exr,right,0.9956120252609253
d_1025709.exr,right,0.9955902099609375
d_1025710.exr,right,0.995629072189331
d_1025711.exr,right,0.9956282377243042
d_1025714.exr,right,0.9956116080284119
d_1025715.exr,right,0.9956229329109192
d_1025717.exr,right,0.9956165552139282
d_1025718.exr,right,0.9956263303756714
d_1025719.exr,right,0.99554044008255
d_1025720.exr,right,0.9956271648406982
d_1025721.exr,right,0.9955242872238159
d_1025722.exr,right,0.9952839016914368
d_1025724.exr,right,0.9956211447715759
d_1025725.exr,right,0.8807054162025452
d_1025726.exr,right,0.9946438074111938
d_1025727.exr,right,0.9955722093582153
d_1025728.exr,right,0.6796606183052063
d_1025730.exr,right,0.9956064820289612
d_1025731.exr,right,0.995621383190155
d_1025732.exr,right,0.9956028461456299
d_1025733.exr,right,0.9943259358406067
d_1025734.exr,wrong,0.9952253103256226
d_1025735.exr,right,0.9956279993057251
d_1025736.exr,right,0.9926793575286865
d_1025738.exr,right,0.995614767074585
d_1025739.exr,right,0.9955227375030518
d_1025741.exr,right,0.9955058097839355
d_1025742.exr,right,0.9955926537513733
d_1025743.exr,right,0.9956197142601013
d_1025744.exr,right,0.9956316947937012
d_1025745.exr,right,0.9954727292060852
d_1025746.exr,right,0.9955722093582153
d_1025747.exr,right,0.9956314563751221
d_1025748.exr,right,0.9955516457557678
d_1025749.exr,right,0.9954681396484375
d_1025750.exr,wrong,0.9948660135269165
d_1025751.exr,right,0.9955910444259644
d_1025752.exr,right,0.9955832362174988
d_1025753.exr,wrong,0.9817177057266235
d_1025756.exr,right,0.9956135749816895
d_1025758.exr,right,0.9954153299331665
d_1025759.exr,right,0.9956212639808655
d_1025760.exr,right,0.9953793287277222
d_1025761.exr,right,0.9956300258636475
d_1025762.exr,right,0.995595395565033
d_1025763.exr,right,0.9956042766571045
d_1025764.exr,right,0.9956258535385132
d_1025766.exr,right,0.9956329464912415
d_1025767.exr,right,0.9956294298171997
d_1025769.exr,right,0.9953610301017761
d_1025772.exr,right,0.9947035908699036
d_1025773.exr,right,0.9955852031707764
d_1025774.exr,right,0.985554575920105
d_1025776.exr,wrong,0.9945360422134399
d_1025777.exr,right,0.9955316781997681
d_1025778.exr,right,0.9956313371658325
d_1025779.exr,wrong,0.9954202175140381
d_1025780.exr,right,0.995602011680603
d_1025781.exr,right,0.9949453473091125
d_1025783.exr,wrong,0.9924448132514954
d_1025785.exr,wrong,0.9947474598884583
d_1025786.exr,wrong,0.9955928921699524
d_1025787.exr,right,0.9565232992172241
d_1025788.exr,right,0.9954925775527954
d_1025790.exr,wrong,0.9950342178344727
d_1025791.exr,right,0.995470404624939
d_1025792.exr,right,0.9955503940582275
d_1025793.exr,right,0.995610773563385
d_1025794.exr,right,0.9956315755844116
d_1025795.exr,right,0.9952423572540283
d_1025797.exr,right,0.9956201910972595
d_1025798.exr,right,0.9955030083656311
d_1025799.exr,right,0.9955952763557434
d_1025800.exr,right,0.9956132173538208
d_1025801.exr,right,0.9939868450164795
d_1025802.exr,right,0.9942717552185059
d_1025804.exr,right,0.9956246018409729
d_1025805.exr,right,0.9955965876579285
d_1025806.exr,right,0.9956211447715759
d_1025807.exr,right,0.9954366087913513
d_1025809.exr,right,0.9956188797950745
d_1025811.exr,wrong,0.9918525815010071
d_1025812.exr,right,0.9956355690956116
d_1025813.exr,right,0.9523267149925232
d_1025816.exr,right,0.9954643845558167
d_1025817.exr,right,0.9956064820289612
d_1025819.exr,right,0.9955613613128662
d_1025821.exr,right,0.9956127405166626
d_1025822.exr,wrong,0.9946316480636597
d_1025823.exr,right,0.9955683350563049
d_1025824.exr,right,0.9955411553382874
d_1025825.exr,right,0.9956075549125671
d_1025826.exr,wrong,0.9954967498779297
d_1025827.exr,right,0.995564877986908
d_1025829.exr,right,0.9956322312355042
d_1025830.exr,wrong,0.9903221726417542
d_1025831.exr,right,0.9956042766571045
d_1025833.exr,right,0.9953526258468628
d_1025834.exr,right,0.9956134557723999
d_1025835.exr,right,0.9952501058578491
d_1025836.exr,wrong,0.99456787109375
d_1025837.exr,right,0.9955605268478394
d_1025838.exr,right,0.9956026077270508
d_1025840.exr,right,0.9937803149223328
d_1025843.exr,right,0.9956272840499878
d_1025844.exr,right,0.9953378438949585
d_1025845.exr,right,0.9956119060516357
d_1025846.exr,wrong,0.994998574256897
d_1025847.exr,right,0.9949502944946289
d_1025848.exr,right,0.9955278038978577
d_1025849.exr,right,0.9951527118682861
d_1025851.exr,wrong,0.990263819694519
d_1025852.exr,wrong,0.9941926598548889
d_1025855.exr,right,0.9951958060264587
d_1025856.exr,right,0.9956262111663818
d_1025857.exr,right,0.9956064820289612
d_1025858.exr,wrong,0.9949811100959778
d_1025859.exr,right,0.9956142902374268
d_1025861.exr,wrong,0.995026171207428
d_1025865.exr,wrong,0.9949365854263306
d_1025867.exr,right,0.5414860248565674
d_1025870.exr,right,0.9956217408180237
d_1025873.exr,right,0.9953100085258484
d_1025874.exr,right,0.9956309795379639
d_1025875.exr,right,0.995617151260376
d_1025877.exr,right,0.9948400855064392
d_1025878.exr,wrong,0.9954474568367004
d_1025881.exr,wrong,0.9837958812713623
d_1025882.exr,right,0.9955382943153381
d_1025884.exr,right,0.9956079125404358
d_1025885.exr,right,0.9956166744232178
d_1025886.exr,right,0.9911695718765259
d_1025887.exr,wrong,0.9235778450965881
d_1025888.exr,right,0.9956087470054626
d_1025891.exr,right,0.75870680809021
d_1025892.exr,right,0.9956306219100952
d_1025893.exr,wrong,0.9954503178596497
d_1025894.exr,right,0.9268337488174438
d_1025895.exr,right,0.995637834072113
d_1025896.exr,right,0.9955072402954102
d_1025899.exr,right,0.9956112504005432
d_1025900.exr,right,0.9955843091011047
d_1025903.exr,right,0.9956161975860596
d_1025904.exr,right,0.9956128597259521
d_1025905.exr,right,0.9956334233283997
d_1025907.exr,right,0.9955304265022278
d_1025910.exr,right,0.9956364035606384
d_1025912.exr,right,0.9956193566322327
d_1025913.exr,right,0.9955863952636719
d_1025914.exr,right,0.9944968819618225
d_1025915.exr,right,0.9955409169197083
d_1025916.exr,right,0.9955692887306213
d_1025918.exr,right,0.9955500364303589
d_1025919.exr,right,0.9956360459327698
d_1025920.exr,right,0.9956159591674805
d_1025921.exr,wrong,0.9949895739555359
d_1025925.exr,right,0.9955736398696899
d_1025927.exr,right,0.9955840706825256
d_1025928.exr,right,0.9956295490264893
d_1025931.exr,right,0.9956032037734985
d_1025933.exr,right,0.9956250786781311
d_1025934.exr,wrong,0.9946075081825256
d_1025939.exr,right,0.995571494102478
d_1025941.exr,right,0.995622456073761
d_1025942.exr,wrong,0.9890499114990234
d_1025943.exr,right,0.9955904483795166
d_1025947.exr,right,0.993876039981842
d_1025948.exr,right,0.9956158399581909
d_1025949.exr,right,0.9956058859825134
d_1025952.exr,right,0.9956243634223938
d_1025956.exr,right,0.9946436882019043
d_1025957.exr,right,0.995549201965332
d_1025960.exr,right,0.995566189289093
d_1025961.exr,right,0.9956009387969971
d_1025963.exr,wrong,0.9952331185340881
d_1025968.exr,right,0.9956094622612
d_1025969.exr,wrong,0.9728800654411316
d_1025970.exr,wrong,0.9954180717468262
d_1025971.exr,right,0.9954883456230164
d_1025973.exr,right,0.9952534437179565
d_1025974.exr,right,0.9883132576942444
d_1025975.exr,right,0.9955821633338928
d_1025976.exr,wrong,0.9953895807266235
d_1025977.exr,wrong,0.9948055148124695
d_1025978.exr,right,0.9955164790153503
d_1025980.exr,right,0.9955627918243408
d_1025983.exr,wrong,0.9953733086585999
d_1025984.exr,wrong,0.9950554370880127
d_1025986.exr,right,0.9482384920120239
d_1025987.exr,right,0.995591938495636
d_1025988.exr,wrong,0.9953022003173828
d_1025989.exr,right,0.9956117272377014
d_1025990.exr,right,0.995610773563385
d_1025991.exr,right,0.9956324696540833
d_1025992.exr,right,0.9955629110336304
d_1025993.exr,right,0.9956057667732239
d_1025994.exr,right,0.9956276416778564
d_1025995.exr,right,0.9956232905387878
d_1025997.exr,right,0.995396077632904
d_1025998.exr,right,0.9956262111663818
d_1025999.exr,right,0.9955005049705505
d_1026001.exr,right,0.9956244826316833
d_1026002.exr,right,0.995621383190155
d_1026003.exr,wrong,0.9954001307487488
d_1026004.exr,right,0.9956360459327698
d_1026005.exr,right,0.9955647587776184
d_1026006.exr,right,0.9932658672332764
d_1026008.exr,right,0.995633065700531
d_1026009.exr,right,0.9956209063529968
d_1026011.exr,right,0.9956145286560059
d_1026013.exr,wrong,0.9951578974723816
d_1026014.exr,wrong,0.9813858866691589
d_1026015.exr,right,0.9955766201019287
d_1026016.exr,right,0.9956256151199341
d_1026017.exr,right,0.9956047534942627
d_1026018.exr,right,0.9956069588661194
d_1026020.exr,wrong,0.9893990755081177
d_1026021.exr,right,0.9956016540527344
d_1026022.exr,right,0.9956145286560059
d_1026023.exr,right,0.995586633682251
d_1026024.exr,wrong,0.9951025247573853
d_1026025.exr,right,0.9956265687942505
d_1026026.exr,wrong,0.9932020306587219
d_1026027.exr,right,0.9955962300300598
d_1026028.exr,right,0.9946081638336182
d_1026029.exr,right,0.9956367611885071
d_1026030.exr,right,0.9943950176239014
d_1026031.exr,right,0.9956116080284119
d_1026034.exr,right,0.9955860376358032
d_1026036.exr,right,0.9954549074172974
d_1026037.exr,right,0.9903491735458374
d_1026038.exr,wrong,0.9956139326095581
d_1026039.exr,wrong,0.9948098659515381
d_1026041.exr,right,0.9939765930175781
d_1026042.exr,right,0.9956178665161133
d_1026043.exr,right,0.9956287145614624
d_1026044.exr,wrong,0.9954091906547546
d_1026045.exr,right,0.9956335425376892
d_1026046.exr,right,0.9951901435852051
d_1026047.exr,right,0.9956283569335938
d_1026049.exr,wrong,0.9955435395240784
d_1026052.exr,right,0.9956360459327698
d_1026053.exr,right,0.9956142902374268
d_1026055.exr,wrong,0.9932977557182312
d_1026056.exr,right,0.9956130981445312
d_1026058.exr,right,0.9952455163002014
d_1026059.exr,right,0.9947888851165771
d_1026060.exr,right,0.9956170320510864
d_1026062.exr,wrong,0.995537281036377
d_1026064.exr,right,0.9956360459327698
d_1026066.exr,right,0.9956316947937012
d_1026067.exr,right,0.9956029653549194
d_1026068.exr,right,0.9956250786781311
d_1026069.exr,right,0.99553382396698
d_1026071.exr,right,0.9955670237541199
d_1026072.exr,right,0.9951537847518921
d_1026073.exr,right,0.9955556988716125
d_1026074.exr,right,0.9956337809562683
d_1026079.exr,wrong,0.9951704144477844
d_1026080.exr,right,0.9946532249450684
d_1026081.exr,right,0.9956204295158386
d_1026082.exr,right,0.99562668800354
d_1026087.exr,wrong,0.9951112866401672
d_1026088.exr,right,0.995628833770752
d_1026090.exr,right,0.9956086277961731
d_1026091.exr,right,0.9955393671989441
d_1026094.exr,right,0.9955928921699524
d_1026095.exr,right,0.9955956339836121
d_1026096.exr,right,0.9956176280975342
d_1026097.exr,right,0.9956349730491638
d_1026098.exr,right,0.9956157207489014
d_1026099.exr,right,0.9956318140029907
d_1026100.exr,right,0.9955751895904541
d_1026101.exr,right,0.9956041574478149
d_1026102.exr,right,0.9956294298171997
d_1026103.exr,right,0.9956256151199341
d_1026104.exr,right,0.9956313371658325
d_1026106.exr,right,0.9954900145530701
d_1026109.exr,right,0.9956008195877075
d_1026110.exr,right,0.9956062436103821
d_1026111.exr,right,0.9948667287826538
d_1026112.exr,right,0.9955833554267883
d_1026113.exr,right,0.9713343977928162
d_1026114.exr,right,0.9955654740333557
d_1026115.exr,right,0.9955255389213562
d_1026116.exr,right,0.9956219792366028
d_1026117.exr,right,0.995628833770752
d_1026118.exr,right,0.9956262111663818
d_1026119.exr,right,0.9793736934661865
d_1026120.exr,wrong,0.9953070282936096
d_1026121.exr,right,0.9956313371658325
d_1026122.exr,wrong,0.9790833592414856
d_1026125.exr,right,0.9956205487251282
d_1026126.exr,right,0.9954238533973694
d_1026129.exr,right,0.9956152439117432
d_1026130.exr,right,0.995607316493988
d_1026132.exr,right,0.9956076741218567
d_1026134.exr,right,0.9956371188163757
d_1026135.exr,wrong,0.9955909252166748
d_1026137.exr,wrong,0.9932536482810974
d_1026139.exr,right,0.9956129789352417
d_1026141.exr,wrong,0.9505906701087952
d_1026142.exr,right,0.9955684542655945
d_1026143.exr,right,0.9875170588493347
d_1026145.exr,wrong,0.995492696762085
d_1026146.exr,right,0.995631217956543
d_1026148.exr,right,0.9955949187278748
d_1026150.exr,right,0.99321448802948
d_1026151.exr,right,0.9956085085868835
d_1026155.exr,right,0.9934797286987305
d_1026156.exr,right,0.9956244826316833
d_1026157.exr,wrong,0.9956193566322327
d_1026159.exr,right,0.9952545166015625
d_1026160.exr,right,0.9956275224685669
d_1026161.exr,wrong,0.994429886341095
d_1026164.exr,right,0.995617151260376
d_1026165.exr,right,0.9955800175666809
d_1026166.exr,right,0.9956282377243042
d_1026167.exr,right,0.9956056475639343
d_1026169.exr,right,0.994610071182251
d_1026170.exr,wrong,0.965833842754364
d_1026172.exr,right,0.9955757856369019
d_1026173.exr,right,0.9955315589904785
d_1026174.exr,right,0.9956348538398743
d_1026175.exr,right,0.9956209063529968
d_1026177.exr,right,0.9956142902374268
d_1026178.exr,right,0.9956167936325073
d_1026179.exr,right,0.9956035614013672
d_1026181.exr,right,0.9956250786781311
d_1026185.exr,right,0.9956254959106445
d_1026187.exr,right,0.9956099390983582
d_1026189.exr,right,0.995587944984436
d_1026190.exr,right,0.8957169055938721
d_1026191.exr,wrong,0.9956823587417603
d_1026192.exr,right,0.9954842329025269
d_1026193.exr,wrong,0.9956419467926025
d_1026194.exr,right,0.9956264495849609
d_1026195.exr,wrong,0.9886045455932617
d_1026196.exr,right,0.9956201910972595
d_1026199.exr,right,0.8092657327651978
d_1026200.exr,wrong,0.9942383766174316
d_1026201.exr,right,0.9956188797950745
d_1026202.exr,right,0.9956204295158386
d_1026206.exr,right,0.995634138584137
d_1026207.exr,right,0.9925985336303711
d_1026209.exr,right,0.9955982565879822
d_1026210.exr,right,0.9955734014511108
d_1026211.exr,right,0.9955783486366272
d_1026214.exr,right,0.9954580068588257
d_1026215.exr,right,0.9955729246139526
d_1026216.exr,right,0.9956259727478027
d_1026218.exr,right,0.9956299066543579
d_1026220.exr,wrong,0.9945865869522095
d_1026223.exr,right,0.9956046342849731
d_1026224.exr,right,0.9956276416778564
d_1026227.exr,right,0.9956323504447937
d_1026229.exr,right,0.9956254959106445
d_1026230.exr,right,0.9955736398696899
d_1026233.exr,right,0.9946054816246033
d_1026234.exr,right,0.9955230951309204
d_1026235.exr,right,0.995609700679779
d_1026238.exr,right,0.9917539358139038
d_1026239.exr,right,0.993129312992096
d_1026241.exr,right,0.9956177473068237
d_1026244.exr,wrong,0.9951791763305664
d_1026245.exr,right,0.9954975843429565
d_1026247.exr,right,0.9956092238426208
d_1026250.exr,wrong,0.993768572807312
d_1026252.exr,right,0.9949061870574951
d_1026253.exr,right,0.9956352114677429
d_1026257.exr,right,0.9956296682357788
d_1026258.exr,wrong,0.9873177409172058
d_1026259.exr,right,0.9956108927726746
d_1026260.exr,right,0.9956151247024536
d_1026261.exr,right,0.9956339001655579
d_1026262.exr,wrong,0.9948201179504395
d_1026263.exr,right,0.9956164360046387
d_1026265.exr,right,0.9955788254737854
d_1026267.exr,right,0.9956151247024536
d_1026268.exr,wrong,0.9927923679351807
d_1026269.exr,right,0.9956334233283997
d_1026270.exr,right,0.9919852018356323
d_1026271.exr,right,0.9956346154212952
d_1026272.exr,right,0.9933320879936218
d_1026273.exr,right,0.9956152439117432
d_1026276.exr,wrong,0.9946954846382141
d_1026277.exr,right,0.9956188797950745
d_1026281.exr,right,0.9956236481666565
d_1026283.exr,right,0.9956015348434448
d_1026284.exr,right,0.9956041574478149
d_1026285.exr,right,0.9956036806106567
d_1026286.exr,right,0.9948794841766357
d_1026287.exr,right,0.995621383190155
d_1026289.exr,right,0.9956300258636475
d_1026290.exr,right,0.9883118271827698
d_1026291.exr,right,0.9956167936325073
d_1026292.exr,right,0.9956152439117432
d_1026294.exr,wrong,0.9950628876686096
d_1026296.exr,right,0.9956240057945251
d_1026297.exr,right,0.9941498041152954
d_1026298.exr,right,0.9956183433532715
d_1026299.exr,right,0.99561607837677
d_1026300.exr,right,0.9955270886421204
d_1026301.exr,right,0.9956380724906921
d_1026302.exr,right,0.9956257343292236
d_1026303.exr,right,0.9952935576438904
d_1026307.exr,right,0.9923561811447144
d_1026309.exr,right,0.9946240782737732
d_1026310.exr,right,0.9955388903617859
d_1026314.exr,right,0.9954941272735596
d_1026319.exr,wrong,0.9946210384368896
d_1026321.exr,wrong,0.9899339079856873
d_1026322.exr,right,0.9939202070236206
d_1026323.exr,right,0.9955843091011047
d_1026325.exr,wrong,0.9854663610458374
d_1026326.exr,right,0.985619068145752
d_1026328.exr,right,0.9955778121948242
d_1026329.exr,wrong,0.9954187870025635
d_1026332.exr,right,0.9956067204475403
d_1026333.exr,right,0.9913617968559265
d_1026334.exr,right,0.9954819679260254
d_1026337.exr,right,0.9956199526786804
d_1026338.exr,wrong,0.9020929932594299
d_1026340.exr,right,0.9888723492622375
d_1026343.exr,right,0.9956264495849609
d_1026345.exr,right,0.9856305718421936
d_1026346.exr,wrong,0.9952240586280823
d_1026348.exr,wrong,0.9948114156723022
d_1026349.exr,right,0.9956309795379639
d_1026350.exr,right,0.9956159591674805
d_1026351.exr,right,0.9954902529716492
d_1026352.exr,right,0.995583713054657
d_1026353.exr,right,0.9955191612243652
d_1026354.exr,right,0.9956088662147522
d_1026355.exr,wrong,0.9932209253311157
d_1026357.exr,right,0.9930974841117859
d_1026358.exr,right,0.9937393665313721
d_1026359.exr,right,0.9948204755783081
d_1026360.exr,right,0.9555180072784424
d_1026361.exr,right,0.9956195950508118
d_1026362.exr,right,0.995621383190155
d_1026363.exr,right,0.9956342577934265
d_1026364.exr,right,0.9950706958770752
d_1026365.exr,right,0.9955434203147888
d_1026366.exr,right,0.9956188797950745
d_1026367.exr,right,0.995594322681427
d_1026371.exr,wrong,0.9956241250038147
d_1026372.exr,right,0.9952210783958435
d_1026373.exr,right,0.9955821633338928
d_1026374.exr,right,0.9952501058578491
d_1026376.exr,right,0.9949747323989868
d_1026377.exr,wrong,0.9953956007957458
d_1026378.exr,right,0.9952496290206909
d_1026380.exr,right,0.9956400394439697
d_1026382.exr,right,0.9956063628196716
d_1026383.exr,wrong,0.9857542514801025
d_1026384.exr,right,0.9954586029052734
d_1026385.exr,right,0.995604395866394
d_1026386.exr,right,0.9931721687316895
d_1026388.exr,right,0.995416522026062
d_1026390.exr,wrong,0.9954232573509216
d_1026391.exr,right,0.9955853223800659
d_1026393.exr,right,0.9956099390983582
d_1026394.exr,right,0.9956050515174866
d_1026397.exr,right,0.995560884475708
d_1026398.exr,right,0.9956052899360657
d_1026401.exr,right,0.9956187605857849
d_1026402.exr,right,0.9956026077270508
d_1026407.exr,right,0.9955974221229553
d_1026408.exr,right,0.9956279993057251
d_1026409.exr,right,0.9954956769943237
d_1026410.exr,right,0.9955523610115051
d_1026412.exr,right,0.9956011772155762
d_1026414.exr,right,0.9956272840499878
d_1026415.exr,right,0.9955249428749084
d_1026416.exr,right,0.9894026517868042
d_1026418.exr,wrong,0.9954386353492737
d_1026419.exr,right,0.9956390857696533
d_1026420.exr,right,0.9955840706825256
d_1026421.exr,wrong,0.9955171942710876
d_1026422.exr,right,0.9955915212631226
d_1026423.exr,wrong,0.995389461517334
d_1026424.exr,wrong,0.9955050349235535
d_1026425.exr,right,0.9956291913986206
d_1026428.exr,right,0.995621383190155
d_1026430.exr,right,0.9956268072128296
d_1026434.exr,right,0.9952684044837952
d_1026435.exr,wrong,0.9890996813774109
d_1026437.exr,right,0.9956258535385132
d_1026438.exr,right,0.9955763816833496
d_1026439.exr,right,0.9956327080726624
d_1026440.exr,right,0.9954980611801147
d_1026442.exr,right,0.9903146624565125
d_1026443.exr,right,0.9956240057945251
d_1026444.exr,right,0.9956246018409729
d_1026445.exr,right,0.9956144094467163
d_1026447.exr,wrong,0.9956089854240417
d_1026448.exr,right,0.993044912815094
d_1026449.exr,right,0.9956246018409729
d_1026450.exr,right,0.9956279993057251
d_1026451.exr,right,0.9954121708869934
d_1026456.exr,right,0.9956276416778564
d_1026457.exr,right,0.995598554611206
d_1026462.exr,right,0.9956287145614624
d_1026463.exr,right,0.9955508708953857
d_1026464.exr,right,0.995589017868042
d_1026466.exr,wrong,0.9896060228347778
d_1026468.exr,right,0.995625376701355
d_1026470.exr,right,0.9950436353683472
d_1026471.exr,right,0.9955992698669434
d_1026472.exr,right,0.995525062084198
d_1026473.exr,right,0.9956297874450684
d_1026474.exr,right,0.9956276416778564
d_1026475.exr,right,0.9955729246139526
d_1026476.exr,wrong,0.9949386119842529
d_1026477.exr,right,0.9956377148628235
d_1026478.exr,right,0.9956235289573669
d_1026480.exr,wrong,0.9955369234085083
d_1026481.exr,right,0.99562007188797
d_1026482.exr,wrong,0.995495080947876
d_1026483.exr,right,0.9956335425376892
d_1026484.exr,right,0.9956082701683044
d_1026485.exr,right,0.9956074357032776
d_1026486.exr,right,0.8095690011978149
d_1026487.exr,right,0.9955670237541199
d_1026488.exr,wrong,0.9871307015419006
d_1026490.exr,wrong,0.9815402626991272
d_1026491.exr,right,0.9956161975860596
d_1026492.exr,right,0.995101809501648
d_1026493.exr,wrong,0.9928508996963501
d_1026497.exr,right,0.9956152439117432
d_1026499.exr,wrong,0.9951724410057068
d_1026500.exr,right,0.9956166744232178
d_1026503.exr,right,0.995618999004364
d_1026504.exr,right,0.9955451488494873
d_1026505.exr,right,0.9955911636352539
d_1026506.exr,right,0.9956335425376892
d_1026508.exr,right,0.995589017868042
d_1026509.exr,right,0.995621383190155
d_1026511.exr,right,0.9955928921699524
d_1026512.exr,right,0.9956232905387878
d_1026514.exr,right,0.9956176280975342
d_1026515.exr,right,0.9956057667732239
d_1026516.exr,right,0.9955639839172363
d_1026517.exr,right,0.9930986762046814
d_1026518.exr,wrong,0.9954665899276733
d_1026519.exr,right,0.9956289529800415
d_1026520.exr,right,0.9956241250038147
d_1026521.exr,right,0.9956210255622864
d_1026522.exr,right,0.9955737590789795
d_1026523.exr,right,0.9950311183929443
d_1026524.exr,right,0.995554506778717
d_1026525.exr,right,0.9955704808235168
d_1026526.exr,right,0.9955998659133911
d_1026527.exr,right,0.9956260919570923
d_1026528.exr,right,0.9954470992088318
d_1026529.exr,right,0.9956297874450684
d_1026530.exr,wrong,0.899646520614624
d_1026531.exr,right,0.9951386451721191
d_1026534.exr,right,0.9956082701683044
d_1026535.exr,wrong,0.9955850839614868
d_1026536.exr,right,0.9956058859825134
d_1026541.exr,right,0.9956010580062866
d_1026543.exr,right,0.9956349730491638
d_1026545.exr,wrong,0.812868058681488
d_1026549.exr,right,0.9862710237503052
d_1026550.exr,right,0.9956047534942627
d_1026551.exr,right,0.9955984354019165
d_1026553.exr,right,0.9956074357032776
d_1026554.exr,right,0.9955969452857971
d_1026556.exr,right,0.995618999004364
d_1026558.exr,right,0.9955677390098572
d_1026559.exr,wrong,0.9913881421089172
d_1026560.exr,wrong,0.9944202303886414
d_1026564.exr,right,0.9956086277961731
d_1026565.exr,right,0.8875090479850769
d_1026566.exr,right,0.995627760887146
d_1026567.exr,wrong,0.9956522583961487
d_1026568.exr,right,0.9955291152000427
d_1026570.exr,right,0.9955926537513733
d_1026571.exr,right,0.9956165552139282
d_1026572.exr,wrong,0.9949491024017334
d_1026576.exr,right,0.9955815672874451
d_1026577.exr,wrong,0.9956579208374023
d_1026578.exr,right,0.9956026077270508
d_1026579.exr,right,0.9956276416778564
d_1026582.exr,wrong,0.9878059029579163
d_1026584.exr,right,0.9954227805137634
d_1026585.exr,right,0.9956293106079102
d_1026586.exr,right,0.9956145286560059
d_1026589.exr,right,0.9920228719711304
d_1026590.exr,right,0.995606005191803
d_1026592.exr,right,0.9955117106437683
d_1026593.exr,right,0.995623767375946
d_1026594.exr,right,0.9955946803092957
d_1026595.exr,right,0.9956220984458923
d_1026596.exr,right,0.9955623149871826
d_1026597.exr,right,0.9924733638763428
d_1026598.exr,right,0.9956256151199341
d_1026599.exr,wrong,0.993333637714386
d_1026601.exr,right,0.9955098628997803
d_1026602.exr,right,0.9952352643013
d_1026604.exr,wrong,0.9956299066543579
d_1026605.exr,right,0.9956350922584534
d_1026606.exr,right,0.9955458641052246
d_1026607.exr,right,0.9955654740333557
d_1026608.exr,right,0.9956353306770325
d_1026609.exr,right,0.9956112504005432
d_1026610.exr,right,0.9956264495849609
d_1026611.exr,right,0.995596706867218
d_1026613.exr,right,0.9950363039970398
d_1026614.exr,right,0.9956257343292236
d_1026616.exr,wrong,0.6420482397079468
d_1026617.exr,wrong,0.9952551126480103
d_1026618.exr,right,0.9956135749816895
d_1026619.exr,right,0.9956049919128418
d_1026620.exr,right,0.9954961538314819
d_1026621.exr,right,0.9956215023994446
d_1026623.exr,right,0.99562668800354
d_1026629.exr,right,0.9955892562866211
d_1026630.exr,right,0.9956091046333313
d_1026631.exr,right,0.9955343008041382
d_1026632.exr,right,0.9909334182739258
d_1026633.exr,wrong,0.9921088814735413
d_1026634.exr,wrong,0.9950849413871765
d_1026635.exr,right,0.9955754280090332
d_1026638.exr,right,0.9956010580062866
d_1026639.exr,right,0.9954956769943237
d_1026641.exr,right,0.9955852031707764
d_1026643.exr,right,0.9954894185066223
d_1026644.exr,right,0.995628833770752
d_1026646.exr,right,0.9955604076385498
d_1026647.exr,right,0.995597779750824
d_1026650.exr,right,0.9955706000328064
d_1026651.exr,wrong,0.9258247017860413
d_1026652.exr,right,0.995573878288269
d_1026653.exr,right,0.9956093430519104
d_1026654.exr,right,0.9956148862838745
d_1026655.exr,wrong,0.8795812129974365
d_1026656.exr,wrong,0.99549400806427
d_1026657.exr,right,0.9955862760543823
d_1026658.exr,right,0.9955638647079468
d_1026659.exr,right,0.9910129904747009
d_1026664.exr,right,0.9955892562866211
d_1026665.exr,right,0.9956296682357788
d_1026667.exr,right,0.9955825209617615
d_1026669.exr,right,0.992493748664856
d_1026670.exr,right,0.9954403638839722
d_1026671.exr,right,0.9955934882164001
d_1026672.exr,right,0.9956093430519104
d_1026675.exr,right,0.9955739974975586
d_1026676.exr,right,0.995600700378418
d_1026677.exr,right,0.9955701231956482
d_1026678.exr,wrong,0.9952977299690247
d_1026679.exr,right,0.9955671429634094
d_1026680.exr,wrong,0.9935103058815002
d_1026681.exr,right,0.9956070780754089
d_1026682.exr,right,0.9955679774284363
d_1026683.exr,right,0.9845759868621826
d_1026684.exr,right,0.9956238865852356
d_1026685.exr,right,0.9955800175666809
d_1026689.exr,right,0.9956319332122803
d_1026691.exr,right,0.9956235289573669
d_1026695.exr,right,0.9956274032592773
d_1026697.exr,right,0.9839333295822144
d_1026700.exr,wrong,0.9784173369407654
d_1026702.exr,right,0.9956256151199341
d_1026704.exr,wrong,0.9752503633499146
d_1026705.exr,right,0.9922319650650024
d_1026707.exr,right,0.9956188797950745
d_1026708.exr,right,0.9955533146858215
d_1026709.exr,wrong,0.9943980574607849
d_1026710.exr,right,0.9916785955429077
d_1026711.exr,wrong,0.9525378942489624
d_1026715.exr,right,0.9947059750556946
d_1026716.exr,right,0.9956314563751221
d_1026718.exr,right,0.995625376701355
d_1026720.exr,wrong,0.9927471280097961
d_1026721.exr,right,0.9956320524215698
d_1026722.exr,right,0.9956119060516357
d_1026724.exr,wrong,0.995549201965332
d_1026725.exr,right,0.9950361847877502
d_1026726.exr,right,0.9956272840499878
d_1026727.exr,wrong,0.9918357133865356
d_1026728.exr,right,0.9956008195877075
d_1026729.exr,wrong,0.9925219416618347
d_1026731.exr,right,0.9956278800964355
d_1026732.exr,right,0.9956066012382507
d_1026733.exr,right,0.9452555775642395
d_1026735.exr,wrong,0.9950188398361206
d_1026738.exr,wrong,0.9952869415283203
d_1026740.exr,wrong,0.995718777179718
d_1026741.exr,right,0.9956178665161133
d_1026743.exr,right,0.9956127405166626
d_1026745.exr,right,0.9956306219100952
d_1026746.exr,right,0.9956229329109192
d_1026747.exr,right,0.9956256151199341
d_1026748.exr,wrong,0.9953525066375732
d_1026749.exr,wrong,0.995554506778717
d_1026750.exr,right,0.9955869913101196
d_1026751.exr,right,0.9955549836158752
d_1026752.exr,right,0.9956343770027161
d_1026753.exr,right,0.9951808452606201
d_1026754.exr,right,0.9956152439117432
d_1026755.exr,right,0.9956185221672058
d_1026756.exr,right,0.9953773021697998
d_1026757.exr,wrong,0.9943208694458008
d_1026758.exr,right,0.9956377148628235
d_1026759.exr,right,0.9955937266349792
d_1026760.exr,right,0.9955470561981201
d_1026762.exr,right,0.9954339861869812
d_1026763.exr,right,0.993881106376648
d_1026764.exr,wrong,0.9957132339477539
d_1026765.exr,right,0.9956158399581909
d_1026767.exr,right,0.9955496788024902
d_1026769.exr,right,0.9951974749565125
d_1026770.exr,wrong,0.9957113265991211
d_1026771.exr,right,0.9942218661308289
d_1026773.exr,right,0.9955552220344543
d_1026774.exr,right,0.9936663508415222
d_1026775.exr,right,0.9954885840415955
d_1026777.exr,right,0.995612621307373
d_1026778.exr,right,0.9955970644950867
d_1026781.exr,right,0.9956021308898926
d_1026782.exr,wrong,0.9957206845283508
d_1026783.exr,right,0.9956230521202087
d_1026784.exr,right,0.9855934977531433
d_1026786.exr,right,0.9955226182937622
d_1026787.exr,wrong,0.9957146048545837
d_1026788.exr,wrong,0.9946863651275635
d_1026789.exr,right,0.9956012964248657
d_1026793.exr,wrong,0.9956473708152771
d_1026794.exr,wrong,0.9943139553070068
d_1026797.exr,right,0.9955190420150757
d_1026798.exr,right,0.995468020439148
d_1026799.exr,right,0.9955043196678162
d_1026800.exr,right,0.9955703616142273
d_1026802.exr,right,0.9956165552139282
d_1026803.exr,right,0.995600700378418
d_1026805.exr,right,0.9956300258636475
d_1026806.exr,right,0.9932999610900879
d_1026808.exr,right,0.9956177473068237
d_1026811.exr,right,0.9956085085868835
d_1026814.exr,right,0.9945403933525085
d_1026815.exr,right,0.9953542947769165
d_1026817.exr,right,0.9956230521202087
d_1026818.exr,right,0.9955865144729614
d_1026820.exr,right,0.9955433011054993
d_1026821.exr,right,0.9955915212631226
d_1026827.exr,right,0.9955798983573914
d_1026829.exr,right,0.9955737590789795
d_1026830.exr,right,0.9956223368644714
d_1026833.exr,right,0.9956071972846985
d_1026835.exr,right,0.9953870177268982
d_1026837.exr,right,0.9954913258552551
d_1026838.exr,right,0.9956203103065491
d_1026841.exr,right,0.9955958724021912
d_1026842.exr,right,0.9956318140029907
d_1026843.exr,right,0.9954612851142883
d_1026844.exr,right,0.9956355690956116
d_1026846.exr,right,0.9944315552711487
d_1026847.exr,right,0.9956157207489014
d_1026848.exr,right,0.9955429434776306
d_1026849.exr,right,0.9955050349235535
d_1026850.exr,right,0.9954942464828491
d_1026851.exr,right,0.5029345750808716
d_1026852.exr,right,0.9953352808952332
d_1026853.exr,right,0.9955466985702515
d_1026854.exr,right,0.9954259991645813
d_1026856.exr,right,0.9931489825248718
d_1026857.exr,wrong,0.9953190684318542
d_1026860.exr,right,0.9954032897949219
d_1026861.exr,right,0.995597779750824
d_1026862.exr,right,0.9955495595932007
d_1026863.exr,right,0.994392991065979
d_1026864.exr,right,0.9956128597259521
d_1026866.exr,right,0.9951887130737305
d_1026868.exr,right,0.9956167936325073
d_1026872.exr,right,0.995471715927124
d_1026873.exr,right,0.9956010580062866
d_1026874.exr,right,0.9952598214149475
d_1026875.exr,right,0.9956342577934265
d_1026876.exr,right,0.9954217076301575
d_1026877.exr,right,0.9955785870552063
d_1026878.exr,right,0.9956336617469788
d_1026879.exr,right,0.9956223368644714
d_1026880.exr,right,0.9956102967262268
d_1026884.exr,right,0.9955874681472778
d_1026885.exr,right,0.995585560798645
d_1026886.exr,right,0.9955378770828247
d_1026887.exr,right,0.9956343770027161
d_1026888.exr,right,0.9955694079399109
d_1026889.exr,right,0.9955999851226807
d_1026890.exr,right,0.9955503940582275
d_1026891.exr,right,0.9955888986587524
d_1026892.exr,wrong,0.9935575127601624
d_1026893.exr,right,0.995589017868042
d_1026894.exr,right,0.9955730438232422
d_1026896.exr,wrong,0.9956293106079102
d_1026897.exr,right,0.9956002235412598
d_1026898.exr,right,0.995624840259552
d_1026899.exr,wrong,0.9954341053962708
d_1026900.exr,wrong,0.9955282807350159
d_1026901.exr,right,0.9956182241439819
d_1026902.exr,right,0.995637834072113
d_1026904.exr,right,0.9950207471847534
d_1026905.exr,right,0.9956252574920654
d_1026906.exr,right,0.9956343770027161
d_1026907.exr,right,0.9956252574920654
d_1026909.exr,wrong,0.9729467630386353
d_1026911.exr,right,0.995637834072113
d_1026912.exr,wrong,0.9953752756118774
d_1026917.exr,right,0.9956154823303223
d_1026918.exr,wrong,0.9547690153121948
d_1026919.exr,right,0.9956104159355164
d_1026921.exr,right,0.9955947995185852
d_1026923.exr,right,0.9956364035606384
d_1026924.exr,right,0.9940395355224609
d_1026925.exr,right,0.9956356883049011
d_1026927.exr,right,0.9945916533470154
d_1026928.exr,right,0.9955421090126038
d_1026929.exr,right,0.9956169128417969
d_1026931.exr,right,0.9955357313156128
d_1026935.exr,right,0.9956329464912415
d_1026936.exr,right,0.9892761707305908
d_1026937.exr,right,0.9956281185150146
d_1026938.exr,right,0.9933498501777649
d_1026940.exr,right,0.9955927729606628
d_1026941.exr,right,0.9956300258636475
d_1026942.exr,wrong,0.9898432493209839
d_1026943.exr,right,0.9956299066543579
d_1026944.exr,right,0.9956275224685669
d_1026946.exr,right,0.9956068396568298
d_1026947.exr,right,0.9956348538398743
d_1026949.exr,right,0.9955915212631226
d_1026950.exr,right,0.9955489635467529
d_1026952.exr,right,0.995625376701355
d_1026954.exr,right,0.9956390857696533
d_1026956.exr,right,0.9956309795379639
d_1026958.exr,wrong,0.9569868445396423
d_1026960.exr,right,0.9956216216087341
d_1026964.exr,right,0.9954388737678528
d_1026966.exr,right,0.9956075549125671
d_1026967.exr,right,0.995256245136261
d_1026970.exr,right,0.9956283569335938
d_1026972.exr,right,0.9956226944923401
d_1026973.exr,right,0.9955856800079346
d_1026974.exr,right,0.9950556755065918
d_1026977.exr,right,0.9955348968505859
d_1026978.exr,right,0.9955974221229553
d_1026979.exr,right,0.9956094622612
d_1026982.exr,right,0.9956153631210327
d_1026984.exr,right,0.9955464601516724
d_1026985.exr,right,0.9955180287361145
d_1026986.exr,right,0.9956120252609253
d_1026987.exr,right,0.9956305027008057
d_1026988.exr,wrong,0.9954031705856323
d_1026989.exr,right,0.9817007184028625
d_1026990.exr,right,0.9955992698669434
d_1026991.exr,right,0.9955610036849976
d_1026993.exr,right,0.9947739243507385
d_1026994.exr,right,0.991746187210083
d_1026996.exr,right,0.9956087470054626
d_1026997.exr,wrong,0.8934803009033203
d_1026999.exr,right,0.9947220087051392
d_1027001.exr,right,0.9956336617469788
d_1027002.exr,right,0.9955859184265137
d_1027003.exr,right,0.9732560515403748
d_1027004.exr,right,0.9956337809562683
d_1027007.exr,right,0.9956252574920654
d_1027008.exr,right,0.9956157207489014
d_1027009.exr,wrong,0.994465172290802
d_1027010.exr,right,0.9953705668449402
d_1027012.exr,wrong,0.994763970375061
d_1027014.exr,right,0.9956141710281372
d_1027019.exr,right,0.9956385493278503
d_1027020.exr,right,0.9956141710281372
d_1027021.exr,right,0.9884948134422302
d_1027022.exr,right,0.9955894947052002
d_1027023.exr,right,0.9956153631210327
d_1027024.exr,wrong,0.9904986023902893
d_1027028.exr,right,0.995594322681427
d_1027029.exr,right,0.9956252574920654
d_1027030.exr,right,0.995624840259552
d_1027031.exr,right,0.995629072189331
d_1027034.exr,right,0.9956212639808655
d_1027035.exr,right,0.9955875873565674
d_1027036.exr,wrong,0.9936315417289734
d_1027037.exr,right,0.9956381916999817
d_1027038.exr,right,0.9955938458442688
d_1027040.exr,right,0.9956295490264893
d_1027042.exr,right,0.9923851490020752
d_1027043.exr,right,0.9955386519432068
d_1027044.exr,right,0.9956046342849731
d_1027045.exr,right,0.9955732822418213
d_1027047.exr,wrong,0.990623414516449
d_1027048.exr,right,0.9954452514648438
d_1027049.exr,right,0.9956279993057251
d_1027050.exr,right,0.9955814480781555
d_1027054.exr,wrong,0.9946940541267395
d_1027055.exr,right,0.9956177473068237
d_1027058.exr,right,0.9954701662063599
d_1027060.exr,right,0.9813631772994995
d_1027061.exr,right,0.9955280423164368
d_1027066.exr,right,0.9956161975860596
d_1027067.exr,right,0.9956223368644714
d_1027069.exr,right,0.9956285953521729
d_1027073.exr,right,0.9956325888633728
d_1027074.exr,right,0.9956088662147522
d_1027075.exr,right,0.9955683350563049
d_1027076.exr,right,0.9956218600273132
d_1027077.exr,right,0.995609700679779
d_1027079.exr,wrong,0.9886060357093811
d_1027082.exr,wrong,0.9954264760017395
d_1027085.exr,wrong,0.9914167523384094
d_1027087.exr,right,0.9956188797950745
d_1027088.exr,right,0.9956057667732239
d_1027089.exr,right,0.9955458641052246
d_1027091.exr,right,0.9956392049789429
d_1027092.exr,wrong,0.9954919815063477
d_1027093.exr,wrong,0.9946021437644958
d_1027094.exr,right,0.9955857992172241
d_1027095.exr,right,0.9956112504005432
d_1027097.exr,wrong,0.9895512461662292
d_1027098.exr,right,0.9937089681625366
d_1027099.exr,right,0.9956164360046387
d_1027101.exr,right,0.9956218600273132
d_1027104.exr,right,0.9955981373786926
d_1027109.exr,wrong,0.7006657123565674
d_1027110.exr,right,0.9956283569335938
d_1027116.exr,right,0.99558025598526
d_1027118.exr,wrong,0.9951121211051941
d_1027119.exr,right,0.9956296682357788
d_1027120.exr,right,0.9956067204475403
d_1027122.exr,right,0.9956204295158386
d_1027123.exr,right,0.9804100394248962
d_1027124.exr,right,0.9956114888191223
d_1027125.exr,right,0.9956094622612
d_1027127.exr,right,0.9956187605857849
d_1027128.exr,right,0.995618999004364
d_1027129.exr,right,0.9954178333282471
d_1027130.exr,right,0.9956122636795044
d_1027134.exr,right,0.9955611228942871
d_1027135.exr,right,0.9939382076263428
d_1027136.exr,wrong,0.9949584603309631
d_1027137.exr,wrong,0.9952875375747681
d_1027138.exr,right,0.9956225752830505
d_1027140.exr,right,0.9956076741218567
d_1027141.exr,right,0.9955694079399109
d_1027142.exr,right,0.9956263303756714
d_1027144.exr,right,0.9793182611465454
d_1027145.exr,wrong,0.9955821633338928
d_1027146.exr,right,0.9955267310142517
d_1027147.exr,right,0.995607316493988
d_1027149.exr,right,0.9955828785896301
d_1027150.exr,right,0.9956034421920776
d_1027151.exr,right,0.9931786060333252
d_1027156.exr,right,0.9956300258636475
d_1027157.exr,wrong,0.9781022667884827
d_1027159.exr,right,0.995551347732544
d_1027160.exr,right,0.9955824017524719
d_1027161.exr,right,0.9584785103797913
d_1027162.exr,right,0.9956140518188477
d_1027163.exr,right,0.9956093430519104
d_1027167.exr,right,0.9956274032592773
d_1027168.exr,right,0.9956021308898926
d_1027169.exr,right,0.995587944984436
d_1027170.exr,wrong,0.9939980506896973
d_1027172.exr,right,0.9955428242683411
d_1027173.exr,wrong,0.994529664516449
d_1027174.exr,right,0.9953145980834961
d_1027175.exr,right,0.9956318140029907
d_1027178.exr,right,0.9956121444702148
d_1027181.exr,right,0.9954801797866821
d_1027182.exr,wrong,0.9937589168548584
d_1027184.exr,right,0.9956296682357788
d_1027185.exr,right,0.9955247640609741
d_1027186.exr,right,0.9943190217018127
d_1027187.exr,right,0.9956289529800415
d_1027188.exr,right,0.9956241250038147
d_1027191.exr,right,0.9956142902374268
d_1027192.exr,right,0.9948076605796814
d_1027193.exr,right,0.9590420126914978
d_1027194.exr,wrong,0.9957141280174255
d_1027197.exr,right,0.9956125020980835
d_1027199.exr,right,0.9956172704696655
d_1027201.exr,right,0.9956117868423462
d_1027202.exr,right,0.9955969452857971
d_1027204.exr,right,0.9955724477767944
d_1027205.exr,right,0.994998574256897
d_1027206.exr,right,0.9956234097480774
d_1027208.exr,wrong,0.994949221611023
d_1027209.exr,right,0.9955734014511108
d_1027211.exr,wrong,0.9951640367507935
d_1027212.exr,right,0.994983434677124
d_1027214.exr,wrong,0.9952190518379211
d_1027215.exr,right,0.9955213069915771
d_1027216.exr,right,0.9956178665161133
d_1027217.exr,right,0.9955915212631226
d_1027223.exr,right,0.9947381615638733
d_1027224.exr,right,0.9955719709396362
d_1027225.exr,right,0.9950138926506042
d_1027226.exr,wrong,0.9932615160942078
d_1027228.exr,right,0.995586633682251
d_1027231.exr,right,0.9954816102981567
d_1027232.exr,wrong,0.9932739734649658
d_1027233.exr,right,0.9954739212989807
d_1027234.exr,right,0.9956235289573669
d_1027236.exr,right,0.9956048727035522
d_1027238.exr,wrong,0.9673874974250793
d_1027239.exr,right,0.9956100583076477
d_1027242.exr,right,0.9955815672874451
d_1027243.exr,right,0.9948210716247559
d_1027245.exr,right,0.9954916834831238
d_1027247.exr,right,0.995553195476532
d_1027248.exr,right,0.9956037998199463
d_1027250.exr,right,0.9946750402450562
d_1027251.exr,right,0.9956285953521729
d_1027252.exr,right,0.995536208152771
d_1027253.exr,right,0.9955809712409973
d_1027254.exr,right,0.975402295589447
d_1027256.exr,right,0.9955763816833496
d_1027257.exr,right,0.9956240057945251
d_1027258.exr,right,0.9955989122390747
d_1027259.exr,right,0.995496392250061
d_1027262.exr,right,0.9952411651611328
d_1027263.exr,right,0.9955713152885437
d_1027264.exr,wrong,0.9809601306915283
d_1027265.exr,right,0.9955711960792542
d_1027268.exr,wrong,0.9942891597747803
d_1027269.exr,right,0.9956079125404358
d_1027270.exr,right,0.9946606755256653
d_1027273.exr,right,0.9955892562866211
d_1027274.exr,right,0.9956215023994446
d_1027275.exr,right,0.995196521282196
d_1027276.exr,right,0.9934940934181213
d_1027279.exr,right,0.9956093430519104
d_1027280.exr,right,0.9955313801765442
d_1027281.exr,right,0.9956138134002686
d_1027286.exr,right,0.9956173896789551
d_1027287.exr,right,0.9954497218132019
d_1027289.exr,wrong,0.9955071210861206
d_1027290.exr,right,0.9955301880836487
d_1027291.exr,right,0.9955716133117676
d_1027292.exr,right,0.9947730898857117
d_1027293.exr,right,0.995624840259552
d_1027294.exr,right,0.9950981736183167
d_1027295.exr,right,0.9948685169219971
d_1027296.exr,right,0.9955688118934631
d_1027297.exr,right,0.9956120252609253
d_1027298.exr,right,0.9955838322639465
d_1027299.exr,right,0.9956095814704895
d_1027300.exr,right,0.9955387711524963
d_1027302.exr,wrong,0.9955673813819885
d_1027305.exr,right,0.9956164360046387
d_1027307.exr,right,0.9955488443374634
d_1027308.exr,right,0.9953240752220154
d_1027309.exr,wrong,0.9957108497619629
d_1027310.exr,right,0.9951163530349731
d_1027311.exr,right,0.9280575513839722
d_1027312.exr,right,0.9916459918022156
d_1027313.exr,right,0.9951450228691101
d_1027314.exr,right,0.9952483773231506
d_1027315.exr,right,0.995613694190979
d_1027316.exr,right,0.9928411245346069
d_1027317.exr,right,0.9950830936431885
d_1027318.exr,wrong,0.9952945113182068
d_1027319.exr,right,0.9955447912216187
d_1027320.exr,right,0.9956234097480774
d_1027322.exr,right,0.995602011680603
d_1027323.exr,right,0.9932478666305542
d_1027324.exr,right,0.9954969882965088
d_1027325.exr,right,0.9956037998199463
d_1027326.exr,right,0.9956320524215698
d_1027328.exr,right,0.9956240057945251
d_1027329.exr,right,0.9952043294906616
d_1027330.exr,wrong,0.9952261447906494
d_1027333.exr,right,0.9955565333366394
d_1027334.exr,right,0.9955860376358032
d_1027336.exr,right,0.9955587387084961
d_1027337.exr,right,0.9956129789352417
d_1027338.exr,right,0.99562007188797
d_1027340.exr,right,0.995589017868042
d_1027341.exr,right,0.9955517649650574
d_1027343.exr,right,0.9956313371658325
d_1027344.exr,right,0.9954533576965332
d_1027345.exr,right,0.9954544305801392
d_1027346.exr,right,0.9955938458442688
d_1027347.exr,right,0.9956247210502625
d_1027348.exr,right,0.995623767375946
d_1027349.exr,right,0.9956249594688416
d_1027351.exr,right,0.9956275224685669
d_1027352.exr,right,0.9956036806106567
d_1027353.exr,right,0.9955190420150757
d_1027354.exr,right,0.995622456073761
d_1027355.exr,right,0.9956016540527344
d_1027356.exr,right,0.9954581260681152
d_1027358.exr,right,0.9956281185150146
d_1027359.exr,right,0.9955768585205078
d_1027360.exr,right,0.995590329170227
d_1027361.exr,right,0.9955116510391235
d_1027364.exr,right,0.9955955147743225
d_1027365.exr,wrong,0.9917200803756714
d_1027367.exr,right,0.995514452457428
d_1027368.exr,right,0.9955535531044006
d_1027369.exr,right,0.9955856800079346
d_1027370.exr,right,0.9955590963363647
d_1027372.exr,right,0.995610773563385
d_1027374.exr,right,0.9956228137016296
d_1027375.exr,right,0.9956178665161133
d_1027376.exr,right,0.9954713582992554
d_1027377.exr,right,0.9956294298171997
d_1027378.exr,right,0.9952627420425415
d_1027380.exr,right,0.9956188797950745
d_1027381.exr,right,0.9955606460571289
d_1027382.exr,right,0.9955818057060242
d_1027383.exr,right,0.995631217956543
d_1027384.exr,right,0.9951894283294678
d_1027385.exr,right,0.991419792175293
d_1027386.exr,right,0.9955660700798035
d_1027387.exr,right,0.9956252574920654
d_1027388.exr,right,0.995570719242096
d_1027389.exr,right,0.9956305027008057
d_1027390.exr,right,0.9956335425376892
d_1027391.exr,right,0.9955416321754456
d_1027392.exr,right,0.9953924417495728
d_1027395.exr,right,0.9956309795379639
d_1027398.exr,right,0.9956243634223938
d_1027399.exr,right,0.9956195950508118
d_1027401.exr,right,0.9956229329109192
d_1027404.exr,right,0.9956219792366028
d_1027405.exr,wrong,0.9952841401100159
d_1027406.exr,right,0.9954804182052612
d_1027408.exr,right,0.994520366191864
d_1027411.exr,right,0.9950942993164062
d_1027412.exr,right,0.9956132173538208
d_1027413.exr,right,0.9956281185150146
d_1027414.exr,right,0.9956293106079102
d_1027415.exr,right,0.9955424666404724
d_1027418.exr,right,0.9350079298019409
d_1027419.exr,right,0.9956117272377014
d_1027424.exr,right,0.9956281185150146
d_1027427.exr,right,0.995585560798645
d_1027429.exr,right,0.995630145072937
d_1027431.exr,right,0.9956061244010925
d_1027432.exr,right,0.9949916005134583
d_1027433.exr,right,0.995581328868866
d_1027435.exr,right,0.9952037334442139
d_1027436.exr,right,0.9955506324768066
d_1027437.exr,right,0.9956258535385132
d_1027438.exr,right,0.9956075549125671
d_1027440.exr,wrong,0.9947474598884583
d_1027441.exr,right,0.9956252574920654
d_1027443.exr,right,0.9956117272377014
d_1027444.exr,right,0.9956159591674805
d_1027446.exr,right,0.995254397392273
d_1027447.exr,right,0.9956077933311462
d_1027448.exr,right,0.995598554611206
d_1027449.exr,right,0.9955992698669434
d_1027450.exr,right,0.9956169128417969
d_1027452.exr,right,0.9955995082855225
d_1027453.exr,right,0.995398223400116
d_1027454.exr,right,0.9955850839614868
d_1027455.exr,wrong,0.9951028823852539
d_1027457.exr,right,0.995587944984436
d_1027458.exr,right,0.9885051846504211
d_1027460.exr,right,0.9955959916114807
d_1027464.exr,right,0.9953492283821106
d_1027465.exr,right,0.9955905675888062
d_1027466.exr,right,0.9956203103065491
d_1027467.exr,right,0.9898647665977478
d_1027468.exr,right,0.6439130306243896
d_1027470.exr,wrong,0.9954531192779541
d_1027471.exr,right,0.9953391551971436
d_1027472.exr,right,0.992414653301239
d_1027473.exr,wrong,0.9954759478569031
d_1027475.exr,right,0.9955768585205078
d_1027476.exr,right,0.9955554604530334
d_1027477.exr,right,0.9956154823303223
d_1027478.exr,right,0.9954078793525696
d_1027481.exr,right,0.9955865144729614
d_1027482.exr,right,0.9956238865852356
d_1027483.exr,wrong,0.9955703616142273
d_1027485.exr,right,0.9952080845832825
d_1027486.exr,right,0.995613694190979
d_1027487.exr,right,0.9956251978874207
d_1027488.exr,right,0.9946401715278625
d_1027490.exr,right,0.9955558180809021
d_1027491.exr,right,0.9956307411193848
d_1027492.exr,right,0.995621383190155
d_1027493.exr,right,0.9955905675888062
d_1027494.exr,right,0.9463850855827332
d_1027495.exr,right,0.9955321550369263
d_1027496.exr,right,0.9955810904502869
d_1027497.exr,right,0.995624840259552
d_1027501.exr,right,0.9955962300300598
d_1027502.exr,right,0.995621383190155
d_1027503.exr,right,0.9956336617469788
d_1027505.exr,right,0.9956110119819641
d_1027506.exr,right,0.9955652356147766
d_1027507.exr,right,0.9944072961807251
d_1027511.exr,right,0.9955240488052368
d_1027512.exr,right,0.9956244826316833
d_1027513.exr,right,0.9956219792366028
d_1027514.exr,right,0.8458516001701355
d_1027515.exr,right,0.9956263303756714
d_1027516.exr,right,0.9955820441246033
d_1027519.exr,right,0.9954106211662292
d_1027521.exr,right,0.9955283999443054
d_1027523.exr,right,0.9955874681472778
d_1027524.exr,right,0.9950873255729675
d_1027526.exr,right,0.9956247210502625
d_1027527.exr,right,0.9953147172927856
d_1027528.exr,right,0.9952593445777893
d_1027529.exr,right,0.9955808520317078
d_1027530.exr,right,0.9955975413322449
d_1027531.exr,wrong,0.9823703765869141
d_1027532.exr,right,0.9954906105995178
d_1027533.exr,right,0.995583713054657
d_1027534.exr,right,0.9956127405166626
d_1027535.exr,wrong,0.994188666343689
d_1027536.exr,right,0.9955289959907532
d_1027537.exr,right,0.9956392049789429
d_1027539.exr,right,0.9951791763305664
d_1027540.exr,right,0.9956299066543579
d_1027545.exr,right,0.9956154823303223
d_1027546.exr,right,0.9956127405166626
d_1027548.exr,right,0.9955779314041138
d_1027549.exr,right,0.9941694736480713
d_1027550.exr,right,0.9956217408180237
d_1027553.exr,wrong,0.9781242609024048
d_1027554.exr,right,0.9953902959823608
d_1027556.exr,wrong,0.9943167567253113
d_1027557.exr,right,0.9954687356948853
d_1027558.exr,right,0.9955924153327942
d_1027560.exr,right,0.9956194758415222
d_1027561.exr,right,0.9955743551254272
d_1027562.exr,right,0.9955896139144897
d_1027563.exr,wrong,0.9955812096595764
d_1027564.exr,wrong,0.9843512773513794
d_1027565.exr,wrong,0.9893372058868408
d_1027566.exr,right,0.9955975413322449
d_1027567.exr,right,0.9956313371658325
d_1027568.exr,right,0.9955930113792419
d_1027569.exr,right,0.9956211447715759
d_1027570.exr,right,0.9953552484512329
d_1027571.exr,right,0.9956297874450684
d_1027572.exr,right,0.995634138584137
d_1027573.exr,right,0.9955607652664185
d_1027574.exr,right,0.9940073490142822
d_1027576.exr,right,0.9956052899360657
d_1027577.exr,right,0.995634138584137
d_1027578.exr,wrong,0.9949437975883484
d_1027579.exr,wrong,0.9914518594741821
d_1027581.exr,right,0.9955986738204956
d_1027582.exr,wrong,0.9945507645606995
d_1027583.exr,right,0.9956099390983582
d_1027584.exr,right,0.9955714344978333
d_1027586.exr,wrong,0.9956740736961365
d_1027587.exr,right,0.9955942034721375
d_1027588.exr,right,0.9954050779342651
d_1027590.exr,right,0.9955406785011292
d_1027591.exr,right,0.9956195950508118
d_1027592.exr,right,0.9955759048461914
d_1027593.exr,wrong,0.9944890737533569
d_1027594.exr,right,0.9946329593658447
d_1027595.exr,right,0.9956278800964355
d_1027596.exr,right,0.8742675185203552
d_1027597.exr,right,0.9955553412437439
d_1027598.exr,right,0.9956211447715759
d_1027601.exr,right,0.9956269264221191
d_1027602.exr,right,0.9956287145614624
d_1027603.exr,right,0.9956223368644714
d_1027604.exr,wrong,0.9952664375305176
d_1027606.exr,right,0.9919230341911316
d_1027607.exr,right,0.9956125020980835
d_1027608.exr,right,0.9953138828277588
d_1027609.exr,wrong,0.9930341243743896
d_1027610.exr,right,0.9956293106079102
d_1027611.exr,right,0.9951905012130737
d_1027612.exr,right,0.9949552416801453
d_1027614.exr,wrong,0.9950921535491943
d_1027615.exr,right,0.9955993890762329
d_1027617.exr,right,0.9956348538398743
d_1027618.exr,right,0.9955613613128662
d_1027619.exr,wrong,0.9901172518730164
d_1027620.exr,right,0.9956125020980835
d_1027621.exr,right,0.9955688118934631
d_1027622.exr,right,0.9956023693084717
d_1027623.exr,right,0.9956325888633728
d_1027624.exr,wrong,0.9954837560653687
d_1027625.exr,wrong,0.9923648834228516
d_1027627.exr,right,0.9945091605186462
d_1027629.exr,right,0.9956195950508118
d_1027631.exr,right,0.995621383190155
d_1027632.exr,right,0.9917117357254028
d_1027633.exr,right,0.9955880641937256
d_1027634.exr,right,0.9955892562866211
d_1027636.exr,right,0.9955637454986572
d_1027637.exr,right,0.995630145072937
d_1027641.exr,right,0.9956028461456299
d_1027642.exr,right,0.995000422000885
d_1027643.exr,right,0.9955155253410339
d_1027645.exr,wrong,0.9934509992599487
d_1027646.exr,right,0.9956285953521729
d_1027647.exr,right,0.9956331849098206
d_1027651.exr,right,0.9956212639808655
d_1027652.exr,right,0.9956321120262146
d_1027653.exr,right,0.9955269694328308
d_1027655.exr,right,0.9948754906654358
d_1027656.exr,right,0.995628833770752
d_1027657.exr,right,0.9956343770027161
d_1027658.exr,right,0.9951483607292175
d_1027659.exr,right,0.9955768585205078
d_1027660.exr,right,0.9953835606575012
d_1027661.exr,wrong,0.9955043196678162
d_1027662.exr,right,0.9956269264221191
d_1027664.exr,right,0.995501697063446
d_1027666.exr,right,0.9956282377243042
d_1027667.exr,right,0.9953042268753052
d_1027668.exr,right,0.9956223368644714
d_1027671.exr,wrong,0.9956949949264526
d_1027672.exr,wrong,0.9901083707809448
d_1027674.exr,right,0.995593249797821
d_1027675.exr,right,0.9751119017601013
d_1027676.exr,wrong,0.9957159161567688
d_1027677.exr,right,0.9703524708747864
d_1027678.exr,right,0.9956268072128296
d_1027679.exr,wrong,0.8968577980995178
d_1027680.exr,right,0.9956116080284119
d_1027682.exr,wrong,0.9491596817970276
d_1027683.exr,wrong,0.994388997554779
d_1027684.exr,right,0.9954890608787537
d_1027686.exr,wrong,0.9957149624824524
d_1027687.exr,right,0.9955928921699524
d_1027689.exr,right,0.9955922961235046
d_1027691.exr,right,0.9956388473510742
d_1027692.exr,right,0.9956133365631104
d_1027693.exr,right,0.9955573678016663
d_1027696.exr,right,0.9955917000770569
d_1027697.exr,right,0.9955844283103943
d_1027698.exr,right,0.9940563440322876
d_1027699.exr,right,0.9939097166061401
d_1027701.exr,right,0.9956279993057251
d_1027702.exr,right,0.9953547716140747
d_1027703.exr,right,0.9956191182136536
d_1027706.exr,right,0.9956262111663818
d_1027708.exr,right,0.9954530000686646
d_1027709.exr,right,0.9956235289573669
d_1027711.exr,wrong,0.9922928810119629
d_1027713.exr,right,0.9944632649421692
d_1027714.exr,right,0.9954113364219666
d_1027715.exr,right,0.9947734475135803
d_1027716.exr,right,0.9955582618713379
d_1027717.exr,right,0.9955945611000061
d_1027718.exr,right,0.9956270456314087
d_1027719.exr,right,0.9956127405166626
d_1027720.exr,right,0.9956082701683044
d_1027721.exr,wrong,0.9957211017608643
d_1027722.exr,right,0.9951938986778259
d_1027723.exr,right,0.9956287145614624
d_1027724.exr,right,0.9956293106079102
d_1027727.exr,right,0.9955030083656311
d_1027728.exr,right,0.9956263303756714
d_1027729.exr,right,0.9956015348434448
d_1027730.exr,right,0.9956313371658325
d_1027731.exr,right,0.9955524802207947
d_1027732.exr,wrong,0.992709755897522
d_1027734.exr,right,0.9956144094467163
d_1027736.exr,right,0.9956225752830505
d_1027737.exr,right,0.995631217956543
d_1027738.exr,right,0.9955838322639465
d_1027741.exr,right,0.9451161623001099
d_1027742.exr,right,0.9956374764442444
d_1027743.exr,right,0.9956322312355042
d_1027744.exr,right,0.9954845905303955
d_1027745.exr,right,0.9956064820289612
d_1027746.exr,right,0.9956055283546448
d_1027747.exr,right,0.9941062927246094
d_1027748.exr,right,0.9956275224685669
d_1027749.exr,right,0.995593249797821
d_1027752.exr,right,0.9955862760543823
d_1027753.exr,right,0.9956263303756714
d_1027754.exr,right,0.9956225752830505
d_1027757.exr,right,0.9956300258636475
d_1027758.exr,right,0.995593249797821
d_1027759.exr,right,0.9956218600273132
d_1027761.exr,right,0.9956153631210327
d_1027762.exr,wrong,0.9946073889732361
d_1027763.exr,right,0.9956112504005432
d_1027764.exr,right,0.9956235289573669
d_1027765.exr,right,0.9956305027008057
d_1027767.exr,right,0.9955883026123047
d_1027768.exr,right,0.9956270456314087
d_1027769.exr,right,0.9955804944038391
d_1027771.exr,wrong,0.9751478433609009
d_1027773.exr,right,0.9955820441246033
d_1027774.exr,right,0.9953601956367493
d_1027775.exr,right,0.995537519454956
d_1027778.exr,right,0.9956319332122803
d_1027782.exr,right,0.9956198334693909
d_1027783.exr,right,0.9956158399581909
d_1027784.exr,right,0.9956336617469788
d_1027785.exr,right,0.9956210255622864
d_1027786.exr,right,0.9954518675804138
d_1027788.exr,right,0.995637834072113
d_1027789.exr,right,0.9955828785896301
d_1027790.exr,right,0.9955599308013916
d_1027793.exr,right,0.9954094290733337
d_1027794.exr,right,0.9955049157142639
d_1027795.exr,right,0.9371578693389893
d_1027797.exr,right,0.9955690503120422
d_1027798.exr,right,0.9956302642822266
d_1027800.exr,right,0.9945068955421448
d_1027803.exr,right,0.995630145072937
d_1027804.exr,right,0.9956369996070862
d_1027807.exr,wrong,0.9956531524658203
d_1027808.exr,right,0.9956336617469788
d_1027809.exr,right,0.995591402053833
d_1027810.exr,right,0.9956077933311462
d_1027811.exr,right,0.9945188164710999
d_1027812.exr,right,0.9956229329109192
d_1027815.exr,right,0.9956139326095581
d_1027816.exr,wrong,0.9956783652305603
d_1027818.exr,right,0.9956198334693909
d_1027819.exr,right,0.9955641031265259
d_1027822.exr,wrong,0.9946803450584412
d_1027823.exr,wrong,0.9954866766929626
d_1027824.exr,right,0.9956223368644714
d_1027826.exr,right,0.9955936074256897
d_1027827.exr,right,0.9956367611885071
d_1027828.exr,wrong,0.9942086935043335
d_1027829.exr,right,0.9956008195877075
d_1027830.exr,right,0.9955763816833496
d_1027831.exr,right,0.9956042766571045
d_1027832.exr,right,0.9956062436103821
d_1027833.exr,right,0.9956106543540955
d_1027834.exr,right,0.9956246018409729
d_1027835.exr,right,0.9956016540527344
d_1027840.exr,wrong,0.9706649780273438
d_1027842.exr,right,0.9956140518188477
d_1027843.exr,right,0.9956128597259521
d_1027844.exr,right,0.995573878288269
d_1027845.exr,right,0.9923319816589355
d_1027846.exr,right,0.9956191182136536
d_1027847.exr,right,0.9950273633003235
d_1027848.exr,right,0.9171952605247498
d_1027849.exr,right,0.9956296682357788
d_1027850.exr,right,0.9956299066543579
d_1027854.exr,right,0.9956325888633728
d_1027855.exr,right,0.9956210255622864
d_1027857.exr,right,0.9956188797950745
d_1027858.exr,wrong,0.9936880469322205
d_1027859.exr,right,0.9956070780754089
d_1027861.exr,wrong,0.9869630932807922
d_1027862.exr,right,0.9955970644950867
d_1027863.exr,right,0.9955447316169739
d_1027865.exr,right,0.9956204295158386
d_1027867.exr,wrong,0.986793577671051
d_1027868.exr,right,0.9956335425376892
d_1027869.exr,right,0.9955465793609619
d_1027873.exr,right,0.9954914450645447
d_1027876.exr,right,0.9955793023109436
d_1027877.exr,wrong,0.9951905012130737
d_1027878.exr,right,0.9956191182136536
d_1027879.exr,right,0.9955203533172607
d_1027880.exr,right,0.9956198334693909
d_1027881.exr,right,0.9956218600273132
d_1027883.exr,right,0.9950061440467834
d_1027884.exr,right,0.9955850839614868
d_1027885.exr,right,0.9956294298171997
d_1027890.exr,right,0.9956216216087341
d_1027892.exr,wrong,0.9268611669540405
d_1027893.exr,right,0.9954711198806763
d_1027894.exr,right,0.9955600500106812
d_1027895.exr,right,0.9937269687652588
d_1027897.exr,right,0.9955769777297974
d_1027899.exr,wrong,0.9950582981109619
d_1027901.exr,right,0.9956079125404358
d_1027902.exr,right,0.995591938495636
d_1027903.exr,right,0.9956145286560059
d_1027904.exr,right,0.9956153631210327
d_1027905.exr,right,0.9955155253410339
d_1027906.exr,right,0.9943870306015015
d_1027907.exr,right,0.9956349730491638
d_1027908.exr,right,0.9956041574478149
d_1027909.exr,wrong,0.9947364926338196
d_1027910.exr,right,0.9851096868515015
d_1027914.exr,right,0.9956244826316833
d_1027916.exr,right,0.5076963901519775
d_1027920.exr,right,0.9955418705940247
d_1027921.exr,right,0.9955867528915405
d_1027924.exr,right,0.9956258535385132
d_1027926.exr,right,0.9955089092254639
d_1027929.exr,right,0.9956285953521729
d_1027931.exr,right,0.9955867528915405
d_1027932.exr,wrong,0.9951711297035217
d_1027934.exr,right,0.9956217408180237
d_1027935.exr,right,0.9956099390983582
d_1027936.exr,right,0.9956022500991821
d_1027937.exr,right,0.9956279993057251
d_1027938.exr,right,0.995628833770752
d_1027939.exr,right,0.9956243634223938
d_1027940.exr,wrong,0.9948511719703674
d_1027941.exr,right,0.995559811592102
d_1027944.exr,right,0.9956278800964355
d_1027945.exr,wrong,0.9955282807350159
d_1027946.exr,right,0.995537519454956
d_1027948.exr,right,0.995624840259552
d_1027949.exr,right,0.9956297874450684
d_1027950.exr,right,0.9955493211746216
d_1027951.exr,right,0.9955564141273499
d_1027952.exr,right,0.9956117272377014
d_1027953.exr,wrong,0.9119726419448853
d_1027954.exr,right,0.9956287145614624
d_1027955.exr,right,0.9955803751945496
d_1027956.exr,right,0.9956154823303223
d_1027957.exr,wrong,0.9893372058868408
d_1027958.exr,right,0.9602450728416443
d_1027959.exr,right,0.9956183433532715
d_1027960.exr,wrong,0.9952563643455505
d_1027961.exr,right,0.9956041574478149
d_1027962.exr,wrong,0.9953870177268982
d_1027963.exr,right,0.9956112504005432
d_1027964.exr,right,0.9956228137016296
d_1027965.exr,wrong,0.9920406937599182
d_1027966.exr,right,0.9956337809562683
d_1027967.exr,right,0.968901515007019
d_1027968.exr,right,0.9950063228607178
d_1027969.exr,right,0.9954779744148254
d_1027970.exr,right,0.9955352544784546
d_1027971.exr,right,0.9956282377243042
d_1027972.exr,right,0.9956110119819641
d_1027973.exr,right,0.9956381916999817
d_1027974.exr,wrong,0.9952552318572998
d_1027975.exr,right,0.9956388473510742
d_1027976.exr,right,0.9955872297286987
d_1027977.exr,right,0.9950758814811707
d_1027978.exr,right,0.9955915808677673
d_1027980.exr,right,0.9956035614013672
d_1027982.exr,right,0.995612621307373
d_1027985.exr,right,0.9956127405166626
d_1027987.exr,right,0.9955987930297852
d_1027990.exr,right,0.9956306219100952
d_1027991.exr,right,0.9942322373390198
d_1027992.exr,right,0.9953265190124512
d_1027994.exr,right,0.9955917000770569
d_1027995.exr,right,0.9956371188163757
d_1027996.exr,wrong,0.9907692074775696
d_1027998.exr,wrong,0.9916480779647827
d_1027999.exr,wrong,0.9465063810348511
d_1028000.exr,right,0.9956371188163757
d_1028001.exr,wrong,0.992459237575531
d_1028003.exr,right,0.9956275224685669
d_1028004.exr,right,0.9956167936325073
d_1028005.exr,right,0.995586633682251
d_1028008.exr,right,0.9956027269363403
d_1028009.exr,right,0.9955969452857971
d_1028010.exr,right,0.9955654740333557
d_1028012.exr,right,0.9920694828033447
d_1028013.exr,right,0.9954125285148621
d_1028014.exr,right,0.9956185221672058
d_1028015.exr,right,0.995629072189331
d_1028016.exr,wrong,0.9957157969474792
d_1028017.exr,right,0.9956207871437073
d_1028018.exr,right,0.9948731064796448
d_1028019.exr,wrong,0.9956817626953125
d_1028020.exr,wrong,0.995468258857727
d_1028021.exr,right,0.9955682158470154
d_1028024.exr,right,0.9955604076385498
d_1028026.exr,right,0.995634138584137
d_1028027.exr,right,0.9956194758415222
d_1028028.exr,right,0.9956179857254028
d_1028029.exr,right,0.9956178665161133
d_1028031.exr,right,0.9955007433891296
d_1028033.exr,right,0.9956294298171997
d_1028034.exr,right,0.9956272840499878
d_1028035.exr,wrong,0.9957181811332703
d_1028036.exr,right,0.9956327080726624
d_1028038.exr,right,0.9956231713294983
d_1028039.exr,right,0.9956172704696655
d_1028041.exr,right,0.9953469634056091
d_1028043.exr,right,0.9956183433532715
d_1028044.exr,right,0.9956219792366028
d_1028046.exr,right,0.9955533146858215
d_1028047.exr,right,0.9956300258636475
d_1028048.exr,right,0.9956139326095581
d_1028049.exr,right,0.9949001669883728
d_1028050.exr,right,0.9956178665161133
d_1028051.exr,right,0.9953670501708984
d_1028052.exr,wrong,0.9954224228858948
d_1028053.exr,right,0.9956153631210327
d_1028054.exr,right,0.9955412745475769
d_1028055.exr,wrong,0.9957215785980225
d_1028056.exr,right,0.9955751895904541
d_1028058.exr,right,0.9956271648406982
d_1028059.exr,right,0.9955581426620483
d_1028060.exr,right,0.995583713054657
d_1028061.exr,right,0.9955400824546814
d_1028062.exr,right,0.9956203103065491
d_1028063.exr,right,0.9956240057945251
d_1028068.exr,right,0.9955761432647705
d_1028071.exr,right,0.9955845475196838
d_1028073.exr,right,0.9956229329109192
d_1028074.exr,wrong,0.9949605464935303
d_1028075.exr,wrong,0.9952393770217896
d_1028076.exr,wrong,0.9907549023628235
d_1028077.exr,right,0.9955871105194092
d_1028079.exr,right,0.995606005191803
d_1028080.exr,right,0.9954953193664551
d_1028081.exr,wrong,0.9953553676605225
d_1028082.exr,right,0.995579183101654
d_1028083.exr,right,0.995590329170227
d_1028084.exr,right,0.9956176280975342
d_1028085.exr,wrong,0.9897079467773438
d_1028086.exr,right,0.9572998285293579
d_1028088.exr,right,0.9955708384513855
d_1028089.exr,right,0.995623767375946
d_1028091.exr,right,0.9918603301048279
d_1028093.exr,right,0.9955451488494873
d_1028094.exr,right,0.9915710687637329
d_1028095.exr,right,0.9956011772155762
d_1028096.exr,right,0.995593249797821
d_1028097.exr,right,0.9925562739372253
d_1028098.exr,right,0.9956225752830505
d_1028099.exr,wrong,0.9953978657722473
d_1028100.exr,right,0.9954243302345276
d_1028101.exr,right,0.994968593120575
d_1028103.exr,right,0.9955978989601135
d_1028104.exr,right,0.9837590456008911
d_1028105.exr,wrong,0.9917329549789429
d_1028106.exr,right,0.9955981373786926
d_1028108.exr,right,0.9940842986106873
d_1028109.exr,right,0.9954468607902527
d_1028110.exr,right,0.9956355690956116
d_1028111.exr,wrong,0.9952937960624695
d_1028113.exr,right,0.9937321543693542
d_1028114.exr,right,0.9955980181694031
d_1028116.exr,wrong,0.9948868155479431
d_1028118.exr,right,0.9956127405166626
d_1028119.exr,right,0.995627760887146
d_1028120.exr,right,0.9258295297622681
d_1028121.exr,right,0.9956211447715759
d_1028123.exr,right,0.9956336617469788
d_1028125.exr,right,0.9955400824546814
d_1028126.exr,right,0.9955400824546814
d_1028127.exr,right,0.9954627156257629
d_1028129.exr,right,0.9956156015396118
d_1028131.exr,right,0.9954885840415955
d_1028132.exr,right,0.9956048727035522
d_1028133.exr,wrong,0.9911627769470215
d_1028134.exr,right,0.995606005191803
d_1028135.exr,right,0.9955973029136658
d_1028138.exr,right,0.9956182241439819
d_1028139.exr,right,0.9955843091011047
d_1028140.exr,right,0.9955483675003052
d_1028141.exr,right,0.99456787109375
d_1028142.exr,right,0.9956095814704895
d_1028143.exr,right,0.9944873452186584
d_1028144.exr,right,0.995604395866394
d_1028145.exr,right,0.9951038360595703
d_1028146.exr,right,0.9455227851867676
d_1028148.exr,right,0.9956331849098206
d_1028149.exr,right,0.9955477714538574
d_1028152.exr,right,0.994418740272522
d_1028153.exr,right,0.9956383109092712
d_1028156.exr,right,0.9955193996429443
d_1028157.exr,right,0.9956300258636475
d_1028158.exr,right,0.9956327080726624
d_1028160.exr,right,0.9868861436843872
d_1028161.exr,right,0.9956313371658325
d_1028163.exr,right,0.9956138134002686
d_1028165.exr,right,0.9954923391342163
d_1028167.exr,right,0.9955957531929016
d_1028170.exr,wrong,0.995252251625061
d_1028172.exr,right,0.9956116080284119
d_1028174.exr,right,0.9955788254737854
d_1028175.exr,right,0.9956246018409729
d_1028176.exr,right,0.9955663084983826
d_1028177.exr,right,0.9955717325210571
d_1028178.exr,right,0.9955577254295349
d_1028179.exr,right,0.9956152439117432
d_1028180.exr,wrong,0.995396077632904
d_1028181.exr,right,0.9955945611000061
d_1028182.exr,right,0.9954060316085815
d_1028183.exr,right,0.9956294298171997
d_1028184.exr,right,0.9956287145614624
d_1028185.exr,right,0.9953539371490479
d_1028186.exr,right,0.9956350922584534
d_1028187.exr,right,0.9956327080726624
d_1028188.exr,right,0.9956139326095581
d_1028189.exr,right,0.9954426288604736
d_1028190.exr,wrong,0.991855263710022
d_1028191.exr,right,0.9956050515174866
d_1028192.exr,right,0.9944169521331787
d_1028193.exr,right,0.5489646196365356
d_1028194.exr,right,0.9955458641052246
d_1028195.exr,right,0.9955909252166748
d_1028196.exr,right,0.9956064820289612
d_1028197.exr,right,0.9950490593910217
d_1028198.exr,right,0.9956272840499878
d_1028200.exr,right,0.9956177473068237
d_1028201.exr,right,0.995394229888916
d_1028202.exr,right,0.9955783486366272
d_1028204.exr,right,0.9955743551254272
d_1028206.exr,right,0.9956148862838745
d_1028207.exr,right,0.9956209063529968
d_1028208.exr,right,0.9956315755844116
d_1028209.exr,right,0.9954724907875061
d_1028210.exr,right,0.9956166744232178
d_1028211.exr,right,0.9955931305885315
d_1028212.exr,right,0.9955872297286987
d_1028214.exr,wrong,0.9950904846191406
d_1028215.exr,right,0.9955936074256897
d_1028218.exr,wrong,0.9948521256446838
d_1028219.exr,wrong,0.9926910996437073
d_1028220.exr,right,0.9956340193748474
d_1028221.exr,right,0.9956138134002686
d_1028222.exr,right,0.9956315755844116
d_1028224.exr,wrong,0.9955242872238159
d_1028225.exr,right,0.995636522769928
d_1028226.exr,right,0.9956045150756836
d_1028229.exr,right,0.9956050515174866
d_1028230.exr,right,0.9955347776412964
d_1028231.exr,right,0.9956347346305847
d_1028232.exr,right,0.9953891038894653
d_1028233.exr,wrong,0.9952133893966675
d_1028234.exr,right,0.9955007433891296
d_1028235.exr,right,0.995556652545929
d_1028236.exr,right,0.9956017732620239
d_1028237.exr,right,0.9955910444259644
d_1028238.exr,right,0.9956087470054626
d_1028239.exr,right,0.9956112504005432
d_1028240.exr,right,0.9955810904502869
d_1028241.exr,right,0.9956199526786804
d_1028242.exr,right,0.9956051707267761
d_1028243.exr,wrong,0.9943135976791382
d_1028245.exr,right,0.9955013394355774
d_1028250.exr,right,0.995608389377594
d_1028253.exr,right,0.9956343770027161
d_1028255.exr,right,0.9955878257751465
d_1028256.exr,right,0.9955958724021912
d_1028257.exr,right,0.9956205487251282
d_1028258.exr,right,0.9951732754707336
d_1028259.exr,wrong,0.9953405857086182
d_1028261.exr,right,0.9954581260681152
d_1028262.exr,right,0.9921918511390686
d_1028263.exr,wrong,0.6187032461166382
d_1028266.exr,right,0.9955090284347534
d_1028267.exr,right,0.9956187605857849
d_1028268.exr,right,0.9956032037734985
d_1028270.exr,right,0.9956093430519104
d_1028271.exr,right,0.9956225752830505
d_1028272.exr,wrong,0.9952503442764282
d_1028274.exr,right,0.9955787062644958
d_1028275.exr,right,0.995564877986908
d_1028276.exr,right,0.9955981373786926
d_1028278.exr,right,0.9956192374229431
d_1028280.exr,right,0.9956110119819641
d_1028281.exr,right,0.9955926537513733
d_1028282.exr,right,0.9955958724021912
d_1028283.exr,right,0.995634138584137
d_1028285.exr,right,0.9956017732620239
d_1028286.exr,right,0.9956167936325073
d_1028287.exr,right,0.9955586194992065
d_1028290.exr,right,0.9955288767814636
d_1028292.exr,right,0.9955891370773315
d_1028293.exr,wrong,0.9869511127471924
d_1028295.exr,right,0.9956262111663818
d_1028296.exr,right,0.9956241250038147
d_1028298.exr,right,0.9956054091453552
d_1028299.exr,right,0.9943943023681641
d_1028300.exr,right,0.873835563659668
d_1028301.exr,right,0.9955294728279114
d_1028302.exr,right,0.9955489635467529
d_1028303.exr,right,0.9941040873527527
d_1028305.exr,wrong,0.9953252077102661
d_1028307.exr,right,0.9955731630325317
d_1028308.exr,right,0.9955291152000427
d_1028310.exr,right,0.9956235289573669
d_1028311.exr,right,0.9956252574920654
d_1028312.exr,right,0.9956316947937012
d_1028315.exr,wrong,0.8803702592849731
d_1028316.exr,right,0.9956209063529968
d_1028317.exr,right,0.9955921769142151
d_1028319.exr,right,0.9955489635467529
d_1028320.exr,right,0.9956175088882446
d_1028322.exr,wrong,0.9913414120674133
d_1028323.exr,right,0.9956346154212952
d_1028324.exr,right,0.995610773563385
d_1028325.exr,wrong,0.9946075081825256
d_1028326.exr,right,0.9956269264221191
d_1028327.exr,right,0.9955873489379883
d_1028329.exr,right,0.9956050515174866
d_1028330.exr,wrong,0.9948311448097229
d_1028331.exr,right,0.9956226944923401
d_1028332.exr,right,0.9950149655342102
d_1028333.exr,right,0.9865542650222778
d_1028334.exr,right,0.9945982694625854
d_1028336.exr,right,0.9956348538398743
d_1028339.exr,right,0.9955093860626221
d_1028340.exr,right,0.9956165552139282
d_1028345.exr,right,0.995618999004364
d_1028346.exr,right,0.9956153631210327
d_1028349.exr,right,0.9956254959106445
d_1028350.exr,right,0.9931598901748657
d_1028351.exr,right,0.9955422282218933
d_1028352.exr,right,0.9816896915435791
d_1028354.exr,right,0.9956349730491638
d_1028357.exr,right,0.9956297874450684
d_1028358.exr,right,0.9956164360046387
d_1028360.exr,right,0.9956005811691284
d_1028361.exr,right,0.9956153631210327
d_1028362.exr,right,0.9956014156341553
d_1028363.exr,right,0.9956037998199463
d_1028364.exr,right,0.9956321120262146
d_1028365.exr,right,0.9956188797950745
d_1028367.exr,right,0.9955719709396362
d_1028368.exr,right,0.9949855804443359
d_1028369.exr,right,0.9956385493278503
d_1028372.exr,right,0.9956101775169373
d_1028373.exr,right,0.9956119060516357
d_1028375.exr,right,0.9956264495849609
d_1028377.exr,right,0.9955801367759705
d_1028379.exr,right,0.9956260919570923
d_1028381.exr,right,0.9927819967269897
d_1028383.exr,right,0.9951979517936707
d_1028385.exr,right,0.9954023361206055
d_1028386.exr,wrong,0.9953877329826355
d_1028387.exr,wrong,0.9952709078788757
d_1028388.exr,right,0.9955877065658569
d_1028389.exr,right,0.9954299926757812
d_1028391.exr,right,0.995486319065094
d_1028392.exr,right,0.9943587183952332
d_1028393.exr,right,0.9955957531929016
d_1028394.exr,right,0.995612621307373
d_1028397.exr,right,0.9956276416778564
d_1028399.exr,right,0.9956249594688416
d_1028403.exr,wrong,0.9945685863494873
d_1028404.exr,wrong,0.9951502680778503
d_1028405.exr,right,0.9888665080070496
d_1028407.exr,right,0.9955242872238159
d_1028408.exr,right,0.995537519454956
d_1028409.exr,right,0.692500650882721
d_1028410.exr,right,0.9956344962120056
d_1028414.exr,right,0.9955444931983948
d_1028415.exr,right,0.9955743551254272
d_1028416.exr,wrong,0.995643138885498
d_1028417.exr,right,0.9956331849098206
d_1028418.exr,right,0.9956283569335938
d_1028419.exr,right,0.9956323504447937
d_1028420.exr,right,0.9956309795379639
d_1028421.exr,right,0.9956051707267761
d_1028422.exr,right,0.9955987930297852
d_1028425.exr,right,0.9955295920372009
d_1028426.exr,right,0.9956069588661194
d_1028427.exr,right,0.995612382888794
d_1028429.exr,right,0.9956111311912537
d_1028431.exr,right,0.9956293106079102
d_1028432.exr,right,0.995537519454956
d_1028434.exr,right,0.9954980611801147
d_1028435.exr,right,0.9949933886528015
d_1028437.exr,right,0.9955934882164001
d_1028438.exr,right,0.9955442547798157
d_1028439.exr,right,0.9953926801681519
d_1028441.exr,right,0.9956133365631104
d_1028442.exr,right,0.995628833770752
d_1028445.exr,right,0.9954748749732971
d_1028446.exr,right,0.9956315755844116
d_1028448.exr,wrong,0.9954236149787903
d_1028449.exr,right,0.9943248629570007
d_1028450.exr,right,0.9955400824546814
d_1028452.exr,wrong,0.9934015870094299
d_1028454.exr,right,0.9922447800636292
d_1028455.exr,wrong,0.9957165122032166
d_1028456.exr,right,0.9956334233283997
d_1028457.exr,right,0.9955759048461914
d_1028458.exr,right,0.995627760887146
d_1028459.exr,right,0.9956372380256653
d_1028463.exr,right,0.9955801367759705
d_1028464.exr,wrong,0.9912266135215759
d_1028465.exr,right,0.9955942034721375
d_1028466.exr,right,0.9955859184265137
d_1028467.exr,right,0.995552122592926
d_1028469.exr,right,0.9934412240982056
d_1028471.exr,right,0.9954016208648682
d_1028472.exr,right,0.9956056475639343
d_1028473.exr,right,0.9956249594688416
d_1028474.exr,right,0.9956314563751221
d_1028477.exr,wrong,0.9954167604446411
d_1028478.exr,right,0.995627760887146
d_1028479.exr,right,0.9955447912216187
d_1028482.exr,right,0.9956291913986206
d_1028483.exr,right,0.9955435395240784
d_1028484.exr,right,0.9956246018409729
d_1028487.exr,right,0.9936957955360413
d_1028488.exr,right,0.9956263303756714
d_1028489.exr,right,0.9956243634223938
d_1028491.exr,right,0.9944104552268982
d_1028492.exr,right,0.9945237636566162
d_1028493.exr,right,0.9956259727478027
d_1028494.exr,right,0.9956300258636475
d_1028496.exr,right,0.9955964684486389
d_1028497.exr,right,0.9956306219100952
d_1028498.exr,right,0.9956334233283997
d_1028499.exr,right,0.995585560798645
d_1028500.exr,right,0.9955871105194092
d_1028501.exr,right,0.9956197142601013
d_1028502.exr,wrong,0.9780123829841614
d_1028503.exr,right,0.9956199526786804
d_1028504.exr,right,0.9956302642822266
d_1028505.exr,wrong,0.9206750988960266
d_1028509.exr,right,0.995600700378418
d_1028510.exr,right,0.9955860376358032
d_1028512.exr,right,0.9948398470878601
d_1028514.exr,right,0.9956199526786804
d_1028515.exr,right,0.9956212639808655
d_1028516.exr,right,0.9956347346305847
d_1028517.exr,right,0.9954843521118164
d_1028519.exr,right,0.9956154823303223
d_1028520.exr,wrong,0.994772732257843
d_1028521.exr,wrong,0.910820722579956
d_1028524.exr,right,0.9954150915145874
d_1028525.exr,wrong,0.9945003986358643
d_1028526.exr,right,0.9954040050506592
d_1028527.exr,right,0.9951385259628296
d_1028528.exr,right,0.9956170320510864
d_1028529.exr,right,0.9955604076385498
d_1028531.exr,right,0.9955993890762329
d_1028532.exr,right,0.9955873489379883
d_1028534.exr,right,0.995614767074585
d_1028535.exr,wrong,0.995695948600769
d_1028537.exr,right,0.9956004619598389
d_1028538.exr,right,0.9956319332122803
d_1028539.exr,right,0.9955214262008667
d_1028540.exr,right,0.9947066903114319
d_1028542.exr,right,0.9956054091453552
d_1028545.exr,right,0.9956039190292358
d_1028546.exr,right,0.9930815100669861
d_1028547.exr,right,0.9956240057945251
d_1028548.exr,right,0.9954408407211304
d_1028550.exr,right,0.9956056475639343
d_1028551.exr,right,0.9945942759513855
d_1028552.exr,right,0.9956068396568298
d_1028554.exr,right,0.9956207871437073
d_1028558.exr,right,0.9956106543540955
d_1028561.exr,right,0.9607260227203369
d_1028562.exr,right,0.9955999851226807
d_1028563.exr,right,0.9955984354019165
d_1028564.exr,right,0.9954328536987305
d_1028565.exr,right,0.9956236481666565
d_1028566.exr,wrong,0.990946888923645
d_1028569.exr,right,0.9956256151199341
d_1028570.exr,wrong,0.8114956021308899
d_1028571.exr,right,0.9917814135551453
d_1028573.exr,right,0.9873214364051819
d_1028574.exr,wrong,0.9956759810447693
d_1028575.exr,right,0.9955961108207703
d_1028578.exr,right,0.9955785870552063
d_1028579.exr,wrong,0.9947750568389893
d_1028581.exr,right,0.9955582618713379
d_1028585.exr,right,0.9954907298088074
d_1028586.exr,right,0.9934569001197815
d_1028587.exr,right,0.995101273059845
d_1028588.exr,right,0.9955980181694031
d_1028590.exr,right,0.9939458966255188
d_1028591.exr,right,0.995602011680603
d_1028592.exr,right,0.995635449886322
d_1028593.exr,right,0.9956005811691284
d_1028594.exr,wrong,0.9950721859931946
d_1028595.exr,right,0.9956331849098206
d_1028596.exr,right,0.9956173896789551
d_1028598.exr,right,0.9955730438232422
d_1028599.exr,right,0.9939780235290527
d_1028600.exr,right,0.9956047534942627
d_1028601.exr,right,0.9861767888069153
d_1028602.exr,right,0.9955703616142273
d_1028603.exr,right,0.9936840534210205
d_1028605.exr,right,0.9956374764442444
d_1028607.exr,wrong,0.9933979511260986
d_1028609.exr,wrong,0.9954270124435425
d_1028610.exr,right,0.9956187605857849
d_1028611.exr,right,0.9956033229827881
d_1028612.exr,right,0.9955026507377625
d_1028614.exr,right,0.995216965675354
d_1028615.exr,right,0.9956216216087341
d_1028616.exr,right,0.9955770969390869
d_1028617.exr,right,0.995593249797821
d_1028618.exr,right,0.9937092065811157
d_1028619.exr,right,0.9955524802207947
d_1028620.exr,right,0.9955788254737854
d_1028621.exr,right,0.995622456073761
d_1028622.exr,wrong,0.9943357110023499
d_1028623.exr,right,0.9956258535385132
d_1028624.exr,right,0.9948300719261169
d_1028625.exr,right,0.9956260919570923
d_1028626.exr,right,0.9956335425376892
d_1028629.exr,right,0.9955945611000061
d_1028630.exr,right,0.9955982565879822
d_1028631.exr,right,0.9952223896980286
d_1028634.exr,wrong,0.9769272804260254
d_1028635.exr,right,0.9953622221946716
d_1028636.exr,right,0.9946639537811279
d_1028637.exr,right,0.9955815672874451
d_1028640.exr,right,0.9955683350563049
d_1028641.exr,right,0.9956335425376892
d_1028642.exr,right,0.9955891370773315
d_1028644.exr,right,0.9939783811569214
d_1028645.exr,right,0.9955819249153137
d_1028646.exr,right,0.9955797791481018
d_1028647.exr,right,0.995559811592102
d_1028648.exr,right,0.9956274032592773
d_1028649.exr,right,0.9955989122390747
d_1028652.exr,right,0.9955516457557678
d_1028654.exr,right,0.995621383190155
d_1028655.exr,wrong,0.9945648908615112
d_1028657.exr,right,0.9955781102180481
d_1028658.exr,right,0.9955514073371887
d_1028659.exr,right,0.995635449886322
d_1028660.exr,right,0.9953097701072693
d_1028661.exr,right,0.9955509901046753
d_1028662.exr,right,0.9945241212844849
d_1028664.exr,right,0.9956046342849731
d_1028665.exr,right,0.9951639175415039
d_1028666.exr,right,0.9955399632453918
d_1028667.exr,right,0.9411771893501282
d_1028669.exr,right,0.9942605495452881
d_1028671.exr,right,0.995602011680603
d_1028674.exr,right,0.9956158399581909
d_1028675.exr,right,0.9956209063529968
d_1028677.exr,right,0.9956117868423462
d_1028680.exr,right,0.9956344962120056
d_1028681.exr,right,0.9955666661262512
d_1028683.exr,right,0.9956010580062866
d_1028684.exr,right,0.9955891370773315
d_1028688.exr,right,0.9955392479896545
d_1028689.exr,wrong,0.9883793592453003
d_1028690.exr,wrong,0.9866827726364136
d_1028691.exr,right,0.9955262541770935
d_1028693.exr,right,0.9956222176551819
d_1028695.exr,right,0.9955106973648071
d_1028696.exr,right,0.9955074787139893
d_1028701.exr,right,0.995600700378418
d_1028703.exr,wrong,0.9938633441925049
d_1028705.exr,wrong,0.994678258895874
d_1028706.exr,right,0.995508074760437
d_1028707.exr,right,0.9956198334693909
d_1028708.exr,right,0.9956150054931641
d_1028710.exr,right,0.9947181344032288
d_1028711.exr,right,0.9955986738204956
d_1028713.exr,right,0.9954634308815002
d_1028714.exr,wrong,0.9955299496650696
d_1028715.exr,right,0.9955711960792542
d_1028716.exr,right,0.9956139326095581
d_1028719.exr,right,0.9956307411193848
d_1028720.exr,right,0.9956166744232178
d_1028722.exr,right,0.9955922961235046
d_1028723.exr,wrong,0.9951034784317017
d_1028725.exr,right,0.9955173134803772
d_1028727.exr,right,0.995518147945404
d_1028728.exr,wrong,0.9952796697616577
d_1028729.exr,right,0.995612382888794
d_1028730.exr,right,0.9956276416778564
d_1028731.exr,right,0.9952557682991028
d_1028732.exr,right,0.995625376701355
d_1028733.exr,right,0.9955912828445435
d_1028735.exr,right,0.9956226944923401
d_1028736.exr,wrong,0.9951183795928955
d_1028737.exr,right,0.9955893754959106
d_1028738.exr,right,0.9956108927726746
d_1028739.exr,right,0.9951779842376709
d_1028741.exr,right,0.9955679774284363
d_1028743.exr,wrong,0.994207501411438
d_1028744.exr,right,0.9954183101654053
d_1028745.exr,right,0.9955417513847351
d_1028746.exr,right,0.9860442876815796
d_1028747.exr,right,0.9956166744232178
d_1028749.exr,right,0.9906467199325562
d_1028750.exr,right,0.9955765008926392
d_1028752.exr,right,0.9955202341079712
d_1028754.exr,right,0.9956004619598389
d_1028755.exr,wrong,0.9904558062553406
d_1028757.exr,right,0.9956117272377014
d_1028759.exr,right,0.9897840619087219
d_1028760.exr,right,0.9955589771270752
d_1028761.exr,right,0.9956257343292236
d_1028762.exr,right,0.9532281756401062
d_1028764.exr,right,0.9956036806106567
d_1028765.exr,right,0.9956145286560059
d_1028767.exr,right,0.9956167936325073
d_1028769.exr,right,0.9955989122390747
d_1028770.exr,right,0.995026171207428
d_1028771.exr,right,0.9954559803009033
d_1028772.exr,right,0.9956191182136536
d_1028774.exr,right,0.9956119060516357
d_1028775.exr,right,0.9950770735740662
d_1028776.exr,right,0.9955708384513855
d_1028777.exr,wrong,0.995241641998291
d_1028779.exr,right,0.9952827095985413
d_1028781.exr,right,0.9955888986587524
d_1028782.exr,right,0.9956080317497253
d_1028784.exr,right,0.9955653548240662
d_1028786.exr,wrong,0.9952331185340881
d_1028787.exr,right,0.9956230521202087
d_1028791.exr,wrong,0.995589017868042
d_1028792.exr,right,0.9954877495765686
d_1028793.exr,wrong,0.995241641998291
d_1028794.exr,right,0.9955989122390747
d_1028795.exr,right,0.9955659508705139
d_1028797.exr,wrong,0.9764044284820557
d_1028799.exr,right,0.9956085085868835
d_1028801.exr,right,0.9956187605857849
d_1028803.exr,right,0.9956178665161133
d_1028804.exr,wrong,0.9953292608261108
d_1028805.exr,right,0.9939384460449219
d_1028806.exr,right,0.9956313371658325
d_1028808.exr,right,0.9955957531929016
d_1028809.exr,wrong,0.9954237341880798
d_1028810.exr,right,0.994672954082489
d_1028813.exr,right,0.9955980181694031
d_1028815.exr,right,0.9949004054069519
d_1028816.exr,right,0.9956316947937012
d_1028817.exr,right,0.9955920577049255
d_1028818.exr,right,0.9956134557723999
d_1028819.exr,right,0.9955911636352539
d_1028820.exr,wrong,0.9955785870552063
d_1028821.exr,right,0.9955892562866211
d_1028823.exr,right,0.9955299496650696
d_1028824.exr,right,0.9954517483711243
d_1028826.exr,right,0.9956039190292358
d_1028827.exr,right,0.9953691363334656
d_1028830.exr,wrong,0.995266318321228
d_1028831.exr,right,0.9956232905387878
d_1028833.exr,wrong,0.9953729510307312
d_1028834.exr,right,0.9955783486366272
d_1028835.exr,wrong,0.9746686816215515
d_1028837.exr,wrong,0.9953403472900391
d_1028838.exr,right,0.9956068396568298
d_1028840.exr,right,0.994530975818634
d_1028841.exr,right,0.9956154823303223
d_1028842.exr,right,0.9780256152153015
d_1028844.exr,right,0.9956034421920776
d_1028845.exr,right,0.9955801367759705
d_1028847.exr,wrong,0.9932323694229126
d_1028849.exr,right,0.9956161975860596
d_1028851.exr,wrong,0.9955514073371887
d_1028852.exr,right,0.9956265687942505
d_1028854.exr,right,0.9956070780754089
d_1028855.exr,right,0.995469331741333
d_1028856.exr,right,0.9955234527587891
d_1028859.exr,right,0.9955055713653564
d_1028861.exr,wrong,0.9951936602592468
d_1028863.exr,right,0.9931802749633789
d_1028865.exr,right,0.9956122636795044
d_1028866.exr,right,0.9955398440361023
d_1028872.exr,wrong,0.977756142616272
d_1028873.exr,right,0.9955944418907166
d_1028877.exr,right,0.9955164790153503
d_1028879.exr,wrong,0.9955975413322449
d_1028880.exr,wrong,0.995722770690918
d_1028882.exr,right,0.9956235289573669
d_1028885.exr,wrong,0.9944553971290588
d_1028886.exr,right,0.9955537915229797
d_1028887.exr,wrong,0.9957154393196106
d_1028889.exr,right,0.9954120516777039
d_1028891.exr,right,0.9956205487251282
d_1028893.exr,right,0.9956058859825134
d_1028894.exr,right,0.9936063289642334
d_1028896.exr,right,0.9956339001655579
d_1028899.exr,right,0.9956023693084717
d_1028900.exr,right,0.9955728054046631
d_1028901.exr,right,0.99562007188797
d_1028903.exr,right,0.9956176280975342
d_1028904.exr,wrong,0.9951186180114746
d_1028906.exr,right,0.9955586194992065
d_1028907.exr,right,0.9955751895904541
d_1028908.exr,right,0.9955875873565674
d_1028909.exr,right,0.9955927729606628
d_1028913.exr,right,0.9955962300300598
d_1028914.exr,right,0.9955558180809021
d_1028915.exr,right,0.9956207871437073
d_1028916.exr,right,0.9942935109138489
d_1028918.exr,right,0.9956366419792175
d_1028920.exr,right,0.9955949187278748
d_1028922.exr,right,0.9891597628593445
d_1028923.exr,right,0.9955162405967712
d_1028924.exr,right,0.9955801367759705
d_1028925.exr,right,0.9956075549125671
d_1028926.exr,right,0.9955299496650696
d_1028929.exr,right,0.9955883026123047
d_1028930.exr,right,0.995621383190155
d_1028931.exr,right,0.9956165552139282
d_1028935.exr,right,0.9954921007156372
d_1028936.exr,right,0.9955613613128662
d_1028937.exr,wrong,0.994806706905365
d_1028938.exr,right,0.9956192374229431
d_1028940.exr,right,0.9956269264221191
d_1028943.exr,right,0.9954428672790527
d_1028944.exr,right,0.9955980181694031
d_1028945.exr,right,0.9955087900161743
d_1028946.exr,right,0.9956192374229431
d_1028947.exr,right,0.9955843091011047
d_1028949.exr,right,0.9952078461647034
d_1028950.exr,right,0.9956085085868835
d_1028951.exr,right,0.9954723715782166
d_1028953.exr,right,0.9956132173538208
d_1028955.exr,right,0.9955742359161377
d_1028956.exr,right,0.9956100583076477
d_1028957.exr,right,0.9956093430519104
d_1028958.exr,right,0.9955732822418213
d_1028959.exr,right,0.9956295490264893
d_1028960.exr,right,0.9924112558364868
d_1028961.exr,right,0.995618462562561
d_1028963.exr,right,0.9836851358413696
d_1028964.exr,right,0.9956355690956116
d_1028965.exr,right,0.995030403137207
d_1028966.exr,right,0.9956040382385254
d_1028967.exr,right,0.9956075549125671
d_1028969.exr,right,0.9942700862884521
d_1028971.exr,right,0.9951581358909607
d_1028972.exr,right,0.9955910444259644
d_1028974.exr,right,0.9956222176551819
d_1028976.exr,right,0.9955892562866211
d_1028977.exr,right,0.9955641031265259
d_1028978.exr,wrong,0.9948970675468445
d_1028979.exr,right,0.9955888986587524
d_1028980.exr,right,0.9956325888633728
d_1028981.exr,right,0.9949949979782104
d_1028982.exr,right,0.9953992962837219
d_1028984.exr,right,0.9956105351448059
d_1028985.exr,right,0.9955295920372009
d_1028986.exr,right,0.9956308603286743
d_1028987.exr,right,0.995600700378418
d_1028988.exr,right,0.9955942034721375
d_1028990.exr,right,0.9956164360046387
d_1028991.exr,right,0.9952642917633057
d_1028992.exr,right,0.9922385811805725
d_1028993.exr,right,0.9956367611885071
d_1028994.exr,right,0.9956303834915161
d_1028996.exr,right,0.9956228137016296
d_1028997.exr,right,0.9956145286560059
d_1028998.exr,right,0.995613694190979
d_1028999.exr,right,0.995612382888794
d_1029000.exr,right,0.9956101775169373
d_1029001.exr,right,0.9956262111663818
d_1029002.exr,right,0.9956181049346924
d_1029003.exr,right,0.9956056475639343
d_1029004.exr,right,0.9955062866210938
d_1029005.exr,right,0.9955300688743591
d_1029006.exr,right,0.99561607837677
d_1029007.exr,wrong,0.9949123859405518
d_1029008.exr,right,0.9954997897148132
d_1029009.exr,wrong,0.9950639605522156
d_1029010.exr,right,0.9952582716941833
d_1029011.exr,right,0.9952744245529175
d_1029012.exr,right,0.7096794247627258
d_1029013.exr,right,0.9956028461456299
d_1029014.exr,wrong,0.9791369438171387
d_1029015.exr,right,0.9956075549125671
d_1029016.exr,right,0.9956316947937012
d_1029017.exr,right,0.9947186708450317
d_1029018.exr,right,0.9955073595046997
d_1029019.exr,right,0.9955772161483765
d_1029020.exr,right,0.9955949187278748
d_1029021.exr,right,0.9952391386032104
d_1029022.exr,right,0.9955982565879822
d_1029023.exr,right,0.995630145072937
d_1029025.exr,wrong,0.9951938986778259
d_1029027.exr,right,0.9956199526786804
d_1029028.exr,wrong,0.9956711530685425
d_1029029.exr,right,0.9955398440361023
d_1029030.exr,right,0.9956046342849731
d_1029031.exr,right,0.9955304265022278
d_1029032.exr,right,0.995623767375946
d_1029034.exr,right,0.9955565333366394
d_1029035.exr,wrong,0.994737446308136
d_1029036.exr,right,0.99562007188797
d_1029037.exr,right,0.9956132173538208
d_1029039.exr,right,0.995570719242096
d_1029040.exr,wrong,0.9836351871490479
d_1029041.exr,right,0.995590090751648
d_1029042.exr,right,0.994807779788971
d_1029043.exr,right,0.9956238865852356
d_1029044.exr,right,0.9955211877822876
d_1029045.exr,right,0.9953426122665405
d_1029046.exr,right,0.9955363273620605
d_1029047.exr,wrong,0.9951674938201904
d_1029048.exr,right,0.9956027269363403
d_1029050.exr,right,0.9955365657806396
d_1029051.exr,right,0.9954847097396851
d_1029052.exr,right,0.9956120252609253
d_1029055.exr,right,0.9871931672096252
d_1029056.exr,right,0.9956360459327698
d_1029057.exr,right,0.9955962300300598
d_1029058.exr,right,0.9955759048461914
d_1029059.exr,right,0.9952842593193054
d_1029060.exr,right,0.9950358271598816
d_1029061.exr,right,0.9956268072128296
d_1029062.exr,right,0.9955397248268127
d_1029064.exr,right,0.9956252574920654
d_1029065.exr,right,0.9956289529800415
d_1029066.exr,wrong,0.9913367033004761
d_1029067.exr,right,0.9953032732009888
d_1029069.exr,right,0.9955939650535583
d_1029070.exr,right,0.995540201663971
d_1029071.exr,right,0.9721646904945374
d_1029072.exr,right,0.9956250786781311
d_1029074.exr,right,0.9956023693084717
d_1029076.exr,right,0.9953487515449524
d_1029078.exr,wrong,0.9948614239692688
d_1029079.exr,right,0.9956256151199341
d_1029080.exr,wrong,0.9954596161842346
d_1029081.exr,wrong,0.9951229691505432
d_1029082.exr,right,0.9955692887306213
d_1029084.exr,right,0.995579183101654
d_1029085.exr,right,0.9956198334693909
d_1029086.exr,right,0.9955998659133911
d_1029088.exr,right,0.9893278479576111
d_1029089.exr,right,0.9956094622612
d_1029090.exr,right,0.995576024055481
d_1029092.exr,right,0.9956037998199463
d_1029095.exr,right,0.9956356883049011
d_1029096.exr,right,0.9956401586532593
d_1029097.exr,right,0.9955976605415344
d_1029099.exr,right,0.9955164790153503
d_1029101.exr,right,0.9955654740333557
d_1029102.exr,wrong,0.9903429746627808
d_1029104.exr,right,0.9956035614013672
d_1029105.exr,right,0.9956228137016296
d_1029106.exr,right,0.9955798983573914
d_1029108.exr,wrong,0.9935530424118042
d_1029109.exr,right,0.9896584153175354
d_1029110.exr,right,0.9956387877464294
d_1029111.exr,right,0.9955718517303467
d_1029112.exr,right,0.9954807758331299
d_1029116.exr,right,0.9956204295158386
d_1029118.exr,right,0.9955602884292603
d_1029119.exr,right,0.9956348538398743
d_1029120.exr,right,0.995623767375946
d_1029121.exr,right,0.9956075549125671
d_1029123.exr,right,0.9956119060516357
d_1029124.exr,right,0.9956243634223938
d_1029125.exr,right,0.9955860376358032
d_1029126.exr,right,0.9934729933738708
d_1029127.exr,right,0.9956230521202087
d_1029128.exr,right,0.9918694496154785
d_1029129.exr,right,0.9955697655677795
d_1029130.exr,right,0.995434582233429
d_1029131.exr,right,0.9955486059188843
d_1029132.exr,right,0.9956166744232178
d_1029133.exr,wrong,0.9950802326202393
d_1029135.exr,right,0.9954051971435547
d_1029137.exr,right,0.9956366419792175
d_1029138.exr,right,0.9956067204475403
d_1029139.exr,right,0.9956141710281372
d_1029141.exr,right,0.9956306219100952
d_1029142.exr,right,0.9955195188522339
d_1029145.exr,right,0.9956175088882446
d_1029146.exr,right,0.9956003427505493
d_1029147.exr,right,0.9956211447715759
d_1029148.exr,right,0.995515763759613
d_1029149.exr,right,0.9950118064880371
d_1029150.exr,right,0.9950842261314392
d_1029151.exr,right,0.995614767074585
d_1029152.exr,wrong,0.9952749013900757
d_1029153.exr,right,0.9956169128417969
d_1029154.exr,right,0.9955790638923645
d_1029156.exr,right,0.995585560798645
d_1029157.exr,right,0.9955369234085083
d_1029158.exr,right,0.9956215023994446
d_1029159.exr,right,0.9956247210502625
d_1029160.exr,right,0.9956110119819641
d_1029162.exr,right,0.9956321120262146
d_1029164.exr,right,0.9883070588111877
d_1029165.exr,right,0.9956244826316833
d_1029166.exr,right,0.9951468110084534
d_1029167.exr,right,0.9956161975860596
d_1029168.exr,right,0.995630145072937
d_1029169.exr,right,0.9956272840499878
d_1029172.exr,wrong,0.9952635765075684
d_1029173.exr,right,0.9952489733695984
d_1029174.exr,wrong,0.9952592253684998
d_1029175.exr,right,0.9954641461372375
d_1029176.exr,right,0.9955499172210693
d_1029178.exr,wrong,0.9956315755844116
d_1029179.exr,right,0.9956034421920776
d_1029182.exr,wrong,0.9951848387718201
d_1029183.exr,right,0.9956289529800415
d_1029184.exr,right,0.9383453130722046
d_1029185.exr,right,0.9950739741325378
d_1029186.exr,right,0.995606005191803
d_1029189.exr,right,0.9954871535301208
d_1029190.exr,right,0.995591938495636
d_1029191.exr,right,0.9955857992172241
d_1029195.exr,right,0.9956257343292236
d_1029196.exr,right,0.9956079125404358
d_1029197.exr,right,0.995591402053833
d_1029201.exr,right,0.9953182339668274
d_1029202.exr,right,0.9956204295158386
d_1029203.exr,right,0.9956163167953491
d_1029204.exr,right,0.9956046342849731
d_1029205.exr,wrong,0.9944517016410828
d_1029206.exr,right,0.9956203103065491
d_1029207.exr,right,0.9956347346305847
d_1029208.exr,right,0.995554506778717
d_1029209.exr,wrong,0.976067841053009
d_1029210.exr,right,0.9956402778625488
d_1029211.exr,right,0.9956324696540833
d_1029212.exr,wrong,0.995280921459198
d_1029213.exr,right,0.9956276416778564
d_1029214.exr,right,0.9954943656921387
d_1029215.exr,right,0.9956036806106567
d_1029216.exr,right,0.9955915212631226
d_1029217.exr,right,0.9953987002372742
d_1029218.exr,right,0.9955145716667175
d_1029219.exr,right,0.9906275272369385
d_1029220.exr,right,0.995618999004364
d_1029221.exr,wrong,0.9948012828826904
d_1029222.exr,right,0.9956344962120056
d_1029223.exr,right,0.9955912828445435
d_1029225.exr,right,0.995602011680603
d_1029226.exr,right,0.9956328272819519
d_1029227.exr,right,0.9952567219734192
d_1029228.exr,right,0.9951883554458618
d_1029231.exr,right,0.9952943921089172
d_1029232.exr,right,0.9956127405166626
d_1029233.exr,wrong,0.994429349899292
d_1029234.exr,right,0.9954527020454407
d_1029235.exr,right,0.9956027269363403
d_1029236.exr,right,0.9956259727478027
d_1029237.exr,right,0.9953736662864685
d_1029239.exr,right,0.9956022500991821
d_1029240.exr,right,0.9955306649208069
d_1029241.exr,right,0.9955363273620605
d_1029242.exr,right,0.9956320524215698
d_1029243.exr,right,0.9853596091270447
d_1029245.exr,wrong,0.9952926635742188
d_1029246.exr,right,0.9954521059989929
d_1029248.exr,right,0.9956111311912537
d_1029249.exr,right,0.9955990314483643
d_1029250.exr,right,0.9948940277099609
d_1029251.exr,right,0.9956041574478149
d_1029252.exr,right,0.9954574108123779
d_1029253.exr,right,0.9955915212631226
d_1029254.exr,right,0.9956279993057251
d_1029255.exr,wrong,0.9955540299415588
d_1029257.exr,right,0.9955911636352539
d_1029258.exr,right,0.9953704476356506
d_1029259.exr,right,0.9956129789352417
d_1029263.exr,right,0.9955888986587524
d_1029264.exr,right,0.995627760887146
d_1029265.exr,wrong,0.9755986332893372
d_1029267.exr,right,0.995610773563385
d_1029268.exr,wrong,0.985605776309967
d_1029270.exr,right,0.9955804944038391
d_1029272.exr,right,0.9956259727478027
d_1029273.exr,wrong,0.9954824447631836
d_1029274.exr,right,0.9956105351448059
d_1029275.exr,right,0.995597779750824
d_1029276.exr,right,0.9955720901489258
d_1029278.exr,right,0.9956076741218567
d_1029279.exr,wrong,0.9927160143852234
d_1029280.exr,right,0.9956247210502625
d_1029281.exr,right,0.9956209063529968
d_1029282.exr,right,0.9955927729606628
d_1029284.exr,right,0.9956230521202087
d_1029285.exr,right,0.995621383190155
d_1029286.exr,right,0.9954223036766052
d_1029287.exr,right,0.995617151260376
d_1029288.exr,right,0.9956105351448059
d_1029291.exr,right,0.9955384135246277
d_1029292.exr,right,0.9956234097480774
d_1029293.exr,right,0.9956045150756836
d_1029294.exr,right,0.9956333041191101
d_1029295.exr,wrong,0.9951959252357483
d_1029296.exr,right,0.9955156445503235
d_1029297.exr,right,0.9956159591674805
d_1029298.exr,right,0.9956064820289612
d_1029299.exr,right,0.995596706867218
d_1029300.exr,right,0.9955875873565674
d_1029303.exr,wrong,0.9938111901283264
d_1029304.exr,right,0.9956340193748474
d_1029305.exr,right,0.995607316493988
d_1029307.exr,right,0.8375316262245178
d_1029308.exr,right,0.9955714344978333
d_1029309.exr,right,0.9955924153327942
d_1029310.exr,right,0.9956293106079102
d_1029311.exr,wrong,0.986351728439331
d_1029312.exr,right,0.9955606460571289
d_1029313.exr,wrong,0.995341420173645
d_1029316.exr,right,0.9956256151199341
d_1029317.exr,right,0.9956220984458923
d_1029318.exr,right,0.9939603805541992
d_1029319.exr,right,0.9956169128417969
d_1029322.exr,right,0.9948800802230835
d_1029323.exr,right,0.9956231713294983
d_1029324.exr,right,0.9956323504447937
d_1029325.exr,right,0.9956183433532715
d_1029328.exr,right,0.9956368803977966
d_1029329.exr,right,0.9954532384872437
d_1029330.exr,right,0.9956105351448059
d_1029331.exr,right,0.9955990314483643
d_1029334.exr,right,0.995629072189331
d_1029335.exr,right,0.9956001043319702
d_1029336.exr,right,0.9956377148628235
d_1029337.exr,right,0.9951710104942322
d_1029338.exr,right,0.995593249797821
d_1029339.exr,right,0.9956170320510864
d_1029340.exr,right,0.9735203981399536
d_1029341.exr,right,0.9954560995101929
d_1029343.exr,right,0.9956119060516357
d_1029344.exr,wrong,0.991279661655426
d_1029346.exr,wrong,0.9950966238975525
d_1029348.exr,wrong,0.8466662764549255
d_1029349.exr,right,0.9955637454986572
d_1029350.exr,right,0.9946637153625488
d_1029352.exr,wrong,0.9870900511741638
d_1029354.exr,right,0.9953474402427673
d_1029356.exr,right,0.995604395866394
d_1029358.exr,wrong,0.9827776551246643
d_1029359.exr,wrong,0.9952390193939209
d_1029360.exr,right,0.9956100583076477
d_1029361.exr,right,0.9956279993057251
d_1029362.exr,right,0.9955449104309082
d_1029364.exr,wrong,0.9955636262893677
d_1029365.exr,right,0.9956046342849731
d_1029366.exr,right,0.9956188797950745
d_1029368.exr,right,0.9955891370773315
d_1029370.exr,right,0.9956029653549194
d_1029371.exr,right,0.9956188797950745
d_1029372.exr,right,0.9941306710243225
d_1029373.exr,wrong,0.9723330736160278
d_1029376.exr,right,0.9858732223510742
d_1029377.exr,right,0.9955942034721375
d_1029379.exr,right,0.9955782294273376
d_1029382.exr,right,0.9955346584320068
d_1029383.exr,right,0.9955633878707886
d_1029384.exr,right,0.9956342577934265
d_1029385.exr,right,0.995625376701355
d_1029386.exr,wrong,0.9892800450325012
d_1029387.exr,right,0.9955495595932007
d_1029388.exr,right,0.995627760887146
d_1029389.exr,right,0.9955428242683411
d_1029390.exr,right,0.9940851926803589
d_1029393.exr,right,0.9953948855400085
d_1029395.exr,right,0.9955898523330688
d_1029396.exr,right,0.9956271648406982
d_1029397.exr,right,0.9955303072929382
d_1029398.exr,right,0.9955652356147766
d_1029399.exr,right,0.9955306649208069
d_1029400.exr,right,0.995579183101654
d_1029401.exr,right,0.995479941368103
d_1029402.exr,right,0.9956049919128418
d_1029404.exr,right,0.9956128597259521
d_1029405.exr,right,0.9956150054931641
d_1029407.exr,right,0.9956258535385132
d_1029408.exr,right,0.9955742359161377
d_1029409.exr,right,0.9938821792602539
d_1029410.exr,right,0.9953237175941467
d_1029411.exr,right,0.9956003427505493
d_1029413.exr,right,0.9956116080284119
d_1029414.exr,right,0.9956068396568298
d_1029415.exr,right,0.9952095150947571
d_1029416.exr,right,0.9956192374229431
d_1029417.exr,right,0.9955893754959106
d_1029418.exr,wrong,0.995522141456604
d_1029420.exr,right,0.9956243634223938
d_1029422.exr,right,0.9954577684402466
d_1029423.exr,right,0.9956035614013672
d_1029424.exr,right,0.9955536723136902
d_1029425.exr,wrong,0.8842989802360535
d_1029427.exr,right,0.995042085647583
d_1029428.exr,right,0.995577335357666
d_1029429.exr,wrong,0.9955461025238037
d_1029431.exr,right,0.9956269264221191
d_1029432.exr,right,0.9956064820289612
d_1029433.exr,right,0.9956310987472534
d_1029434.exr,right,0.9913753867149353
d_1029435.exr,wrong,0.9953213334083557
d_1029436.exr,right,0.9956052899360657
d_1029437.exr,right,0.9956069588661194
d_1029438.exr,right,0.9956325888633728
d_1029439.exr,right,0.9558965563774109
d_1029440.exr,right,0.9956349730491638
d_1029441.exr,right,0.9938830137252808
d_1029442.exr,right,0.9953725934028625
d_1029444.exr,right,0.9954016208648682
d_1029445.exr,wrong,0.9950024485588074
d_1029446.exr,right,0.9956228137016296
d_1029448.exr,right,0.9956056475639343
d_1029450.exr,right,0.9956235289573669
d_1029453.exr,right,0.995624840259552
d_1029454.exr,right,0.9956279993057251
d_1029458.exr,right,0.995618462562561
d_1029459.exr,right,0.99552321434021
d_1029460.exr,right,0.9956309795379639
d_1029461.exr,right,0.7961926460266113
d_1029462.exr,right,0.9954751133918762
d_1029463.exr,right,0.9956194758415222
d_1029464.exr,right,0.9956166744232178
d_1029465.exr,wrong,0.9925879836082458
d_1029466.exr,right,0.9956080317497253
d_1029467.exr,right,0.9955845475196838
d_1029468.exr,right,0.9956104159355164
d_1029469.exr,right,0.9955433011054993
d_1029470.exr,right,0.9956260919570923
d_1029472.exr,right,0.9956228137016296
d_1029473.exr,right,0.9955962300300598
d_1029474.exr,right,0.9955670237541199
d_1029475.exr,right,0.9925209283828735
d_1029476.exr,right,0.9955494403839111
d_1029478.exr,right,0.9956306219100952
d_1029479.exr,right,0.9928390383720398
d_1029480.exr,right,0.9956302642822266
d_1029481.exr,right,0.9956186413764954
d_1029483.exr,right,0.9955815672874451
d_1029484.exr,right,0.9956324696540833
d_1029486.exr,right,0.9954109787940979
d_1029487.exr,right,0.9955537915229797
d_1029489.exr,right,0.9955828785896301
d_1029490.exr,right,0.995634138584137
d_1029491.exr,right,0.9955173134803772
d_1029492.exr,right,0.995537281036377
d_1029493.exr,right,0.9956113696098328
d_1029495.exr,right,0.9956275224685669
d_1029496.exr,right,0.9956071972846985
d_1029497.exr,right,0.9951428174972534
d_1029498.exr,right,0.9956004619598389
d_1029501.exr,right,0.9956121444702148
d_1029502.exr,right,0.9955428242683411
d_1029503.exr,right,0.995627760887146
d_1029504.exr,right,0.9956099390983582
d_1029505.exr,right,0.9955924153327942
d_1029506.exr,right,0.995630145072937
d_1029508.exr,right,0.995593249797821
d_1029509.exr,right,0.995625376701355
d_1029510.exr,right,0.995637834072113
d_1029513.exr,right,0.9956134557723999
d_1029515.exr,right,0.9955507516860962
d_1029516.exr,right,0.9956080317497253
d_1029520.exr,right,0.9955008625984192
d_1029522.exr,right,0.9955981373786926
d_1029525.exr,right,0.9956148862838745
d_1029526.exr,wrong,0.9956122636795044
d_1029527.exr,right,0.9956316947937012
d_1029528.exr,right,0.9955660700798035
d_1029529.exr,right,0.9955794215202332
d_1029530.exr,right,0.9956120252609253
d_1029531.exr,right,0.9956269264221191
d_1029532.exr,right,0.9951456189155579
d_1029533.exr,right,0.9955732822418213
d_1029534.exr,right,0.9955418705940247
d_1029535.exr,right,0.9956323504447937
d_1029536.exr,right,0.9956111311912537
d_1029537.exr,right,0.9955388903617859
d_1029540.exr,right,0.9955945611000061
d_1029541.exr,right,0.9954828023910522
d_1029542.exr,right,0.9956219792366028
d_1029543.exr,right,0.9955782294273376
d_1029544.exr,wrong,0.9941125512123108
d_1029545.exr,right,0.995609700679779
d_1029546.exr,right,0.9950498938560486
d_1029547.exr,right,0.9955938458442688
d_1029549.exr,right,0.9954047203063965
d_1029552.exr,wrong,0.9932546019554138
d_1029553.exr,right,0.9951562881469727
d_1029554.exr,right,0.9956252574920654
d_1029557.exr,right,0.9956379532814026
d_1029558.exr,wrong,0.9957041144371033
d_1029559.exr,right,0.9955887794494629
d_1029560.exr,wrong,0.9944018721580505
d_1029561.exr,right,0.9952644109725952
d_1029563.exr,right,0.9956352114677429
d_1029564.exr,right,0.9956331849098206
d_1029565.exr,right,0.9955856800079346
d_1029568.exr,right,0.9953552484512329
d_1029571.exr,right,0.9956258535385132
d_1029572.exr,right,0.9955845475196838
d_1029574.exr,right,0.9955673813819885
d_1029575.exr,right,0.9956046342849731
d_1029576.exr,wrong,0.9729874134063721
d_1029577.exr,right,0.9955796599388123
d_1029578.exr,right,0.9955191612243652
d_1029582.exr,right,0.983942985534668
d_1029583.exr,right,0.9956023693084717
d_1029584.exr,wrong,0.9825136065483093
d_1029585.exr,right,0.9955964684486389
d_1029586.exr,right,0.9955797791481018
d_1029587.exr,right,0.9955742359161377
d_1029588.exr,right,0.9956001043319702
d_1029589.exr,right,0.9956161975860596
d_1029592.exr,right,0.9939640164375305
d_1029594.exr,wrong,0.9930304884910583
d_1029596.exr,right,0.9956236481666565
d_1029597.exr,right,0.9955803751945496
d_1029598.exr,right,0.9955831170082092
d_1029599.exr,right,0.9956219792366028
d_1029600.exr,right,0.9955283999443054
d_1029601.exr,right,0.9955520033836365
d_1029602.exr,wrong,0.9947029948234558
d_1029605.exr,right,0.9956161975860596
d_1029606.exr,right,0.9956070780754089
d_1029607.exr,wrong,0.9863022565841675
d_1029608.exr,wrong,0.9951964020729065
d_1029609.exr,right,0.9956226944923401
d_1029611.exr,right,0.9956104159355164
d_1029612.exr,right,0.9954248070716858
d_1029613.exr,right,0.9952313303947449
d_1029614.exr,right,0.9946500658988953
d_1029615.exr,right,0.9955737590789795
d_1029616.exr,right,0.9954481720924377
d_1029617.exr,right,0.995559573173523
d_1029618.exr,right,0.9956010580062866
d_1029619.exr,right,0.9956051707267761
d_1029621.exr,right,0.9955452680587769
d_1029623.exr,right,0.9955670237541199
d_1029625.exr,wrong,0.9916462302207947
d_1029626.exr,right,0.9917681217193604
d_1029627.exr,wrong,0.9951905012130737
d_1029628.exr,right,0.9956193566322327
d_1029629.exr,right,0.9954729676246643
d_1029630.exr,right,0.9952989220619202
d_1029631.exr,right,0.9956111311912537
d_1029632.exr,right,0.9956226944923401
d_1029633.exr,right,0.9955469369888306
d_1029634.exr,right,0.9956244826316833
d_1029635.exr,right,0.9955952763557434
d_1029637.exr,right,0.9939427971839905
d_1029638.exr,right,0.9955798983573914
d_1029639.exr,wrong,0.9956087470054626
d_1029640.exr,right,0.995576024055481
d_1029641.exr,right,0.9954149723052979
d_1029642.exr,right,0.9952966570854187
d_1029643.exr,wrong,0.9949941039085388
d_1029645.exr,right,0.995593249797821
d_1029646.exr,right,0.9955266118049622
d_1029647.exr,right,0.9953137636184692
d_1029648.exr,right,0.9955657124519348
d_1029649.exr,right,0.9956054091453552
d_1029650.exr,right,0.9956346154212952
d_1029651.exr,right,0.9956029653549194
d_1029653.exr,right,0.9956201910972595
d_1029655.exr,right,0.9956101775169373
d_1029657.exr,right,0.9954776167869568
d_1029659.exr,right,0.995152473449707
d_1029661.exr,right,0.9956152439117432
d_1029662.exr,right,0.9955818057060242
d_1029663.exr,right,0.9956153631210327
d_1029665.exr,wrong,0.9951798915863037
d_1029666.exr,right,0.9954695701599121
d_1029667.exr,right,0.9955019354820251
d_1029668.exr,right,0.9956279993057251
d_1029672.exr,right,0.9954946041107178
d_1029673.exr,right,0.995163083076477
d_1029674.exr,right,0.9956379532814026
d_1029677.exr,right,0.9955964684486389
d_1029679.exr,right,0.995622456073761
d_1029680.exr,right,0.9956139326095581
d_1029681.exr,right,0.9956008195877075
d_1029683.exr,right,0.9956318140029907
d_1029685.exr,right,0.9956211447715759
d_1029686.exr,right,0.9956337809562683
d_1029687.exr,right,0.9955434203147888
d_1029690.exr,right,0.9950146079063416
d_1029691.exr,right,0.9947125911712646
d_1029692.exr,right,0.9956356883049011
d_1029693.exr,right,0.995527446269989
d_1029697.exr,right,0.9956029653549194
d_1029698.exr,right,0.9955196380615234
d_1029700.exr,wrong,0.9956041574478149
d_1029701.exr,right,0.995591938495636
d_1029703.exr,right,0.9956269264221191
d_1029704.exr,right,0.9952540397644043
d_1029705.exr,right,0.9955487251281738
d_1029709.exr,right,0.9956128597259521
d_1029710.exr,right,0.9956080317497253
d_1029712.exr,right,0.9954835176467896
d_1029713.exr,right,0.9956169128417969
d_1029714.exr,right,0.9955921769142151
d_1029715.exr,right,0.9956337809562683
d_1029716.exr,right,0.9956016540527344
d_1029717.exr,right,0.9953287839889526
d_1029719.exr,right,0.9955891370773315
d_1029720.exr,right,0.9956369996070862
d_1029721.exr,right,0.9956056475639343
d_1029722.exr,right,0.9956251978874207
d_1029723.exr,right,0.9955745935440063
d_1029725.exr,right,0.9956323504447937
d_1029727.exr,right,0.9955915808677673
d_1029728.exr,right,0.9955533146858215
d_1029730.exr,right,0.9956135749816895
d_1029731.exr,right,0.9955824017524719
d_1029732.exr,right,0.9956289529800415
d_1029733.exr,right,0.9947793483734131
d_1029734.exr,right,0.9956141710281372
d_1029735.exr,right,0.9956173896789551
d_1029736.exr,right,0.9956164360046387
d_1029738.exr,right,0.9956187605857849
d_1029739.exr,right,0.9956328272819519
d_1029740.exr,right,0.9956198334693909
d_1029741.exr,right,0.9955781102180481
d_1029742.exr,right,0.9952065348625183
d_1029744.exr,right,0.9956197142601013
d_1029746.exr,right,0.9956151247024536
d_1029747.exr,right,0.9956074357032776
d_1029748.exr,right,0.9956105351448059
d_1029749.exr,right,0.995633065700531
d_1029750.exr,right,0.9956133365631104
d_1029751.exr,right,0.9956108927726746
d_1029752.exr,right,0.9956183433532715
d_1029753.exr,wrong,0.9952865839004517
d_1029754.exr,right,0.9956071972846985
d_1029755.exr,right,0.9956100583076477
d_1029756.exr,right,0.9956366419792175
d_1029757.exr,right,0.9955846667289734
d_1029759.exr,right,0.9956170320510864
d_1029761.exr,right,0.9956251978874207
d_1029762.exr,right,0.9956223368644714
d_1029764.exr,right,0.9956258535385132
d_1029766.exr,wrong,0.9953494668006897
d_1029769.exr,right,0.9956226944923401
d_1029771.exr,right,0.9952834248542786
d_1029772.exr,right,0.9953299760818481
d_1029773.exr,wrong,0.9956016540527344
d_1029774.exr,right,0.9956265687942505
d_1029775.exr,right,0.99562668800354
d_1029776.exr,right,0.9955906867980957
d_1029777.exr,right,0.9955335855484009
d_1029778.exr,right,0.9955778121948242
d_1029780.exr,right,0.995590329170227
d_1029781.exr,right,0.9956040382385254
d_1029782.exr,right,0.9956316947937012
d_1029783.exr,right,0.9955818057060242
d_1029784.exr,right,0.9956350922584534
d_1029787.exr,right,0.9955624341964722
d_1029788.exr,right,0.9956195950508118
d_1029789.exr,wrong,0.9957191348075867
d_1029790.exr,right,0.9955925345420837
d_1029791.exr,right,0.9956085085868835
d_1029792.exr,wrong,0.9954500794410706
d_1029794.exr,wrong,0.9957102537155151
d_1029795.exr,right,0.9955832362174988
d_1029796.exr,right,0.9956076741218567
d_1029797.exr,right,0.9955804944038391
d_1029799.exr,right,0.9956328272819519
d_1029801.exr,right,0.9956117272377014
d_1029802.exr,right,0.9955857992172241
d_1029803.exr,right,0.9956331849098206
d_1029804.exr,right,0.9956183433532715
d_1029805.exr,wrong,0.9937534928321838
d_1029806.exr,right,0.958026647567749
d_1029807.exr,right,0.995602011680603
d_1029808.exr,right,0.9950116872787476
d_1029810.exr,right,0.9955759048461914
d_1029811.exr,right,0.9942454695701599
d_1029812.exr,wrong,0.9955025315284729
d_1029814.exr,wrong,0.9957098960876465
d_1029815.exr,right,0.9955875873565674
d_1029816.exr,right,0.9955973029136658
d_1029817.exr,wrong,0.9955304265022278
d_1029818.exr,wrong,0.9943086504936218
d_1029819.exr,wrong,0.9953176975250244
d_1029820.exr,right,0.9956092238426208
d_1029821.exr,right,0.9956279993057251
d_1029822.exr,right,0.9954441785812378
d_1029824.exr,right,0.9956150054931641
d_1029825.exr,wrong,0.9948281645774841
d_1029827.exr,right,0.9861385226249695
d_1029829.exr,right,0.9956284761428833
d_1029831.exr,wrong,0.9925481677055359
d_1029832.exr,right,0.9458083510398865
d_1029833.exr,right,0.9951083064079285
d_1029834.exr,right,0.9956254959106445
d_1029835.exr,right,0.9954663515090942
d_1029836.exr,right,0.9937971830368042
d_1029837.exr,right,0.9956246018409729
d_1029838.exr,right,0.9956114888191223
d_1029839.exr,right,0.9956262111663818
d_1029840.exr,right,0.9956236481666565
d_1029841.exr,wrong,0.9923036694526672
d_1029842.exr,right,0.9954973459243774
d_1029844.exr,right,0.6265811324119568
d_1029845.exr,right,0.9952475428581238
d_1029846.exr,wrong,0.9952580332756042
d_1029847.exr,right,0.9956306219100952
d_1029848.exr,right,0.9956211447715759
d_1029849.exr,right,0.9956319332122803
d_1029851.exr,wrong,0.9854735136032104
d_1029852.exr,wrong,0.9944875836372375
d_1029853.exr,wrong,0.9951689839363098
d_1029854.exr,right,0.9955541491508484
d_1029856.exr,wrong,0.9918875098228455
d_1029857.exr,right,0.9956172704696655
d_1029858.exr,right,0.9955847859382629
d_1029859.exr,right,0.9955757856369019
d_1029860.exr,right,0.9948188662528992
d_1029861.exr,right,0.995613694190979
d_1029862.exr,wrong,0.9937196969985962
d_1029863.exr,right,0.9953621029853821
d_1029864.exr,right,0.9955975413322449
d_1029865.exr,wrong,0.9682601690292358
d_1029866.exr,right,0.995479941368103
d_1029867.exr,right,0.9956229329109192
d_1029868.exr,right,0.995630145072937
d_1029869.exr,right,0.9955893754959106
d_1029870.exr,wrong,0.9934713840484619
d_1029871.exr,right,0.9951493144035339
d_1029872.exr,right,0.9956187605857849
d_1029873.exr,right,0.9955852031707764
d_1029874.exr,right,0.995621383190155
d_1029875.exr,right,0.9955688118934631
d_1029876.exr,right,0.9946578145027161
d_1029877.exr,right,0.9956284761428833
d_1029878.exr,right,0.9956355690956116
d_1029880.exr,right,0.9956164360046387
d_1029881.exr,right,0.995597779750824
d_1029882.exr,right,0.995631217956543
d_1029883.exr,wrong,0.9955905675888062
d_1029885.exr,right,0.9956216216087341
d_1029886.exr,wrong,0.9955906867980957
d_1029887.exr,right,0.9955993890762329
d_1029888.exr,right,0.9955235719680786
d_1029890.exr,right,0.9955796599388123
d_1029891.exr,right,0.9947697520256042
d_1029893.exr,wrong,0.9951706528663635
d_1029894.exr,wrong,0.9955416321754456
d_1029895.exr,right,0.9956199526786804
d_1029896.exr,right,0.9956165552139282
d_1029897.exr,right,0.9956336617469788
d_1029898.exr,wrong,0.9956291913986206
d_1029900.exr,right,0.9956165552139282
d_1029901.exr,wrong,0.9943438768386841
d_1029903.exr,right,0.9956306219100952
d_1029904.exr,wrong,0.9956774115562439
d_1029905.exr,right,0.9956235289573669
d_1029906.exr,right,0.9956368803977966
d_1029907.exr,right,0.9956259727478027
d_1029908.exr,right,0.995528519153595
d_1029909.exr,wrong,0.9950500130653381
d_1029911.exr,right,0.9950844645500183
d_1029912.exr,right,0.9956287145614624
d_1029913.exr,wrong,0.9873017072677612
d_1029915.exr,right,0.9955535531044006
d_1029917.exr,right,0.9956225752830505
d_1029918.exr,wrong,0.9947634935379028
d_1029919.exr,right,0.9920371770858765
d_1029920.exr,right,0.9956244826316833
d_1029921.exr,right,0.9956243634223938
d_1029922.exr,wrong,0.9946075677871704
d_1029925.exr,right,0.9956260919570923
d_1029927.exr,wrong,0.9921472668647766
d_1029929.exr,wrong,0.9898570775985718
d_1029930.exr,right,0.9956268072128296
d_1029932.exr,right,0.9956113696098328
d_1029933.exr,wrong,0.9945769309997559
d_1029934.exr,right,0.9950077533721924
d_1029935.exr,right,0.9879518151283264
d_1029936.exr,right,0.9956116080284119
d_1029937.exr,right,0.9955934882164001
d_1029938.exr,right,0.9956187605857849
d_1029939.exr,right,0.9956234097480774
d_1029940.exr,right,0.9804649353027344
d_1029941.exr,right,0.995629072189331
d_1029942.exr,right,0.9956258535385132
d_1029943.exr,right,0.9956347346305847
d_1029944.exr,right,0.9956157207489014
d_1029945.exr,right,0.995624840259552
d_1029946.exr,right,0.9956278800964355
d_1029947.exr,right,0.9955904483795166
d_1029948.exr,right,0.9956153631210327
d_1029949.exr,right,0.995546817779541
d_1029950.exr,right,0.9955778121948242
d_1029951.exr,right,0.9956077933311462
d_1029952.exr,right,0.9955897331237793
d_1029953.exr,right,0.9956142902374268
d_1029954.exr,right,0.9955713152885437
d_1029956.exr,right,0.9956260919570923
d_1029957.exr,right,0.9956306219100952
d_1029959.exr,right,0.9949407577514648
d_1029960.exr,right,0.9956302642822266
d_1029961.exr,right,0.9956008195877075
d_1029962.exr,right,0.995589017868042
d_1029963.exr,right,0.9956321120262146
d_1029965.exr,right,0.9956203103065491
d_1029966.exr,right,0.9956125020980835
d_1029967.exr,right,0.9955716133117676
d_1029968.exr,right,0.9956163167953491
d_1029969.exr,right,0.9954865574836731
d_1029971.exr,right,0.9956099390983582
d_1029972.exr,right,0.9956040382385254
d_1029973.exr,right,0.995602011680603
d_1029974.exr,right,0.9956258535385132
d_1029975.exr,right,0.9889798164367676
d_1029977.exr,wrong,0.9945259690284729
d_1029980.exr,right,0.9956262111663818
d_1029982.exr,right,0.9560926556587219
d_1029983.exr,wrong,0.9513112902641296
d_1029984.exr,right,0.9956106543540955
d_1029985.exr,right,0.9955986738204956
d_1029987.exr,wrong,0.9900668859481812
d_1029989.exr,right,0.9948694705963135
d_1029991.exr,right,0.9955149292945862
d_1029992.exr,right,0.995596706867218
d_1029993.exr,wrong,0.9942619800567627
d_1029994.exr,right,0.9956191182136536
d_1029996.exr,right,0.9956321120262146
d_1030000.exr,wrong,0.8801550269126892
d_1030001.exr,right,0.9955512285232544
d_1030002.exr,right,0.9912659525871277
d_1030004.exr,right,0.9951140880584717
d_1030005.exr,right,0.9956004619598389
d_1030006.exr,right,0.9956318140029907
d_1030008.exr,wrong,0.9851555228233337
d_1030012.exr,wrong,0.9893892407417297
d_1030014.exr,right,0.9951876401901245
d_1030015.exr,right,0.995252251625061
d_1030016.exr,wrong,0.994942843914032
d_1030019.exr,wrong,0.9940347075462341
d_1030022.exr,right,0.9955824017524719
d_1030023.exr,wrong,0.7051451206207275
d_1030024.exr,right,0.992111086845398
d_1030025.exr,right,0.9955516457557678
d_1030027.exr,right,0.9955981373786926
d_1030028.exr,wrong,0.9854089617729187
d_1030030.exr,right,0.9411109089851379
d_1030031.exr,right,0.9955613613128662
d_1030032.exr,right,0.993855893611908
d_1030033.exr,right,0.9956092238426208
d_1030037.exr,right,0.9956242442131042
d_1030038.exr,wrong,0.9918848276138306
d_1030039.exr,right,0.9956236481666565
d_1030041.exr,right,0.9956279993057251
d_1030042.exr,right,0.9954819679260254
d_1030044.exr,right,0.9949830770492554
d_1030047.exr,right,0.9677484631538391
d_1030048.exr,right,0.9956105351448059
d_1030049.exr,wrong,0.9946186542510986
d_1030050.exr,right,0.9956012964248657
d_1030053.exr,right,0.9955692887306213
d_1030057.exr,right,0.9956142902374268
d_1030058.exr,wrong,0.9950740933418274
d_1030059.exr,wrong,0.9902406930923462
d_1030061.exr,wrong,0.9944846034049988
d_1030062.exr,right,0.99552321434021
d_1030063.exr,right,0.9956251978874207
d_1030065.exr,wrong,0.9905390739440918
d_1030067.exr,right,0.9956012964248657
d_1030069.exr,right,0.9956234097480774
d_1030071.exr,right,0.9956112504005432
d_1030072.exr,right,0.995185911655426
d_1030073.exr,right,0.9943538904190063
d_1030074.exr,right,0.9956205487251282
d_1030076.exr,right,0.9956086277961731
d_1030077.exr,right,0.9942643046379089
d_1030080.exr,right,0.9953975081443787
d_1030081.exr,right,0.9955620765686035
d_1030082.exr,right,0.9955613613128662
d_1030083.exr,right,0.9956197142601013
d_1030084.exr,right,0.9956215023994446
d_1030085.exr,wrong,0.9920507073402405
d_1030087.exr,right,0.9950128197669983
d_1030089.exr,right,0.9956235289573669
d_1030090.exr,right,0.994624674320221
d_1030092.exr,right,0.9956212639808655
d_1030093.exr,right,0.9955751895904541
d_1030094.exr,right,0.9956278800964355
d_1030095.exr,right,0.9956242442131042
d_1030096.exr,right,0.995599627494812
d_1030098.exr,right,0.9956167936325073
d_1030099.exr,right,0.9956216216087341
d_1030100.exr,right,0.9955268502235413
d_1030101.exr,right,0.9956010580062866
d_1030103.exr,right,0.9956076741218567
d_1030104.exr,right,0.9956182241439819
d_1030107.exr,right,0.9956305027008057
d_1030108.exr,right,0.9956154823303223
d_1030109.exr,right,0.9956252574920654
d_1030110.exr,right,0.9955605268478394
d_1030114.exr,right,0.9956270456314087
d_1030115.exr,right,0.995586633682251
d_1030116.exr,right,0.9955737590789795
d_1030117.exr,right,0.9955897331237793
d_1030118.exr,right,0.995631217956543
d_1030119.exr,right,0.9956203103065491
d_1030120.exr,right,0.9955936074256897
d_1030122.exr,right,0.9955028891563416
d_1030123.exr,right,0.9948338270187378
d_1030124.exr,right,0.9954267740249634
d_1030125.exr,right,0.99562007188797
d_1030128.exr,wrong,0.9955906867980957
d_1030129.exr,right,0.9949443936347961
d_1030130.exr,wrong,0.9907984733581543
d_1030133.exr,right,0.9951328635215759
d_1030134.exr,right,0.9955822825431824
d_1030138.exr,right,0.9956005811691284
d_1030139.exr,right,0.9955824017524719
d_1030140.exr,right,0.9955835938453674
d_1030141.exr,right,0.9954487681388855
d_1030142.exr,right,0.9955930113792419
d_1030143.exr,wrong,0.989540159702301
d_1030144.exr,right,0.9955867528915405
d_1030145.exr,right,0.9956342577934265
d_1030147.exr,right,0.995604395866394
d_1030149.exr,right,0.9956328272819519
d_1030152.exr,right,0.9956039190292358
d_1030153.exr,right,0.9956010580062866
d_1030155.exr,wrong,0.9929392337799072
d_1030157.exr,right,0.9951478838920593
d_1030158.exr,right,0.9956225752830505
d_1030159.exr,right,0.9956108927726746
d_1030160.exr,right,0.9956207871437073
d_1030161.exr,right,0.9956047534942627
d_1030163.exr,right,0.9955827593803406
d_1030164.exr,right,0.9955205917358398
d_1030165.exr,right,0.9931750893592834
d_1030166.exr,wrong,0.9866324067115784
d_1030167.exr,wrong,0.9921886920928955
d_1030169.exr,wrong,0.9286762475967407
d_1030170.exr,right,0.9956055283546448
d_1030171.exr,right,0.9955990314483643
d_1030172.exr,wrong,0.6140165328979492
d_1030174.exr,right,0.99528568983078
d_1030175.exr,right,0.995459258556366
d_1030176.exr,right,0.9956134557723999
d_1030177.exr,right,0.9956039190292358
d_1030179.exr,right,0.9956191182136536
d_1030180.exr,right,0.9841288328170776
d_1030181.exr,right,0.9955883026123047
d_1030182.exr,wrong,0.939478874206543
d_1030184.exr,right,0.9956194758415222
d_1030185.exr,right,0.9940372705459595
d_1030186.exr,right,0.995618999004364
d_1030187.exr,wrong,0.9950071573257446
d_1030188.exr,right,0.995617151260376
d_1030189.exr,right,0.9954226613044739
d_1030190.exr,right,0.9956232905387878
d_1030191.exr,right,0.995622456073761
d_1030192.exr,wrong,0.9941427111625671
d_1030195.exr,right,0.9947458505630493
d_1030196.exr,right,0.9956172704696655
d_1030197.exr,wrong,0.995315670967102
d_1030199.exr,wrong,0.9938003420829773
d_1030200.exr,right,0.9938555359840393
d_1030201.exr,right,0.9619389772415161
d_1030202.exr,right,0.9937645196914673
d_1030204.exr,right,0.9955781102180481
d_1030205.exr,right,0.9955942034721375
d_1030207.exr,wrong,0.9863702058792114
d_1030208.exr,right,0.9954373240470886
d_1030209.exr,right,0.9950637221336365
d_1030210.exr,right,0.9955275654792786
d_1030211.exr,right,0.9952455163002014
d_1030212.exr,right,0.9956193566322327
d_1030213.exr,right,0.9955843091011047
d_1030214.exr,right,0.9955735206604004
d_1030215.exr,right,0.9935193657875061
d_1030217.exr,right,0.9955915808677673
d_1030218.exr,wrong,0.9895179867744446
d_1030220.exr,wrong,0.994598388671875
d_1030221.exr,wrong,0.9950411915779114
d_1030222.exr,right,0.9956057667732239
d_1030223.exr,right,0.9956216216087341
d_1030224.exr,right,0.9955384135246277
d_1030226.exr,right,0.9956133365631104
d_1030227.exr,wrong,0.9953429698944092
d_1030228.exr,right,0.9956197142601013
d_1030229.exr,right,0.9955364465713501
d_1030230.exr,right,0.9928036332130432
d_1030232.exr,wrong,0.9956476092338562
d_1030233.exr,right,0.9956235289573669
d_1030234.exr,right,0.9956339001655579
d_1030237.exr,wrong,0.898409366607666
d_1030238.exr,right,0.9956217408180237
d_1030239.exr,right,0.9956204295158386
d_1030240.exr,right,0.9955800175666809
d_1030241.exr,right,0.9955718517303467
d_1030242.exr,right,0.9956032037734985
d_1030244.exr,right,0.9956259727478027
d_1030247.exr,right,0.9955360889434814
d_1030248.exr,right,0.9956113696098328
d_1030249.exr,right,0.9955894947052002
d_1030250.exr,right,0.9955732822418213
d_1030251.exr,right,0.9891576766967773
d_1030252.exr,wrong,0.9941771030426025
d_1030253.exr,right,0.9956234097480774
d_1030254.exr,right,0.9955002665519714
d_1030255.exr,right,0.9955975413322449
d_1030256.exr,wrong,0.9951015114784241
d_1030257.exr,right,0.9956249594688416
d_1030258.exr,right,0.9955993890762329
d_1030259.exr,right,0.9955474138259888
d_1030262.exr,right,0.9956364035606384
d_1030263.exr,wrong,0.994236946105957
d_1030264.exr,right,0.9956270456314087
d_1030266.exr,right,0.9956315755844116
d_1030267.exr,right,0.9956215023994446
d_1030268.exr,right,0.9956193566322327
d_1030269.exr,right,0.9956138134002686
d_1030271.exr,right,0.9956153631210327
d_1030272.exr,right,0.9955958724021912
d_1030273.exr,right,0.9955961108207703
d_1030274.exr,wrong,0.9956243634223938
d_1030276.exr,right,0.995587944984436
d_1030277.exr,right,0.9955664277076721
d_1030278.exr,right,0.9956232905387878
d_1030279.exr,right,0.9956077933311462
d_1030280.exr,right,0.9955892562866211
d_1030281.exr,right,0.9956307411193848
d_1030282.exr,right,0.9956287145614624
d_1030283.exr,right,0.9955880641937256
d_1030284.exr,right,0.9955924153327942
d_1030286.exr,right,0.9956287145614624
d_1030287.exr,right,0.9956092238426208
d_1030288.exr,right,0.9955629110336304
d_1030291.exr,right,0.9956262111663818
d_1030292.exr,right,0.995083749294281
d_1030293.exr,right,0.9956010580062866
d_1030296.exr,right,0.9956011772155762
d_1030297.exr,wrong,0.9956138134002686
d_1030298.exr,right,0.992301344871521
d_1030299.exr,right,0.9955737590789795
d_1030300.exr,right,0.9846532940864563
d_1030301.exr,right,0.9956258535385132
d_1030302.exr,right,0.9955852031707764
d_1030303.exr,right,0.995613694190979
d_1030306.exr,right,0.9956145286560059
d_1030307.exr,wrong,0.9913641214370728
d_1030312.exr,right,0.9956316947937012
d_1030313.exr,wrong,0.987121045589447
d_1030316.exr,wrong,0.9783700108528137
d_1030317.exr,right,0.9956308603286743
d_1030318.exr,right,0.9956355690956116
d_1030321.exr,right,0.9955406785011292
d_1030322.exr,wrong,0.9956880211830139
d_1030325.exr,right,0.9956263303756714
d_1030326.exr,wrong,0.9938442707061768
d_1030328.exr,right,0.9954741597175598
d_1030332.exr,right,0.9943563342094421
d_1030333.exr,right,0.9956360459327698
d_1030335.exr,right,0.9956278800964355
d_1030336.exr,right,0.9956243634223938
d_1030337.exr,wrong,0.9956985712051392
d_1030338.exr,right,0.9956278800964355
d_1030340.exr,right,0.9956241250038147
d_1030343.exr,right,0.9955970644950867
d_1030344.exr,right,0.995625376701355
d_1030348.exr,right,0.9954267740249634
d_1030349.exr,right,0.9955213069915771
d_1030351.exr,right,0.9951211810112
d_1030354.exr,right,0.9955319166183472
d_1030356.exr,right,0.9953851103782654
d_1030357.exr,right,0.995464026927948
d_1030358.exr,right,0.9956305027008057
d_1030359.exr,right,0.9956274032592773
d_1030360.exr,right,0.9956067204475403
d_1030361.exr,right,0.9947233200073242
d_1030362.exr,right,0.995633065700531
d_1030363.exr,right,0.9955998659133911
d_1030364.exr,right,0.9956024885177612
d_1030366.exr,right,0.9955763816833496
d_1030368.exr,right,0.9955930113792419
d_1030369.exr,right,0.9956315755844116
d_1030372.exr,wrong,0.9955205917358398
d_1030373.exr,right,0.9956071972846985
d_1030375.exr,right,0.995568573474884
d_1030376.exr,right,0.9955938458442688
d_1030378.exr,right,0.9956063628196716
d_1030379.exr,right,0.9864591360092163
d_1030381.exr,right,0.9704554080963135
d_1030382.exr,right,0.9954946041107178
d_1030383.exr,right,0.995520830154419
d_1030386.exr,wrong,0.9955644607543945
d_1030389.exr,right,0.995598316192627
d_1030390.exr,right,0.9955969452857971
d_1030391.exr,right,0.9691015481948853
d_1030394.exr,right,0.9956293106079102
d_1030395.exr,right,0.9941907525062561
d_1030396.exr,right,0.9903416633605957
d_1030397.exr,right,0.9928855299949646
d_1030399.exr,right,0.9955295920372009
d_1030400.exr,right,0.9955860376358032
d_1030401.exr,right,0.9956218600273132
d_1030402.exr,right,0.9956222176551819
d_1030403.exr,wrong,0.9947116374969482
d_1030404.exr,wrong,0.9563471078872681
d_1030405.exr,right,0.9955944418907166
d_1030406.exr,right,0.9955909252166748
d_1030407.exr,right,0.9956145286560059
d_1030408.exr,wrong,0.9874043464660645
d_1030409.exr,right,0.9956095814704895
d_1030410.exr,right,0.9955798983573914
d_1030411.exr,right,0.9927754402160645
d_1030412.exr,wrong,0.9943769574165344
d_1030413.exr,wrong,0.6888642311096191
d_1030415.exr,right,0.9955930113792419
d_1030416.exr,wrong,0.9954566955566406
d_1030417.exr,right,0.9956140518188477
d_1030419.exr,right,0.9954966306686401
d_1030420.exr,right,0.9956005811691284
d_1030421.exr,right,0.9942623376846313
d_1030424.exr,right,0.9954667091369629
d_1030426.exr,right,0.995259702205658
d_1030427.exr,right,0.9955909252166748
d_1030428.exr,right,0.9956088662147522
d_1030429.exr,wrong,0.9954107403755188
d_1030430.exr,right,0.9954174757003784
d_1030435.exr,wrong,0.9949856996536255
d_1030437.exr,right,0.9956296682357788
d_1030439.exr,right,0.9945833086967468
d_1030440.exr,right,0.9955938458442688
d_1030441.exr,right,0.9956153631210327
d_1030442.exr,right,0.9956241250038147
d_1030443.exr,right,0.9956150054931641
d_1030444.exr,right,0.9950358271598816
d_1030445.exr,right,0.9956274032592773
d_1030446.exr,right,0.9948537945747375
d_1030448.exr,right,0.9956154823303223
d_1030449.exr,wrong,0.9914826154708862
d_1030450.exr,right,0.9955623149871826
d_1030452.exr,right,0.9948858618736267
d_1030453.exr,right,0.995407223701477
d_1030454.exr,right,0.9956359267234802
d_1030455.exr,right,0.9956333041191101
d_1030456.exr,right,0.9955283999443054
d_1030457.exr,wrong,0.9944384098052979
d_1030458.exr,right,0.995589017868042
d_1030459.exr,right,0.9956159591674805
d_1030461.exr,right,0.9952214360237122
d_1030462.exr,wrong,0.995627760887146
d_1030463.exr,right,0.9955495595932007
d_1030465.exr,right,0.9956106543540955
d_1030468.exr,right,0.9955739974975586
d_1030470.exr,right,0.9956262111663818
d_1030471.exr,right,0.9956135749816895
d_1030472.exr,right,0.9951887130737305
d_1030473.exr,right,0.9956240057945251
d_1030474.exr,right,0.9955963492393494
d_1030477.exr,right,0.9956080317497253
d_1030478.exr,right,0.9955761432647705
d_1030479.exr,right,0.9956194758415222
d_1030483.exr,right,0.9956217408180237
d_1030484.exr,right,0.9956269264221191
d_1030486.exr,right,0.994553804397583
d_1030487.exr,right,0.9954698085784912
d_1030489.exr,right,0.9954806566238403
d_1030490.exr,right,0.9955840706825256
d_1030494.exr,wrong,0.9151905179023743
d_1030496.exr,right,0.9956011772155762
d_1030498.exr,right,0.9956046342849731
d_1030499.exr,right,0.9956285953521729
d_1030501.exr,right,0.995622456073761
d_1030502.exr,right,0.9955925345420837
d_1030503.exr,right,0.989247739315033
d_1030504.exr,right,0.9956331849098206
d_1030506.exr,right,0.9952782392501831
d_1030508.exr,right,0.9956219792366028
d_1030510.exr,right,0.9956299066543579
d_1030511.exr,wrong,0.9949623346328735
d_1030512.exr,right,0.9935705661773682
d_1030513.exr,right,0.9954885840415955
d_1030514.exr,right,0.9956058859825134
d_1030515.exr,right,0.9956322312355042
d_1030516.exr,right,0.9953653812408447
d_1030517.exr,right,0.9956235289573669
d_1030518.exr,right,0.9956016540527344
d_1030519.exr,wrong,0.9951558113098145
d_1030521.exr,right,0.9955962300300598
d_1030522.exr,right,0.9956093430519104
d_1030523.exr,right,0.9940631985664368
d_1030524.exr,right,0.9956181049346924
d_1030526.exr,right,0.9951769113540649
d_1030528.exr,right,0.9955995082855225
d_1030531.exr,right,0.995586633682251
d_1030538.exr,right,0.9956313371658325
d_1030539.exr,right,0.9955946803092957
d_1030541.exr,right,0.9955411553382874
d_1030542.exr,wrong,0.9938574433326721
d_1030543.exr,right,0.9953397512435913
d_1030545.exr,right,0.9787678122520447
d_1030547.exr,right,0.9955423474311829
d_1030548.exr,right,0.9956093430519104
d_1030551.exr,right,0.9955778121948242
d_1030553.exr,right,0.9955719709396362
d_1030554.exr,right,0.9956275224685669
d_1030555.exr,right,0.9955937266349792
d_1030556.exr,right,0.995628833770752
d_1030558.exr,right,0.9956313371658325
d_1030559.exr,right,0.9955939650535583
d_1030561.exr,right,0.995172917842865
d_1030563.exr,right,0.9955906867980957
d_1030564.exr,wrong,0.99534010887146
d_1030565.exr,right,0.9955217838287354
d_1030566.exr,right,0.9956132173538208
d_1030568.exr,wrong,0.9945981502532959
d_1030570.exr,wrong,0.9859356880187988
d_1030572.exr,wrong,0.995572566986084
d_1030574.exr,right,0.9955833554267883
d_1030575.exr,right,0.9951995611190796
d_1030577.exr,wrong,0.994670569896698
d_1030579.exr,right,0.9956046342849731
d_1030580.exr,right,0.9955276846885681
d_1030582.exr,right,0.9956238865852356
d_1030583.exr,right,0.9951596856117249
d_1030584.exr,right,0.9952497482299805
d_1030586.exr,right,0.9955986738204956
d_1030588.exr,right,0.9956322312355042
d_1030589.exr,right,0.9950749278068542
d_1030590.exr,right,0.995612382888794
d_1030591.exr,right,0.9956104159355164
d_1030592.exr,right,0.9956163167953491
d_1030593.exr,right,0.9954753518104553
d_1030594.exr,right,0.995481014251709
d_1030595.exr,right,0.9956110119819641
d_1030596.exr,right,0.9956120252609253
d_1030597.exr,right,0.9955280423164368
d_1030598.exr,right,0.9956360459327698
d_1030599.exr,right,0.9883965849876404
d_1030601.exr,right,0.9955807328224182
d_1030603.exr,right,0.9956153631210327
d_1030605.exr,right,0.9955976605415344
d_1030607.exr,right,0.9956050515174866
d_1030609.exr,right,0.9955938458442688
d_1030610.exr,right,0.9955838322639465
d_1030611.exr,right,0.9956192374229431
d_1030613.exr,right,0.9955984354019165
d_1030615.exr,right,0.9956225752830505
d_1030616.exr,right,0.995589017868042
d_1030617.exr,right,0.9956029653549194
d_1030618.exr,wrong,0.9931570887565613
d_1030619.exr,right,0.9956216216087341
d_1030620.exr,right,0.9956251978874207
d_1030621.exr,right,0.9956244826316833
d_1030622.exr,right,0.9956285953521729
d_1030623.exr,right,0.9956303834915161
d_1030624.exr,right,0.9956259727478027
d_1030627.exr,right,0.9956257343292236
d_1030628.exr,right,0.995442271232605
d_1030629.exr,right,0.9955743551254272
d_1030630.exr,right,0.9956201910972595
d_1030631.exr,right,0.9956205487251282
d_1030632.exr,right,0.9955825209617615
d_1030633.exr,right,0.9956244826316833
d_1030634.exr,wrong,0.9902889728546143
d_1030635.exr,right,0.9956232905387878
d_1030636.exr,right,0.9945253133773804
d_1030637.exr,right,0.9955694079399109
d_1030639.exr,right,0.9945175051689148
d_1030640.exr,right,0.9956157207489014
d_1030642.exr,right,0.9953574538230896
d_1030643.exr,right,0.995625376701355
d_1030645.exr,right,0.9956234097480774
d_1030647.exr,right,0.995587944984436
d_1030651.exr,right,0.9956234097480774
d_1030653.exr,right,0.9955677390098572
d_1030656.exr,right,0.9955607652664185
d_1030657.exr,right,0.9955921769142151
d_1030660.exr,right,0.9956101775169373
d_1030661.exr,right,0.9956305027008057
d_1030663.exr,right,0.9955892562866211
d_1030664.exr,right,0.9956251978874207
d_1030665.exr,right,0.9956342577934265
d_1030668.exr,right,0.9956284761428833
d_1030669.exr,right,0.995541512966156
d_1030670.exr,right,0.9952924251556396
d_1030671.exr,right,0.9936659932136536
d_1030673.exr,right,0.9956170320510864
d_1030675.exr,right,0.9956056475639343
d_1030677.exr,right,0.9956299066543579
d_1030678.exr,right,0.9791799187660217
d_1030681.exr,wrong,0.9956644177436829
d_1030682.exr,right,0.9937760829925537
d_1030683.exr,right,0.995417594909668
d_1030684.exr,right,0.9955734014511108
d_1030685.exr,wrong,0.9952827095985413
d_1030686.exr,wrong,0.9955378770828247
d_1030687.exr,right,0.9955963492393494
d_1030690.exr,right,0.9946789741516113
d_1030691.exr,right,0.8783718943595886
d_1030692.exr,wrong,0.9943430423736572
d_1030693.exr,right,0.9956080317497253
d_1030694.exr,right,0.9956122636795044
d_1030696.exr,wrong,0.9581038951873779
d_1030697.exr,right,0.995622456073761
d_1030698.exr,right,0.9956201910972595
d_1030700.exr,right,0.951787531375885
d_1030701.exr,right,0.9956327080726624
d_1030703.exr,wrong,0.9957244396209717
d_1030706.exr,right,0.9898159503936768
d_1030707.exr,right,0.9949134588241577
d_1030708.exr,right,0.9950987696647644
d_1030710.exr,right,0.9948209524154663
d_1030711.exr,wrong,0.9957256317138672
d_1030713.exr,right,0.99562007188797
d_1030714.exr,right,0.9955594539642334
d_1030715.exr,right,0.9956337809562683
d_1030716.exr,right,0.9954354166984558
d_1030718.exr,right,0.9956039190292358
d_1030719.exr,right,0.9955487251281738
d_1030722.exr,right,0.9956125020980835
d_1030723.exr,right,0.9948877692222595
d_1030725.exr,right,0.9956352114677429
d_1030727.exr,right,0.995546817779541
d_1030728.exr,right,0.9955743551254272
d_1030729.exr,right,0.9956258535385132
d_1030731.exr,right,0.9956199526786804
d_1030732.exr,right,0.9956195950508118
d_1030733.exr,right,0.9956062436103821
d_1030734.exr,wrong,0.9945647716522217
d_1030736.exr,right,0.9953018426895142
d_1030737.exr,right,0.9956039190292358
d_1030738.exr,right,0.9956300258636475
d_1030739.exr,right,0.9955617189407349
d_1030740.exr,right,0.9955908060073853
d_1030741.exr,right,0.9887086749076843
d_1030743.exr,right,0.9956205487251282
d_1030744.exr,right,0.995629072189331
d_1030747.exr,right,0.9886592030525208
d_1030748.exr,right,0.9956260919570923
d_1030750.exr,right,0.995624840259552
d_1030752.exr,right,0.9956250786781311
d_1030754.exr,right,0.9953435063362122
d_1030755.exr,wrong,0.9943639039993286
d_1030756.exr,right,0.9956264495849609
d_1030759.exr,right,0.9949913620948792
d_1030762.exr,wrong,0.9879712462425232
d_1030764.exr,right,0.9956242442131042
d_1030766.exr,right,0.9956252574920654
d_1030768.exr,right,0.9956303834915161
d_1030770.exr,right,0.9955175518989563
d_1030775.exr,right,0.9944751858711243
d_1030776.exr,right,0.9956291913986206
d_1030779.exr,right,0.9956166744232178
d_1030780.exr,right,0.9955360889434814
d_1030783.exr,right,0.9956035614013672
d_1030784.exr,wrong,0.9940800070762634
d_1030787.exr,right,0.9956329464912415
d_1030788.exr,right,0.9955358505249023
d_1030791.exr,right,0.9954492449760437
d_1030792.exr,wrong,0.995171844959259
d_1030794.exr,right,0.9956063628196716
d_1030795.exr,right,0.9955734014511108
d_1030796.exr,right,0.995475709438324
d_1030797.exr,right,0.9947454929351807
d_1030798.exr,right,0.9955873489379883
d_1030801.exr,right,0.9927802681922913
d_1030802.exr,right,0.9951978325843811
d_1030803.exr,right,0.9956178665161133
d_1030804.exr,wrong,0.9956477284431458
d_1030805.exr,right,0.9955723285675049
d_1030807.exr,wrong,0.5227982401847839
d_1030808.exr,right,0.9950174689292908
d_1030811.exr,wrong,0.9948660135269165
d_1030812.exr,wrong,0.6153004765510559
d_1030815.exr,right,0.9947393536567688
d_1030818.exr,right,0.9955561757087708
d_1030820.exr,right,0.9955739974975586
d_1030823.exr,right,0.9955164790153503
d_1030825.exr,right,0.9956108927726746
d_1030826.exr,right,0.9956315755844116
d_1030833.exr,right,0.9956265687942505
d_1030838.exr,right,0.9955138564109802
d_1030840.exr,right,0.9955861568450928
d_1030841.exr,right,0.9956259727478027
d_1030843.exr,right,0.9956113696098328
d_1030844.exr,wrong,0.9952298402786255
d_1030845.exr,right,0.9956260919570923
d_1030846.exr,wrong,0.9955857992172241
d_1030847.exr,wrong,0.994882345199585
d_1030849.exr,right,0.9956199526786804
d_1030850.exr,wrong,0.9953581690788269
d_1030851.exr,right,0.9956319332122803
d_1030852.exr,right,0.9955833554267883
d_1030853.exr,right,0.99562668800354
d_1030854.exr,right,0.9956113696098328
d_1030855.exr,wrong,0.9918129444122314
d_1030856.exr,right,0.9946041703224182
d_1030858.exr,right,0.9955475330352783
d_1030859.exr,right,0.9956285953521729
d_1030860.exr,right,0.9954364895820618
d_1030861.exr,right,0.9956052899360657
d_1030862.exr,right,0.9956145286560059
d_1030863.exr,right,0.9956183433532715
d_1030864.exr,right,0.9956156015396118
d_1030865.exr,right,0.9955497980117798
d_1030867.exr,right,0.995628833770752
d_1030868.exr,right,0.9956328272819519
d_1030869.exr,right,0.9955381751060486
d_1030871.exr,right,0.9956209063529968
d_1030872.exr,right,0.9955282807350159
d_1030874.exr,right,0.9951635599136353
d_1030877.exr,right,0.9612227082252502
d_1030878.exr,right,0.9956225752830505
d_1030879.exr,wrong,0.9938967823982239
d_1030880.exr,wrong,0.9954878687858582
d_1030881.exr,right,0.9956305027008057
d_1030883.exr,wrong,0.9716619253158569
d_1030884.exr,right,0.9956308603286743
d_1030886.exr,right,0.9933342933654785
d_1030887.exr,right,0.9956342577934265
d_1030888.exr,right,0.9886046648025513
d_1030889.exr,right,0.9956203103065491
d_1030890.exr,right,0.9955386519432068
d_1030891.exr,right,0.9922047257423401
d_1030892.exr,right,0.9956271648406982
d_1030893.exr,right,0.9956219792366028
d_1030896.exr,right,0.995607316493988
d_1030897.exr,right,0.9953255653381348
d_1030898.exr,wrong,0.9940468072891235
d_1030899.exr,right,0.9956260919570923
d_1030901.exr,right,0.9956232905387878
d_1030902.exr,right,0.9955897331237793
d_1030903.exr,right,0.9955925345420837
d_1030904.exr,right,0.9955356121063232
d_1030905.exr,right,0.9956056475639343
d_1030908.exr,right,0.9956229329109192
d_1030911.exr,right,0.9955213069915771
d_1030912.exr,right,0.9955845475196838
d_1030914.exr,wrong,0.9951268434524536
d_1030915.exr,right,0.9955995082855225
d_1030917.exr,right,0.9956151247024536
d_1030921.exr,right,0.9864908456802368
d_1030922.exr,right,0.9955925345420837
d_1030923.exr,right,0.9955620765686035
d_1030924.exr,right,0.9955968260765076
d_1030925.exr,wrong,0.9955163598060608
d_1030926.exr,right,0.9956048727035522
d_1030927.exr,right,0.9956247210502625
d_1030928.exr,right,0.9956089854240417
d_1030929.exr,right,0.9955571293830872
d_1030930.exr,right,0.9956235289573669
d_1030931.exr,wrong,0.9945012331008911
d_1030932.exr,right,0.9956344962120056
d_1030933.exr,right,0.9955962300300598
d_1030934.exr,wrong,0.7397937774658203
d_1030936.exr,right,0.9955917000770569
d_1030937.exr,right,0.9955859184265137
d_1030938.exr,right,0.9956319332122803
d_1030941.exr,right,0.9954859614372253
d_1030942.exr,right,0.9956381916999817
d_1030943.exr,right,0.9862179160118103
d_1030944.exr,right,0.9956029653549194
d_1030945.exr,right,0.9953539371490479
d_1030947.exr,right,0.9955093860626221
d_1030948.exr,right,0.9955951571464539
d_1030950.exr,right,0.9956346154212952
d_1030951.exr,right,0.9956133365631104
d_1030952.exr,right,0.9956023693084717
d_1030956.exr,right,0.991828203201294
d_1030958.exr,right,0.9952881336212158
d_1030959.exr,right,0.9956287145614624
d_1030960.exr,right,0.9955810904502869
d_1030961.exr,wrong,0.9954338669776917
d_1030965.exr,right,0.9956219792366028
d_1030967.exr,wrong,0.9842095375061035
d_1030974.exr,right,0.9955762624740601
d_1030975.exr,right,0.9956306219100952
d_1030979.exr,right,0.9956132173538208
d_1030981.exr,right,0.9956281185150146
d_1030982.exr,wrong,0.9869814515113831
d_1030984.exr,right,0.9956281185150146
d_1030987.exr,right,0.9956225752830505
d_1030988.exr,right,0.9956349730491638
d_1030990.exr,right,0.9956305027008057
d_1030991.exr,right,0.9948792457580566
d_1030993.exr,right,0.9956229329109192
d_1030994.exr,right,0.9955580830574036
d_1030995.exr,right,0.9956399202346802
d_1031002.exr,right,0.9956268072128296
d_1031005.exr,wrong,0.9950982928276062
d_1031006.exr,right,0.9919820427894592
d_1031007.exr,right,0.9956005811691284
d_1031009.exr,right,0.9955915212631226
d_1031010.exr,right,0.9955005049705505
d_1031011.exr,wrong,0.995559811592102
d_1031012.exr,right,0.9956300258636475
d_1031013.exr,right,0.9955796599388123
d_1031015.exr,right,0.9956235289573669
d_1031016.exr,right,0.9955940842628479
d_1031018.exr,right,0.9956127405166626
d_1031019.exr,right,0.9956114888191223
d_1031021.exr,right,0.995629072189331
d_1031022.exr,right,0.995481014251709
d_1031024.exr,right,0.9954700469970703
d_1031025.exr,right,0.9956313371658325
d_1031027.exr,right,0.9955937266349792
d_1031028.exr,right,0.9955957531929016
d_1031029.exr,right,0.9956075549125671
d_1031030.exr,right,0.9956172704696655
d_1031031.exr,right,0.9956272840499878
d_1031032.exr,right,0.9955990314483643
d_1031033.exr,right,0.9954739212989807
d_1031034.exr,right,0.9956201910972595
d_1031035.exr,right,0.9955924153327942
d_1031036.exr,right,0.9955582618713379
d_1031037.exr,right,0.9956333041191101
d_1031039.exr,right,0.9956236481666565
d_1031040.exr,right,0.9954936504364014
d_1031043.exr,wrong,0.9721004962921143
d_1031045.exr,right,0.995602011680603
d_1031046.exr,right,0.9953082203865051
d_1031048.exr,right,0.9956045150756836
d_1031049.exr,right,0.9955564141273499
d_1031050.exr,right,0.9822949171066284
d_1031051.exr,right,0.9956102967262268
d_1031052.exr,right,0.9955536723136902
d_1031055.exr,right,0.9939967393875122
d_1031057.exr,right,0.9956128597259521
d_1031058.exr,right,0.9956324696540833
d_1031059.exr,right,0.9956323504447937
d_1031060.exr,right,0.995518684387207
d_1031063.exr,right,0.9955955147743225
d_1031064.exr,right,0.9954901337623596
d_1031065.exr,right,0.995581328868866
d_1031067.exr,wrong,0.992220938205719
d_1031068.exr,right,0.9955378770828247
d_1031069.exr,right,0.9952932000160217
d_1031070.exr,right,0.9679732322692871
d_1031071.exr,right,0.9954901337623596
d_1031073.exr,right,0.9956393241882324
d_1031075.exr,right,0.9955665469169617
d_1031076.exr,right,0.9956046342849731
d_1031077.exr,wrong,0.9950710535049438
d_1031079.exr,right,0.9955055713653564
d_1031080.exr,right,0.9955957531929016
d_1031082.exr,right,0.9955131411552429
d_1031084.exr,right,0.995576024055481
d_1031085.exr,right,0.995612621307373
d_1031086.exr,right,0.9652535319328308
d_1031087.exr,right,0.9954738020896912
d_1031088.exr,right,0.9955822825431824
d_1031089.exr,wrong,0.9946224689483643
d_1031090.exr,wrong,0.9956641793251038
d_1031095.exr,right,0.9955267310142517
d_1031097.exr,right,0.9955512285232544
d_1031098.exr,right,0.9940468072891235
d_1031100.exr,right,0.9955896139144897
d_1031101.exr,right,0.9955965876579285
d_1031103.exr,right,0.995609700679779
d_1031104.exr,right,0.9955834746360779
d_1031105.exr,right,0.9956138134002686
d_1031106.exr,right,0.9956384301185608
d_1031107.exr,right,0.9955931305885315
d_1031108.exr,right,0.9956218600273132
d_1031109.exr,right,0.9956329464912415
d_1031110.exr,right,0.9956061244010925
d_1031111.exr,right,0.9956344962120056
d_1031112.exr,right,0.9956135749816895
d_1031113.exr,right,0.9956064820289612
d_1031114.exr,right,0.9956268072128296
d_1031115.exr,right,0.9956058859825134
d_1031116.exr,right,0.9956082701683044
d_1031117.exr,right,0.9956364035606384
d_1031118.exr,right,0.9955161213874817
d_1031119.exr,right,0.9956154823303223
d_1031120.exr,right,0.9956056475639343
d_1031121.exr,wrong,0.995326042175293
d_1031122.exr,right,0.9955883026123047
d_1031123.exr,right,0.9956064820289612
d_1031125.exr,right,0.9955984354019165
d_1031126.exr,wrong,0.9955690503120422
d_1031127.exr,right,0.9955081939697266
d_1031128.exr,right,0.9955946803092957
d_1031129.exr,wrong,0.9924807548522949
d_1031131.exr,right,0.9956047534942627
d_1031132.exr,right,0.9956356883049011
d_1031135.exr,right,0.9956088662147522
d_1031136.exr,right,0.9956310987472534
d_1031138.exr,right,0.9949171543121338
d_1031139.exr,right,0.9956309795379639
d_1031140.exr,right,0.9955939650535583
d_1031141.exr,right,0.9952367544174194
d_1031142.exr,right,0.9956322312355042
d_1031145.exr,right,0.9956052899360657
d_1031148.exr,right,0.9956100583076477
d_1031149.exr,right,0.9956112504005432
d_1031151.exr,right,0.9956207871437073
d_1031153.exr,wrong,0.981489360332489
d_1031154.exr,right,0.9956242442131042
d_1031156.exr,right,0.9956116080284119
d_1031157.exr,right,0.9953344464302063
d_1031158.exr,right,0.9955808520317078
d_1031159.exr,right,0.9955633878707886
d_1031160.exr,right,0.9955824017524719
d_1031162.exr,right,0.995537281036377
d_1031163.exr,right,0.9952881336212158
d_1031166.exr,right,0.9955978989601135
d_1031167.exr,wrong,0.9226065278053284
d_1031168.exr,right,0.9942658543586731
d_1031169.exr,right,0.9956236481666565
d_1031170.exr,right,0.9954883456230164
d_1031172.exr,right,0.9390702843666077
d_1031173.exr,right,0.9954476952552795
d_1031175.exr,wrong,0.9942623376846313
d_1031176.exr,right,0.9956265687942505
d_1031178.exr,right,0.9956051707267761
d_1031179.exr,right,0.995462954044342
d_1031180.exr,right,0.9956319332122803
d_1031182.exr,right,0.9955698847770691
d_1031183.exr,right,0.995561957359314
d_1031184.exr,wrong,0.9953222870826721
d_1031185.exr,right,0.995635449886322
d_1031189.exr,right,0.9710642099380493
d_1031190.exr,right,0.9956367611885071
d_1031191.exr,right,0.9956297874450684
d_1031199.exr,right,0.9956164360046387
d_1031200.exr,right,0.9945007562637329
d_1031202.exr,right,0.9955293536186218
d_1031203.exr,wrong,0.9467139840126038
d_1031204.exr,right,0.9956172704696655
d_1031205.exr,right,0.9949920773506165
d_1031206.exr,right,0.9944069385528564
d_1031207.exr,right,0.9956223368644714
d_1031208.exr,right,0.992347002029419
d_1031210.exr,right,0.6961098313331604
d_1031212.exr,right,0.9956033229827881
d_1031213.exr,right,0.9956389665603638
d_1031214.exr,right,0.995597779750824
d_1031215.exr,right,0.9955667853355408
d_1031217.exr,wrong,0.9896962642669678
d_1031218.exr,right,0.9955920577049255
d_1031219.exr,right,0.9940605759620667
d_1031220.exr,right,0.9956206679344177
d_1031221.exr,right,0.9955779314041138
d_1031225.exr,right,0.9919402003288269
d_1031226.exr,right,0.9956350922584534
d_1031230.exr,right,0.9955447912216187
d_1031231.exr,right,0.9955885410308838
d_1031232.exr,right,0.9956291913986206
d_1031233.exr,right,0.9955861568450928
d_1031234.exr,right,0.9955248832702637
d_1031235.exr,right,0.9956165552139282
d_1031238.exr,right,0.9955511093139648
d_1031243.exr,right,0.9956081509590149
d_1031245.exr,wrong,0.9828112125396729
d_1031246.exr,right,0.9955938458442688
d_1031247.exr,right,0.9955999851226807
d_1031248.exr,wrong,0.995519757270813
d_1031249.exr,right,0.9956135749816895
d_1031250.exr,right,0.9956306219100952
d_1031251.exr,wrong,0.9952491521835327
d_1031252.exr,right,0.995612621307373
d_1031254.exr,wrong,0.9923362135887146
d_1031255.exr,right,0.9955278038978577
d_1031257.exr,right,0.9953796863555908
d_1031258.exr,right,0.9956335425376892
d_1031260.exr,right,0.9956295490264893
d_1031262.exr,wrong,0.9947233200073242
d_1031263.exr,right,0.9956225752830505
d_1031264.exr,right,0.995389461517334
d_1031265.exr,right,0.9956260919570923
d_1031266.exr,right,0.9956112504005432
d_1031267.exr,wrong,0.9951057434082031
d_1031268.exr,right,0.9727784395217896
d_1031269.exr,right,0.9951809644699097
d_1031270.exr,right,0.9503107666969299
d_1031271.exr,right,0.9956163167953491
d_1031272.exr,right,0.995444655418396
d_1031273.exr,right,0.9956295490264893
d_1031275.exr,right,0.9941954016685486
d_1031276.exr,right,0.9956199526786804
d_1031280.exr,right,0.9955806136131287
d_1031281.exr,right,0.995627760887146
d_1031282.exr,right,0.9955089092254639
d_1031284.exr,right,0.9955793023109436
d_1031285.exr,wrong,0.995049774646759
d_1031286.exr,right,0.9956359267234802
d_1031287.exr,right,0.9956057667732239
d_1031290.exr,right,0.9956293106079102
d_1031292.exr,right,0.9955167174339294
d_1031295.exr,right,0.9541864395141602
d_1031296.exr,right,0.9956057667732239
d_1031298.exr,right,0.9954959154129028
d_1031299.exr,right,0.9956285953521729
d_1031301.exr,right,0.9951332211494446
d_1031303.exr,right,0.9956260919570923
d_1031304.exr,right,0.9956185221672058
d_1031305.exr,right,0.9956340193748474
d_1031307.exr,right,0.9956045150756836
d_1031309.exr,wrong,0.992741048336029
d_1031310.exr,right,0.9956051707267761
d_1031311.exr,right,0.9956098198890686
d_1031313.exr,right,0.9956353306770325
d_1031314.exr,right,0.9956222176551819
d_1031315.exr,right,0.9956260919570923
d_1031317.exr,wrong,0.9953715205192566
d_1031318.exr,right,0.9956182241439819
d_1031320.exr,right,0.9941546320915222
d_1031322.exr,right,0.994939923286438
d_1031324.exr,right,0.9955956339836121
d_1031325.exr,wrong,0.9891468286514282
d_1031329.exr,right,0.9956217408180237
d_1031330.exr,right,0.9956095814704895
d_1031331.exr,right,0.995621383190155
d_1031337.exr,wrong,0.9940810799598694
d_1031338.exr,right,0.9955779314041138
d_1031342.exr,right,0.9938812255859375
d_1031343.exr,right,0.995629072189331
d_1031344.exr,right,0.9955340623855591
d_1031347.exr,right,0.9952274560928345
d_1031349.exr,right,0.995564341545105
d_1031351.exr,right,0.9951802492141724
d_1031355.exr,wrong,0.9953598380088806
d_1031357.exr,right,0.9956191182136536
d_1031358.exr,right,0.9955862760543823
d_1031359.exr,right,0.9956234097480774
d_1031361.exr,right,0.9955638647079468
d_1031362.exr,right,0.9956334233283997
d_1031364.exr,right,0.9955964684486389
d_1031366.exr,right,0.9956331849098206
d_1031367.exr,right,0.995586633682251
d_1031370.exr,right,0.9956095814704895
d_1031373.exr,right,0.9955775737762451
d_1031376.exr,right,0.9955887794494629
d_1031377.exr,wrong,0.9951006770133972
d_1031378.exr,right,0.9954543113708496
d_1031379.exr,right,0.9952616691589355
d_1031381.exr,right,0.9936840534210205
d_1031382.exr,right,0.9955046772956848
d_1031384.exr,right,0.9772347211837769
d_1031385.exr,right,0.9956256151199341
d_1031386.exr,right,0.9955875873565674
d_1031387.exr,wrong,0.9914199113845825
d_1031388.exr,right,0.9955697655677795
d_1031389.exr,wrong,0.9956676959991455
d_1031390.exr,right,0.9776195287704468
d_1031391.exr,right,0.9955676198005676
d_1031393.exr,wrong,0.9956384301185608
d_1031396.exr,wrong,0.9885979890823364
d_1031398.exr,right,0.995519757270813
d_1031399.exr,right,0.9956291913986206
d_1031401.exr,right,0.9956305027008057
d_1031402.exr,right,0.9955416321754456
d_1031403.exr,right,0.9956207871437073
d_1031404.exr,right,0.994712233543396
d_1031405.exr,right,0.9948667287826538
d_1031407.exr,right,0.9955906867980957
d_1031408.exr,wrong,0.9955204725265503
d_1031411.exr,right,0.9956285953521729
d_1031412.exr,right,0.9956293106079102
d_1031417.exr,right,0.9953228831291199
d_1031418.exr,right,0.9954168796539307
d_1031419.exr,right,0.995614767074585
d_1031420.exr,wrong,0.9955117106437683
d_1031421.exr,right,0.9956154823303223
d_1031423.exr,right,0.9930209517478943
d_1031426.exr,wrong,0.9956371188163757
d_1031427.exr,wrong,0.9955488443374634
d_1031429.exr,right,0.9956250786781311
d_1031432.exr,right,0.9953972697257996
d_1031434.exr,wrong,0.9932557344436646
d_1031435.exr,right,0.6140235066413879
d_1031437.exr,right,0.9956049919128418
d_1031438.exr,right,0.9955922961235046
d_1031439.exr,right,0.9954504370689392
d_1031440.exr,wrong,0.9923279881477356
d_1031441.exr,right,0.9956178665161133
d_1031443.exr,right,0.9949607849121094
d_1031444.exr,right,0.9956010580062866
d_1031446.exr,right,0.9956054091453552
d_1031449.exr,right,0.9955990314483643
d_1031450.exr,right,0.9955529570579529
d_1031452.exr,wrong,0.9931134581565857
d_1031453.exr,right,0.9956197142601013
d_1031454.exr,right,0.9956057667732239
d_1031455.exr,right,0.9956185221672058
d_1031456.exr,right,0.9956087470054626
d_1031457.exr,right,0.9955906867980957
d_1031464.exr,right,0.9956340193748474
d_1031466.exr,right,0.995617151260376
d_1031469.exr,right,0.9956128597259521
d_1031471.exr,right,0.995555579662323
d_1031477.exr,right,0.9955246448516846
d_1031478.exr,right,0.9956222176551819
d_1031479.exr,wrong,0.9625755548477173
d_1031480.exr,right,0.9956333041191101
d_1031481.exr,right,0.9956258535385132
d_1031482.exr,wrong,0.9943311214447021
d_1031483.exr,right,0.9956305027008057
d_1031484.exr,right,0.9956089854240417
d_1031485.exr,wrong,0.9947052597999573
d_1031486.exr,wrong,0.9945101737976074
d_1031487.exr,right,0.9956216216087341
d_1031489.exr,right,0.9956033229827881
d_1031490.exr,right,0.9956325888633728
d_1031492.exr,right,0.995582640171051
d_1031493.exr,right,0.9955755472183228
d_1031495.exr,right,0.9928327798843384
d_1031497.exr,right,0.9955930113792419
d_1031498.exr,right,0.9955970644950867
d_1031499.exr,right,0.9956169128417969
d_1031500.exr,wrong,0.995708703994751
d_1031501.exr,right,0.9956303834915161
d_1031502.exr,right,0.9956254959106445
d_1031503.exr,right,0.9956133365631104
d_1031504.exr,right,0.9956177473068237
d_1031505.exr,right,0.9955952763557434
d_1031506.exr,wrong,0.9957143664360046
d_1031507.exr,right,0.9955282807350159
d_1031508.exr,right,0.9954748749732971
d_1031515.exr,right,0.9956114888191223
d_1031518.exr,right,0.9956299066543579
d_1031520.exr,right,0.9956289529800415
d_1031521.exr,right,0.9955742359161377
d_1031524.exr,right,0.9956082701683044
d_1031528.exr,right,0.995629072189331
d_1031530.exr,right,0.9955989122390747
d_1031532.exr,right,0.9954063892364502
d_1031534.exr,right,0.9951791763305664
d_1031535.exr,wrong,0.9953157901763916
d_1031537.exr,wrong,0.6305126547813416
d_1031538.exr,right,0.9956252574920654
d_1031539.exr,right,0.995595395565033
d_1031540.exr,right,0.9953476786613464
d_1031541.exr,right,0.9956380724906921
d_1031542.exr,wrong,0.9900784492492676
d_1031544.exr,right,0.9955653548240662
d_1031545.exr,right,0.995537519454956
d_1031546.exr,right,0.9952461123466492
d_1031547.exr,right,0.9955576062202454
d_1031548.exr,right,0.9954337477684021
d_1031549.exr,right,0.9954392313957214
d_1031550.exr,right,0.9930692911148071
d_1031551.exr,right,0.995603084564209
d_1031554.exr,right,0.8545240759849548
d_1031555.exr,wrong,0.994143545627594
d_1031556.exr,right,0.9956042766571045
d_1031557.exr,right,0.995558500289917
d_1031558.exr,right,0.9955774545669556
d_1031559.exr,wrong,0.9951328635215759
d_1031561.exr,right,0.9954034090042114
d_1031562.exr,right,0.9956289529800415
d_1031563.exr,right,0.9921543002128601
d_1031567.exr,right,0.9956055283546448
d_1031568.exr,right,0.9930495023727417
d_1031569.exr,right,0.9955242872238159
d_1031570.exr,right,0.9955835938453674
d_1031571.exr,wrong,0.9947152733802795
d_1031572.exr,right,0.9956392049789429
d_1031573.exr,right,0.995612621307373
d_1031576.exr,wrong,0.9916683435440063
d_1031581.exr,right,0.9956310987472534
d_1031582.exr,right,0.9956386685371399
d_1031585.exr,right,0.9955684542655945
d_1031586.exr,right,0.9956082701683044
d_1031587.exr,right,0.9956181049346924
d_1031588.exr,right,0.9956204295158386
d_1031589.exr,wrong,0.9950445890426636
d_1031591.exr,right,0.9956258535385132
d_1031593.exr,right,0.9956133365631104
d_1031594.exr,right,0.9956133365631104
d_1031595.exr,right,0.9956193566322327
d_1031596.exr,right,0.9956192374229431
d_1031597.exr,right,0.9956281185150146
d_1031598.exr,right,0.9955993890762329
d_1031599.exr,right,0.9956343770027161
d_1031600.exr,right,0.995590329170227
d_1031601.exr,right,0.9956295490264893
d_1031602.exr,right,0.9955678582191467
d_1031603.exr,right,0.9947196245193481
d_1031604.exr,right,0.9940049052238464
d_1031606.exr,right,0.9956275224685669
d_1031607.exr,right,0.995598554611206
d_1031608.exr,right,0.9956259727478027
d_1031609.exr,right,0.9956119060516357
d_1031613.exr,right,0.9956324696540833
d_1031614.exr,right,0.9956232905387878
d_1031615.exr,right,0.9955145716667175
d_1031616.exr,right,0.9956206679344177
d_1031618.exr,right,0.9956011772155762
d_1031619.exr,right,0.9955950379371643
d_1031623.exr,right,0.9955885410308838
d_1031625.exr,right,0.9955863952636719
d_1031627.exr,right,0.9955831170082092
d_1031628.exr,right,0.9926968216896057
d_1031629.exr,wrong,0.9929798245429993
d_1031630.exr,right,0.9955815672874451
d_1031632.exr,right,0.9955861568450928
d_1031633.exr,wrong,0.9935992956161499
d_1031636.exr,right,0.995604395866394
d_1031637.exr,right,0.9956009387969971
d_1031638.exr,right,0.9955963492393494
d_1031642.exr,right,0.9955465793609619
d_1031644.exr,right,0.995609700679779
d_1031645.exr,right,0.995596706867218
d_1031651.exr,right,0.9956211447715759
d_1031652.exr,wrong,0.9953826069831848
d_1031655.exr,right,0.995591938495636
d_1031656.exr,right,0.9956037998199463
d_1031658.exr,right,0.9956158399581909
d_1031659.exr,right,0.9955123066902161
d_1031660.exr,right,0.9956145286560059
d_1031662.exr,wrong,0.9951834082603455
d_1031663.exr,right,0.9953746199607849
d_1031664.exr,right,0.9955969452857971
d_1031666.exr,right,0.9956086277961731
d_1031668.exr,right,0.9956318140029907
d_1031677.exr,right,0.9956243634223938
d_1031678.exr,right,0.995612382888794
d_1031680.exr,right,0.9955989122390747
d_1031681.exr,wrong,0.9930735230445862
d_1031682.exr,right,0.9955978989601135
d_1031683.exr,right,0.9952378273010254
d_1031684.exr,right,0.9947121143341064
d_1031685.exr,right,0.9955976605415344
d_1031686.exr,right,0.9955160021781921
d_1031687.exr,right,0.9955292344093323
d_1031688.exr,right,0.9955765008926392
d_1031689.exr,right,0.9949722290039062
d_1031690.exr,right,0.9777864813804626
d_1031691.exr,wrong,0.9935445785522461
d_1031692.exr,wrong,0.9931607246398926
d_1031693.exr,right,0.9950291514396667
d_1031694.exr,right,0.9956226944923401
d_1031695.exr,right,0.9956318140029907
d_1031696.exr,right,0.9955719709396362
d_1031697.exr,right,0.995267391204834
d_1031698.exr,right,0.9923993945121765
d_1031699.exr,right,0.9956238865852356
d_1031700.exr,right,0.9956102967262268
d_1031701.exr,right,0.9953611493110657
d_1031702.exr,right,0.9953790903091431
d_1031703.exr,right,0.9955957531929016
d_1031704.exr,right,0.9956018924713135
d_1031705.exr,right,0.9956291913986206
d_1031706.exr,right,0.995559811592102
d_1031707.exr,right,0.9956268072128296
d_1031708.exr,right,0.9953221678733826
d_1031709.exr,right,0.9955850839614868
d_1031712.exr,wrong,0.995498538017273
d_1031713.exr,right,0.9955959916114807
d_1031714.exr,right,0.9952430129051208
d_1031717.exr,right,0.9955111742019653
d_1031718.exr,right,0.9956100583076477
d_1031719.exr,right,0.9956329464912415
d_1031720.exr,right,0.9955848455429077
d_1031722.exr,right,0.9956314563751221
d_1031723.exr,right,0.9955772161483765
d_1031729.exr,right,0.9956300258636475
d_1031731.exr,right,0.9956265687942505
d_1031734.exr,right,0.9956297874450684
d_1031736.exr,right,0.9956337809562683
d_1031737.exr,wrong,0.9956707954406738
d_1031738.exr,right,0.9948068261146545
d_1031739.exr,right,0.9956282377243042
d_1031741.exr,right,0.9956093430519104
d_1031745.exr,right,0.9938365817070007
d_1031746.exr,right,0.9956371188163757
d_1031747.exr,right,0.9956335425376892
d_1031749.exr,right,0.9955677390098572
d_1031750.exr,right,0.9956285953521729
d_1031751.exr,right,0.9956283569335938
d_1031752.exr,right,0.9954907298088074
d_1031753.exr,right,0.9956231713294983
d_1031754.exr,right,0.9956388473510742
d_1031755.exr,wrong,0.9951220154762268
d_1031756.exr,right,0.9955547451972961
d_1031757.exr,right,0.9955896139144897
d_1031758.exr,right,0.9955812096595764
d_1031759.exr,right,0.9955378770828247
d_1031763.exr,right,0.9956146478652954
d_1031765.exr,right,0.9956077933311462
d_1031769.exr,right,0.9956104159355164
d_1031770.exr,right,0.9955558180809021
d_1031772.exr,right,0.995637834072113
d_1031773.exr,right,0.9955767393112183
d_1031775.exr,right,0.9956352114677429
d_1031776.exr,right,0.9955663084983826
d_1031777.exr,right,0.9956204295158386
d_1031778.exr,right,0.995594322681427
d_1031781.exr,right,0.9955820441246033
d_1031782.exr,right,0.9956181049346924
d_1031784.exr,right,0.9954829216003418
d_1031785.exr,right,0.9956047534942627
d_1031787.exr,right,0.9955471754074097
d_1031789.exr,right,0.9944526553153992
d_1031790.exr,right,0.9956177473068237
d_1031792.exr,right,0.9953252077102661
d_1031793.exr,right,0.9956274032592773
d_1031794.exr,right,0.9956058859825134
d_1031795.exr,wrong,0.9917465448379517
d_1031796.exr,right,0.9956166744232178
d_1031797.exr,right,0.9953402280807495
d_1031798.exr,right,0.9955751895904541
d_1031800.exr,right,0.9955130219459534
d_1031801.exr,right,0.9923302531242371
d_1031803.exr,right,0.9955902099609375
d_1031804.exr,right,0.9942512512207031
d_1031806.exr,right,0.995621383190155
d_1031807.exr,wrong,0.9920483231544495
d_1031808.exr,right,0.9956034421920776
d_1031809.exr,right,0.9956211447715759
d_1031810.exr,right,0.9932507872581482
d_1031811.exr,right,0.9956114888191223
d_1031812.exr,right,0.9956117868423462
d_1031813.exr,wrong,0.9918527007102966
d_1031814.exr,right,0.9955887794494629
d_1031815.exr,right,0.9956185221672058
d_1031816.exr,wrong,0.9883296489715576
d_1031817.exr,right,0.9954313039779663
d_1031818.exr,right,0.9955776929855347
d_1031819.exr,right,0.9949159622192383
d_1031820.exr,right,0.9954779744148254
d_1031821.exr,right,0.9941620230674744
d_1031822.exr,right,0.9955899715423584
d_1031824.exr,right,0.9955989122390747
d_1031825.exr,right,0.9955969452857971
d_1031826.exr,wrong,0.9949414134025574
d_1031827.exr,right,0.9955636262893677
d_1031829.exr,right,0.9954999089241028
d_1031830.exr,right,0.9954308271408081
d_1031832.exr,wrong,0.994676947593689
d_1031835.exr,right,0.9736635684967041
d_1031837.exr,right,0.9956313371658325
d_1031838.exr,right,0.9954677820205688
d_1031839.exr,right,0.9951488375663757
d_1031841.exr,wrong,0.994545578956604
d_1031842.exr,right,0.9951207041740417
d_1031844.exr,wrong,0.9799579977989197
d_1031847.exr,right,0.9940264225006104
d_1031853.exr,right,0.9950805902481079
d_1031854.exr,right,0.9929556846618652
d_1031858.exr,right,0.9955835938453674
d_1031862.exr,right,0.9944536089897156
d_1031864.exr,right,0.9956139326095581
d_1031865.exr,right,0.9953352808952332
d_1031867.exr,right,0.9955195188522339
d_1031870.exr,right,0.9955736398696899
d_1031871.exr,right,0.9917922019958496
d_1031873.exr,right,0.995532751083374
d_1031875.exr,right,0.9955047965049744
d_1031876.exr,right,0.9956388473510742
d_1031878.exr,wrong,0.993708610534668
d_1031879.exr,right,0.995598554611206
d_1031882.exr,right,0.9956098198890686
d_1031885.exr,right,0.9956206679344177
d_1031886.exr,right,0.9951962828636169
d_1031888.exr,right,0.9955869913101196
d_1031889.exr,right,0.9955435395240784
d_1031891.exr,right,0.9955382943153381
d_1031894.exr,right,0.9956366419792175
d_1031895.exr,right,0.9956206679344177
d_1031896.exr,right,0.9955765008926392
d_1031897.exr,right,0.9955757856369019
d_1031898.exr,wrong,0.7155787944793701
d_1031899.exr,right,0.9955827593803406
d_1031901.exr,right,0.9956346154212952
d_1031902.exr,right,0.9955854415893555
d_1031903.exr,right,0.9952110648155212
d_1031904.exr,right,0.99556964635849
d_1031905.exr,right,0.9955869913101196
d_1031906.exr,right,0.9955915808677673
d_1031907.exr,right,0.9955946803092957
d_1031908.exr,right,0.995627760887146
d_1031909.exr,right,0.9956021308898926
d_1031910.exr,right,0.9956028461456299
d_1031911.exr,right,0.9956186413764954
d_1031912.exr,right,0.9956051707267761
d_1031914.exr,right,0.9956223368644714
d_1031915.exr,right,0.9956328272819519
d_1031916.exr,right,0.9956257343292236
d_1031917.exr,right,0.9955861568450928
d_1031919.exr,right,0.9956291913986206
d_1031920.exr,right,0.9956236481666565
d_1031921.exr,right,0.9956219792366028
d_1031922.exr,right,0.9952038526535034
d_1031923.exr,right,0.9956139326095581
d_1031925.exr,right,0.9953761100769043
d_1031926.exr,right,0.995614767074585
d_1031927.exr,wrong,0.9942922592163086
d_1031930.exr,right,0.995597779750824
d_1031931.exr,right,0.9956066012382507
d_1031933.exr,right,0.9956194758415222
d_1031934.exr,right,0.9955850839614868
d_1031936.exr,right,0.9955899715423584
d_1031939.exr,right,0.9955440163612366
d_1031940.exr,right,0.9952552914619446
d_1031942.exr,right,0.9956066012382507
d_1031943.exr,wrong,0.9935668110847473
d_1031946.exr,wrong,0.9941171407699585
d_1031948.exr,right,0.9956284761428833
d_1031949.exr,right,0.9939792156219482
d_1031951.exr,right,0.9955593347549438
d_1031952.exr,wrong,0.9937759637832642
d_1031954.exr,right,0.9956169128417969
d_1031955.exr,right,0.9955653548240662
d_1031957.exr,right,0.994828999042511
d_1031958.exr,right,0.9955714344978333
d_1031960.exr,right,0.9956052899360657
d_1031961.exr,right,0.9956278800964355
d_1031962.exr,wrong,0.995705783367157
d_1031963.exr,right,0.995607316493988
d_1031964.exr,right,0.9956218600273132
d_1031965.exr,wrong,0.9957166314125061
d_1031966.exr,right,0.995625376701355
d_1031967.exr,right,0.9955782294273376
d_1031968.exr,wrong,0.995710015296936
d_1031969.exr,right,0.9956158399581909
d_1031970.exr,right,0.9956279993057251
d_1031971.exr,right,0.9910405278205872
d_1031972.exr,wrong,0.9956954717636108
d_1031974.exr,right,0.9746688008308411
d_1031975.exr,right,0.9956235289573669
d_1031976.exr,right,0.9956111311912537
d_1031977.exr,right,0.9948134422302246
d_1031978.exr,right,0.9956167936325073
d_1031979.exr,right,0.9956222176551819
d_1031981.exr,right,0.9956287145614624
d_1031983.exr,wrong,0.9851652383804321
d_1031986.exr,right,0.9954627156257629
d_1031987.exr,right,0.9955949187278748
d_1031988.exr,wrong,0.9934658408164978
d_1031990.exr,right,0.9956193566322327
d_1031991.exr,wrong,0.9943576455116272
d_1031994.exr,wrong,0.9952660799026489
d_1031998.exr,right,0.995564341545105
d_1032000.exr,right,0.9916272163391113
d_1032001.exr,right,0.9956114888191223
d_1032003.exr,right,0.9951882362365723
d_1032005.exr,right,0.9956188797950745
d_1032007.exr,right,0.9955694079399109
d_1032011.exr,wrong,0.9930009841918945
d_1032012.exr,right,0.9954208731651306
d_1032013.exr,right,0.995599627494812
d_1032016.exr,right,0.9955904483795166
d_1032020.exr,right,0.995459258556366
d_1032022.exr,right,0.9955704808235168
d_1032024.exr,right,0.9956140518188477
d_1032026.exr,right,0.9955294728279114
d_1032029.exr,right,0.9955730438232422
d_1032030.exr,right,0.9955723285675049
d_1032031.exr,wrong,0.9951142072677612
d_1032033.exr,right,0.9953675270080566
d_1032036.exr,right,0.9955944418907166
d_1032039.exr,right,0.9956287145614624
d_1032043.exr,right,0.9955368041992188
d_1032044.exr,right,0.9942187070846558
d_1032046.exr,right,0.9953668117523193
d_1032049.exr,right,0.994874894618988
d_1032053.exr,right,0.9950615763664246
d_1032055.exr,right,0.9955416321754456
d_1032056.exr,right,0.9947264790534973
d_1032057.exr,wrong,0.995433509349823
d_1032061.exr,right,0.9942010045051575
d_1032062.exr,wrong,0.9866381883621216
d_1032063.exr,right,0.9312489032745361
d_1032064.exr,wrong,0.9942148327827454
d_1032065.exr,right,0.9956087470054626
d_1032066.exr,right,0.9943397641181946
d_1032067.exr,wrong,0.9719340205192566
d_1032068.exr,right,0.9954800605773926
d_1032069.exr,wrong,0.995232880115509
d_1032070.exr,right,0.995274543762207
d_1032071.exr,right,0.9955928921699524
d_1032072.exr,wrong,0.9956117868423462
d_1032073.exr,right,0.9955353736877441
d_1032076.exr,right,0.9955577254295349
d_1032077.exr,right,0.9955238103866577
d_1032078.exr,right,0.9845485687255859
d_1032079.exr,right,0.9956230521202087
d_1032080.exr,right,0.9955020546913147
d_1032081.exr,wrong,0.9929788708686829
d_1032082.exr,right,0.9956274032592773
d_1032083.exr,right,0.9955641031265259
d_1032084.exr,right,0.9956068396568298
d_1032086.exr,right,0.9956207871437073
d_1032087.exr,right,0.9955920577049255
d_1032090.exr,right,0.9956046342849731
d_1032091.exr,right,0.9955896139144897
d_1032092.exr,right,0.9924798011779785
d_1032094.exr,right,0.9955829977989197
d_1032096.exr,right,0.9956102967262268
d_1032097.exr,right,0.9956179857254028
d_1032098.exr,right,0.9954440593719482
d_1032100.exr,right,0.9956144094467163
d_1032102.exr,right,0.9955998659133911
d_1032103.exr,right,0.9954888224601746
d_1032105.exr,right,0.9955819249153137
d_1032106.exr,right,0.9956070780754089
d_1032109.exr,right,0.995573878288269
d_1032110.exr,right,0.9952489733695984
d_1032112.exr,right,0.9955729246139526
d_1032115.exr,right,0.9956163167953491
d_1032118.exr,right,0.9955920577049255
d_1032119.exr,wrong,0.9913824200630188
d_1032122.exr,right,0.9761604070663452
d_1032124.exr,right,0.9955857992172241
d_1032125.exr,wrong,0.9955763816833496
d_1032126.exr,right,0.9955458641052246
d_1032127.exr,right,0.9925132393836975
d_1032129.exr,wrong,0.9430897831916809
d_1032130.exr,right,0.9956054091453552
d_1032132.exr,right,0.9955328702926636
d_1032133.exr,right,0.99561607837677
d_1032134.exr,right,0.9939188957214355
d_1032135.exr,right,0.9955456256866455
d_1032137.exr,right,0.9893381595611572
d_1032138.exr,right,0.9955645799636841
d_1032139.exr,right,0.9956291913986206
d_1032140.exr,wrong,0.9857100248336792
d_1032141.exr,right,0.9955534338951111
d_1032142.exr,right,0.9956074357032776
d_1032143.exr,right,0.9652777314186096
d_1032144.exr,right,0.9955877065658569
d_1032145.exr,right,0.9955881834030151
d_1032146.exr,right,0.8557264804840088
d_1032149.exr,right,0.9954729676246643
d_1032151.exr,right,0.9956151247024536
d_1032152.exr,right,0.9954042434692383
d_1032155.exr,right,0.9955627918243408
d_1032156.exr,right,0.9955528378486633
d_1032157.exr,right,0.9916833639144897
d_1032158.exr,right,0.9949542880058289
d_1032159.exr,right,0.9955982565879822
d_1032160.exr,right,0.9955877065658569
d_1032161.exr,right,0.9956054091453552
d_1032162.exr,right,0.9955896139144897
d_1032163.exr,right,0.9956250786781311
d_1032164.exr,right,0.9956285953521729
d_1032165.exr,right,0.9955829977989197
d_1032166.exr,right,0.9954902529716492
d_1032167.exr,right,0.9955583810806274
d_1032168.exr,right,0.9955824017524719
d_1032169.exr,right,0.9956120252609253
d_1032171.exr,right,0.9955995082855225
d_1032174.exr,right,0.995600700378418
d_1032176.exr,right,0.9954478144645691
d_1032177.exr,right,0.9956080317497253
d_1032178.exr,right,0.995622456073761
d_1032180.exr,right,0.9956198334693909
d_1032182.exr,right,0.9953509569168091
d_1032185.exr,right,0.9956016540527344
d_1032190.exr,right,0.995612382888794
d_1032192.exr,right,0.9956329464912415
d_1032196.exr,right,0.9956269264221191
d_1032201.exr,right,0.995623767375946
d_1032204.exr,right,0.9317017197608948
d_1032205.exr,right,0.9955716133117676
d_1032206.exr,right,0.995622456073761
d_1032207.exr,right,0.9956243634223938
d_1032208.exr,right,0.9955750703811646
d_1032209.exr,right,0.995614767074585
d_1032210.exr,right,0.9955418705940247
d_1032211.exr,right,0.995578944683075
d_1032212.exr,right,0.9956307411193848
d_1032213.exr,right,0.9955377578735352
d_1032214.exr,right,0.9889182448387146
d_1032215.exr,right,0.9956234097480774
d_1032218.exr,right,0.9956157207489014
d_1032219.exr,right,0.971626341342926
d_1032221.exr,right,0.9956358075141907
d_1032222.exr,right,0.9956022500991821
d_1032223.exr,right,0.9955747127532959
d_1032224.exr,right,0.9956342577934265
d_1032226.exr,wrong,0.9951207041740417
d_1032227.exr,right,0.9956347346305847
d_1032228.exr,right,0.9956188797950745
d_1032229.exr,wrong,0.995419979095459
d_1032231.exr,right,0.9956108927726746
d_1032233.exr,right,0.9956036806106567
d_1032234.exr,right,0.9954307079315186
d_1032236.exr,right,0.9955335855484009
d_1032237.exr,right,0.9956100583076477
d_1032239.exr,right,0.9956122636795044
d_1032242.exr,right,0.9956066012382507
d_1032243.exr,right,0.9956139326095581
d_1032244.exr,wrong,0.9846018552780151
d_1032245.exr,right,0.9956151247024536
d_1032246.exr,right,0.9956024885177612
d_1032247.exr,wrong,0.9851658940315247
d_1032248.exr,right,0.9956150054931641
d_1032252.exr,right,0.9955975413322449
d_1032253.exr,right,0.9955931305885315
d_1032255.exr,right,0.9956272840499878
d_1032257.exr,right,0.9954979419708252
d_1032258.exr,right,0.9955908060073853
d_1032259.exr,right,0.9955806136131287
d_1032260.exr,right,0.9955920577049255
d_1032261.exr,right,0.9955887794494629
d_1032263.exr,right,0.9956368803977966
d_1032266.exr,right,0.9956259727478027
d_1032268.exr,right,0.9955784678459167
d_1032269.exr,right,0.9956325888633728
d_1032272.exr,right,0.9956231713294983
d_1032275.exr,right,0.9956228137016296
d_1032276.exr,right,0.9956021308898926
d_1032277.exr,wrong,0.986577033996582
d_1032278.exr,right,0.9956244826316833
d_1032282.exr,right,0.9956050515174866
d_1032283.exr,wrong,0.9930383563041687
d_1032284.exr,right,0.9956315755844116
d_1032285.exr,right,0.9953858256340027
d_1032286.exr,right,0.5909925699234009
d_1032287.exr,right,0.9953435063362122
d_1032288.exr,right,0.9955283999443054
d_1032289.exr,wrong,0.9952750205993652
d_1032290.exr,right,0.9956113696098328
d_1032292.exr,right,0.9947344064712524
d_1032293.exr,right,0.9955942034721375
d_1032295.exr,wrong,0.9947599768638611
d_1032296.exr,right,0.9955443739891052
d_1032298.exr,right,0.9956116080284119
d_1032299.exr,right,0.9955572485923767
d_1032300.exr,right,0.993065357208252
d_1032301.exr,right,0.995149552822113
d_1032303.exr,wrong,0.9917993545532227
d_1032306.exr,right,0.9954462647438049
d_1032307.exr,wrong,0.9905233979225159
d_1032308.exr,right,0.995609700679779
d_1032310.exr,right,0.9955437779426575
d_1032312.exr,right,0.9955639839172363
d_1032313.exr,right,0.9955963492393494
d_1032314.exr,right,0.9953415393829346
d_1032315.exr,right,0.995474636554718
d_1032317.exr,right,0.9955647587776184
d_1032320.exr,right,0.9956016540527344
d_1032321.exr,right,0.9948688745498657
d_1032323.exr,right,0.9956056475639343
d_1032324.exr,right,0.9956302642822266
d_1032326.exr,right,0.9956242442131042
d_1032327.exr,right,0.9956207871437073
d_1032328.exr,right,0.9955962300300598
d_1032329.exr,right,0.9955828785896301
d_1032330.exr,right,0.9956313371658325
d_1032331.exr,right,0.9955877065658569
d_1032332.exr,right,0.995599627494812
d_1032333.exr,right,0.9956325888633728
d_1032334.exr,right,0.9955638647079468
d_1032335.exr,right,0.9955841898918152
d_1032336.exr,right,0.9956281185150146
d_1032339.exr,right,0.9956302642822266
d_1032341.exr,right,0.9955339431762695
d_1032342.exr,right,0.9956223368644714
d_1032344.exr,right,0.9955828785896301
d_1032345.exr,right,0.9956295490264893
d_1032346.exr,right,0.9956340193748474
d_1032347.exr,wrong,0.9946584105491638
d_1032348.exr,right,0.995624840259552
d_1032350.exr,right,0.9955757856369019
d_1032351.exr,right,0.9911090135574341
d_1032353.exr,right,0.9951373934745789
d_1032354.exr,right,0.9956307411193848
d_1032355.exr,right,0.9954584836959839
d_1032357.exr,right,0.9609408378601074
d_1032360.exr,right,0.9956207871437073
d_1032363.exr,right,0.9953527450561523
d_1032367.exr,right,0.9956212639808655
d_1032370.exr,right,0.9955974221229553
d_1032374.exr,right,0.9953429698944092
d_1032376.exr,right,0.9955783486366272
d_1032377.exr,right,0.9954888224601746
d_1032379.exr,right,0.9955924153327942
d_1032381.exr,right,0.9956228137016296
d_1032383.exr,right,0.9955997467041016
d_1032384.exr,right,0.9955946803092957
d_1032385.exr,right,0.9956034421920776
d_1032387.exr,right,0.99539715051651
d_1032388.exr,right,0.9956249594688416
d_1032389.exr,right,0.9955387711524963
d_1032390.exr,right,0.9956252574920654
d_1032391.exr,right,0.9955891370773315
d_1032393.exr,right,0.9956177473068237
d_1032395.exr,right,0.9956099390983582
d_1032396.exr,right,0.9956246018409729
d_1032397.exr,right,0.9955137372016907
d_1032398.exr,right,0.987968921661377
d_1032399.exr,right,0.9956039190292358
d_1032400.exr,right,0.9955307841300964
d_1032402.exr,right,0.9948070645332336
d_1032403.exr,right,0.991938054561615
d_1032404.exr,right,0.9956300258636475
d_1032405.exr,right,0.9956185221672058
d_1032406.exr,right,0.9956305027008057
d_1032407.exr,right,0.9955700039863586
d_1032408.exr,right,0.9956250786781311
d_1032409.exr,right,0.9956039190292358
d_1032410.exr,right,0.9956271648406982
d_1032413.exr,right,0.9956182241439819
d_1032414.exr,right,0.9952320456504822
d_1032416.exr,right,0.9955944418907166
d_1032417.exr,right,0.9954018592834473
d_1032419.exr,right,0.9956309795379639
d_1032420.exr,right,0.9937167763710022
d_1032422.exr,right,0.995624840259552
d_1032423.exr,right,0.9955121874809265
d_1032425.exr,right,0.9956051707267761
d_1032426.exr,right,0.99561607837677
d_1032428.exr,right,0.9956350922584534
d_1032429.exr,right,0.9956067204475403
d_1032430.exr,wrong,0.9954833984375
d_1032433.exr,wrong,0.9941197633743286
d_1032434.exr,right,0.9956296682357788
d_1032435.exr,right,0.9955894947052002
d_1032436.exr,right,0.9917033910751343
d_1032437.exr,right,0.9956015348434448
d_1032438.exr,right,0.9955600500106812
d_1032441.exr,right,0.9954110980033875
d_1032442.exr,wrong,0.9955525994300842
d_1032444.exr,right,0.9954133629798889
d_1032445.exr,right,0.9738554954528809
d_1032448.exr,wrong,0.9950908422470093
d_1032450.exr,wrong,0.9954783320426941
d_1032451.exr,right,0.9954406023025513
d_1032453.exr,right,0.9956003427505493
d_1032454.exr,right,0.9955399632453918
d_1032455.exr,wrong,0.9822542071342468
d_1032456.exr,right,0.9952765703201294
d_1032457.exr,right,0.9954023361206055
d_1032461.exr,right,0.9955812096595764
d_1032462.exr,right,0.9951156377792358
d_1032463.exr,wrong,0.9952046871185303
d_1032464.exr,right,0.9955767393112183
d_1032465.exr,right,0.9954928159713745
d_1032466.exr,wrong,0.9956356883049011
d_1032468.exr,right,0.995549201965332
d_1032469.exr,right,0.9953568577766418
d_1032470.exr,right,0.995624840259552
d_1032472.exr,right,0.9905803799629211
d_1032473.exr,right,0.9956095814704895
d_1032475.exr,right,0.9955930113792419
d_1032476.exr,right,0.9956102967262268
d_1032477.exr,right,0.9956023693084717
d_1032478.exr,right,0.9954627156257629
d_1032479.exr,right,0.9956211447715759
d_1032481.exr,right,0.9956045150756836
d_1032482.exr,right,0.9956088662147522
d_1032485.exr,right,0.9956082701683044
d_1032488.exr,right,0.9954935312271118
d_1032490.exr,right,0.9952684044837952
d_1032491.exr,right,0.9956017732620239
d_1032494.exr,right,0.9956071972846985
d_1032497.exr,right,0.9956088662147522
d_1032499.exr,right,0.995606005191803
d_1032500.exr,right,0.9956051707267761
d_1032502.exr,wrong,0.994597315788269
d_1032503.exr,right,0.9955939650535583
d_1032505.exr,wrong,0.995059609413147
d_1032507.exr,right,0.9956114888191223
d_1032508.exr,wrong,0.9659261703491211
d_1032509.exr,wrong,0.9957220554351807
d_1032511.exr,right,0.7103002071380615
d_1032512.exr,wrong,0.9957249164581299
d_1032513.exr,right,0.9956061244010925
d_1032514.exr,right,0.9924740195274353
d_1032515.exr,wrong,0.9957113265991211
d_1032516.exr,right,0.9956135749816895
d_1032517.exr,wrong,0.9701250195503235
d_1032518.exr,right,0.9954723119735718
d_1032519.exr,right,0.9956009387969971
d_1032520.exr,wrong,0.9941938519477844
d_1032521.exr,right,0.9956076741218567
d_1032522.exr,right,0.9956260919570923
d_1032528.exr,right,0.9956080317497253
d_1032529.exr,right,0.9955623149871826
d_1032530.exr,right,0.9955482482910156
d_1032531.exr,right,0.995625376701355
d_1032536.exr,right,0.9956146478652954
d_1032538.exr,right,0.9956234097480774
d_1032540.exr,right,0.9954224228858948
d_1032541.exr,right,0.9954447746276855
d_1032545.exr,right,0.9956262111663818
d_1032547.exr,right,0.9955673813819885
d_1032548.exr,right,0.9955739974975586
d_1032549.exr,right,0.9955853223800659
d_1032551.exr,right,0.9956201910972595
d_1032552.exr,right,0.9956070780754089
d_1032553.exr,right,0.9956148862838745
d_1032559.exr,right,0.9954320192337036
d_1032561.exr,right,0.9955925345420837
d_1032563.exr,right,0.9955384135246277
d_1032564.exr,right,0.9946544170379639
d_1032567.exr,right,0.9956283569335938
d_1032568.exr,right,0.9955956339836121
d_1032570.exr,right,0.9956003427505493
d_1032573.exr,right,0.9956343770027161
d_1032576.exr,right,0.9955592155456543
d_1032577.exr,right,0.9956271648406982
d_1032578.exr,wrong,0.9938259124755859
d_1032579.exr,right,0.9956297874450684
d_1032580.exr,right,0.9956218600273132
d_1032581.exr,right,0.9952362179756165
d_1032582.exr,right,0.9955946803092957
d_1032583.exr,right,0.9956209063529968
d_1032584.exr,right,0.9934749007225037
d_1032585.exr,right,0.9956040382385254
d_1032586.exr,right,0.9954890608787537
d_1032587.exr,right,0.9956329464912415
d_1032588.exr,right,0.9955971837043762
d_1032589.exr,wrong,0.994948148727417
d_1032590.exr,right,0.9956193566322327
d_1032591.exr,right,0.9955297112464905
d_1032592.exr,wrong,0.9954343438148499
d_1032594.exr,right,0.995576024055481
d_1032596.exr,right,0.9956172704696655
d_1032597.exr,right,0.9956105351448059
d_1032598.exr,right,0.9874401092529297
d_1032599.exr,right,0.9955300688743591
d_1032600.exr,right,0.995598554611206
d_1032601.exr,right,0.9940180778503418
d_1032602.exr,right,0.995627760887146
d_1032605.exr,right,0.9954968690872192
d_1032606.exr,right,0.9956262111663818
d_1032607.exr,right,0.9955783486366272
d_1032610.exr,right,0.9951530694961548
d_1032611.exr,right,0.9953014850616455
d_1032612.exr,right,0.9956203103065491
d_1032613.exr,right,0.9955340623855591
d_1032614.exr,wrong,0.9950653910636902
d_1032615.exr,right,0.9956027269363403
d_1032617.exr,right,0.9322075843811035
d_1032619.exr,right,0.9885857701301575
d_1032620.exr,right,0.9956121444702148
d_1032621.exr,right,0.995623767375946
d_1032622.exr,wrong,0.9941145777702332
d_1032623.exr,right,0.9956068396568298
d_1032624.exr,right,0.9956249594688416
d_1032625.exr,right,0.9953964352607727
d_1032626.exr,right,0.9954801797866821
d_1032627.exr,right,0.9955742359161377
d_1032628.exr,right,0.9954470992088318
d_1032629.exr,right,0.9955321550369263
d_1032630.exr,right,0.995625376701355
d_1032631.exr,wrong,0.9869157075881958
d_1032633.exr,right,0.9956164360046387
d_1032634.exr,right,0.995537519454956
d_1032635.exr,right,0.9955328702926636
d_1032636.exr,right,0.9955729246139526
d_1032637.exr,right,0.9644461274147034
d_1032640.exr,right,0.9955945611000061
d_1032641.exr,right,0.9954967498779297
d_1032642.exr,right,0.9955586194992065
d_1032643.exr,right,0.9955320358276367
d_1032644.exr,right,0.9954772591590881
d_1032645.exr,right,0.9955750703811646
d_1032648.exr,right,0.9956182241439819
d_1032649.exr,right,0.9945105314254761
d_1032652.exr,wrong,0.9929258823394775
d_1032653.exr,right,0.9954948425292969
d_1032654.exr,wrong,0.9474207162857056
d_1032656.exr,right,0.9954898953437805
d_1032658.exr,right,0.9371289014816284
d_1032662.exr,right,0.9953680038452148
d_1032665.exr,right,0.9955915808677673
d_1032666.exr,wrong,0.9952172040939331
d_1032667.exr,wrong,0.9954949617385864
d_1032669.exr,wrong,0.9944266080856323
d_1032670.exr,right,0.9945719838142395
d_1032671.exr,right,0.9956258535385132
d_1032672.exr,wrong,0.9950417876243591
d_1032673.exr,right,0.9955594539642334
d_1032676.exr,right,0.9955998659133911
d_1032678.exr,right,0.9955103397369385
d_1032680.exr,right,0.9953820109367371
d_1032681.exr,wrong,0.9953936338424683
d_1032682.exr,right,0.9955766201019287
d_1032688.exr,right,0.9955669045448303
d_1032689.exr,right,0.9949193596839905
d_1032690.exr,right,0.9945868253707886
d_1032691.exr,right,0.9944725632667542
d_1032693.exr,right,0.9955958724021912
d_1032694.exr,right,0.9956139326095581
d_1032696.exr,right,0.9955915212631226
d_1032698.exr,wrong,0.9688360691070557
d_1032699.exr,right,0.899516761302948
d_1032700.exr,wrong,0.9951745867729187
d_1032701.exr,right,0.9937169551849365
d_1032702.exr,wrong,0.9948518872261047
d_1032703.exr,right,0.995570957660675
d_1032704.exr,right,0.9767444133758545
d_1032705.exr,right,0.9310564398765564
d_1032706.exr,right,0.9956178665161133
d_1032707.exr,right,0.9955524802207947
d_1032708.exr,right,0.9956169128417969
d_1032710.exr,right,0.9956287145614624
d_1032711.exr,right,0.9881502389907837
d_1032712.exr,right,0.9955663084983826
d_1032713.exr,right,0.9955911636352539
d_1032714.exr,right,0.9956117868423462
d_1032716.exr,right,0.9955990314483643
d_1032717.exr,right,0.9955627918243408
d_1032718.exr,right,0.99558025598526
d_1032720.exr,right,0.9956287145614624
d_1032721.exr,right,0.9955379962921143
d_1032722.exr,right,0.9954828023910522
d_1032723.exr,right,0.9955730438232422
d_1032724.exr,right,0.9955399632453918
d_1032725.exr,right,0.9955626726150513
d_1032730.exr,right,0.9955865144729614
d_1032731.exr,right,0.9956086277961731
d_1032732.exr,right,0.9955574870109558
d_1032733.exr,right,0.9947355389595032
d_1032734.exr,right,0.9956153631210327
d_1032735.exr,right,0.9956287145614624
d_1032737.exr,right,0.9956279993057251
d_1032739.exr,right,0.9956088662147522
d_1032740.exr,right,0.9955857992172241
d_1032741.exr,right,0.9955820441246033
d_1032742.exr,right,0.9955167174339294
d_1032744.exr,right,0.9955427050590515
d_1032747.exr,right,0.9955294728279114
d_1032748.exr,right,0.9949308037757874
d_1032749.exr,right,0.9955682158470154
d_1032753.exr,right,0.9955561757087708
d_1032754.exr,wrong,0.9818288087844849
d_1032756.exr,right,0.9955553412437439
d_1032757.exr,right,0.9949713945388794
d_1032759.exr,right,0.9955947995185852
d_1032760.exr,right,0.9947584271430969
d_1032761.exr,right,0.9955089092254639
d_1032762.exr,right,0.9956069588661194
d_1032764.exr,right,0.9956186413764954
d_1032765.exr,right,0.9955374002456665
d_1032766.exr,right,0.9920578598976135
d_1032767.exr,right,0.9955921769142151
d_1032769.exr,wrong,0.9938217401504517
d_1032771.exr,right,0.9955927729606628
d_1032772.exr,right,0.9956242442131042
d_1032773.exr,right,0.995608389377594
d_1032775.exr,right,0.9955292344093323
d_1032777.exr,right,0.9955765008926392
d_1032778.exr,right,0.9956067204475403
d_1032779.exr,right,0.9955976605415344
d_1032780.exr,right,0.9955828785896301
d_1032781.exr,wrong,0.9948102235794067
d_1032782.exr,right,0.9955775737762451
d_1032785.exr,right,0.9956148862838745
d_1032786.exr,right,0.9955000281333923
d_1032788.exr,right,0.9955880641937256
d_1032789.exr,right,0.9956148862838745
d_1032790.exr,right,0.9946781396865845
d_1032791.exr,right,0.9955646991729736
d_1032794.exr,right,0.9956005811691284
d_1032796.exr,wrong,0.5628079771995544
d_1032797.exr,right,0.9955930113792419
d_1032798.exr,right,0.9955753087997437
d_1032801.exr,right,0.994513750076294
d_1032802.exr,right,0.995416522026062
d_1032804.exr,right,0.9956223368644714
d_1032807.exr,right,0.995556652545929
d_1032808.exr,right,0.9956001043319702
d_1032809.exr,right,0.9956350922584534
d_1032810.exr,right,0.9950056672096252
d_1032811.exr,right,0.9955427050590515
d_1032812.exr,right,0.9955990314483643
d_1032813.exr,right,0.9956321120262146
d_1032816.exr,right,0.9955938458442688
d_1032817.exr,right,0.9956167936325073
d_1032818.exr,right,0.9906185269355774
d_1032820.exr,right,0.9955768585205078
d_1032821.exr,right,0.9956259727478027
d_1032822.exr,right,0.9955582618713379
d_1032823.exr,right,0.995610773563385
d_1032824.exr,right,0.9955697655677795
d_1032825.exr,right,0.9955421090126038
d_1032826.exr,right,0.9950326681137085
d_1032829.exr,right,0.9956182241439819
d_1032830.exr,right,0.9956235289573669
d_1032831.exr,right,0.9956167936325073
d_1032833.exr,right,0.9956003427505493
d_1032834.exr,right,0.9955664277076721
d_1032836.exr,right,0.9955376386642456
d_1032837.exr,right,0.9955781102180481
d_1032838.exr,right,0.9956037998199463
d_1032840.exr,right,0.9955406785011292
d_1032843.exr,right,0.9956205487251282
d_1032845.exr,wrong,0.9953863024711609
d_1032846.exr,right,0.9956206679344177
d_1032847.exr,wrong,0.9102075099945068
d_1032849.exr,wrong,0.9954500794410706
d_1032851.exr,wrong,0.9900743365287781
d_1032854.exr,right,0.9956274032592773
d_1032855.exr,wrong,0.9861249327659607
d_1032859.exr,right,0.995563268661499
d_1032860.exr,right,0.9956219792366028
d_1032862.exr,right,0.9955899715423584
d_1032863.exr,right,0.9956110119819641
d_1032865.exr,right,0.9956082701683044
d_1032867.exr,right,0.9955678582191467
d_1032869.exr,right,0.9955747127532959
d_1032870.exr,wrong,0.9951021671295166
d_1032871.exr,right,0.9955586194992065
d_1032873.exr,right,0.9956198334693909
d_1032875.exr,right,0.9955878257751465
d_1032877.exr,right,0.995586633682251
d_1032878.exr,wrong,0.9956411123275757
d_1032879.exr,right,0.9956101775169373
d_1032880.exr,wrong,0.9746975898742676
d_1032882.exr,wrong,0.9953859448432922
d_1032883.exr,wrong,0.9956758618354797
d_1032884.exr,wrong,0.9928519129753113
d_1032885.exr,wrong,0.9957169890403748
d_1032886.exr,right,0.9955125451087952
d_1032887.exr,wrong,0.9956971406936646
d_1032888.exr,right,0.9955677390098572
d_1032889.exr,right,0.9955730438232422
d_1032892.exr,wrong,0.9945855736732483
d_1032893.exr,right,0.9956015348434448
d_1032895.exr,right,0.9956275224685669
d_1032897.exr,right,0.995617151260376
d_1032899.exr,right,0.9955710768699646
d_1032902.exr,right,0.9954688549041748
d_1032904.exr,right,0.9956177473068237
d_1032905.exr,right,0.9956243634223938
d_1032906.exr,right,0.9941461086273193
d_1032911.exr,right,0.9956229329109192
d_1032912.exr,right,0.9955151677131653
d_1032913.exr,right,0.9946821331977844
d_1032915.exr,right,0.9955042004585266
d_1032916.exr,right,0.9955588579177856
d_1032918.exr,right,0.9954971075057983
d_1032919.exr,right,0.9955021739006042
d_1032920.exr,right,0.9955768585205078
d_1032921.exr,right,0.9955301880836487
d_1032925.exr,wrong,0.9933857321739197
d_1032926.exr,right,0.993886411190033
d_1032927.exr,wrong,0.9935644268989563
d_1032928.exr,right,0.995598316192627
d_1032930.exr,right,0.9956129789352417
d_1032936.exr,right,0.995593249797821
d_1032938.exr,right,0.9955026507377625
d_1032940.exr,right,0.9955974221229553
d_1032941.exr,right,0.9956294298171997
d_1032942.exr,right,0.995606005191803
d_1032943.exr,right,0.9955859184265137
d_1032947.exr,right,0.9955441355705261
d_1032948.exr,right,0.9956258535385132
d_1032949.exr,right,0.995564877986908
d_1032951.exr,right,0.9955680966377258
d_1032952.exr,right,0.9956095814704895
d_1032953.exr,right,0.9956047534942627
d_1032954.exr,right,0.9954183101654053
d_1032955.exr,right,0.9956054091453552
d_1032956.exr,right,0.9956119060516357
d_1032957.exr,right,0.995429277420044
d_1032958.exr,right,0.995621383190155
d_1032959.exr,right,0.995404839515686
d_1032960.exr,right,0.9946919083595276
d_1032961.exr,right,0.9955114126205444
d_1032962.exr,right,0.995571494102478
d_1032963.exr,right,0.9956193566322327
d_1032964.exr,right,0.995593249797821
d_1032965.exr,right,0.9956178665161133
d_1032966.exr,right,0.9883020520210266
d_1032968.exr,right,0.995621383190155
d_1032970.exr,right,0.9954946041107178
d_1032972.exr,right,0.9955902099609375
d_1032974.exr,right,0.995553195476532
d_1032975.exr,right,0.9955310225486755
d_1032976.exr,right,0.9955971837043762
d_1032980.exr,right,0.9955815672874451
d_1032981.exr,wrong,0.9956668615341187
d_1032984.exr,right,0.9956229329109192
d_1032985.exr,right,0.9955490827560425
d_1032987.exr,right,0.9954923391342163
d_1032990.exr,right,0.9956265687942505
d_1032992.exr,right,0.9956106543540955
d_1032994.exr,right,0.9950055480003357
d_1032996.exr,right,0.9955894947052002
d_1032998.exr,right,0.995594322681427
d_1032999.exr,right,0.9955958724021912
d_1033000.exr,right,0.995618999004364
d_1033001.exr,right,0.716838002204895
d_1033002.exr,right,0.9956095814704895
d_1033003.exr,right,0.9955636262893677
d_1033005.exr,right,0.9955818057060242
d_1033007.exr,right,0.9955886602401733
d_1033008.exr,right,0.9956104159355164
d_1033010.exr,right,0.9956054091453552
d_1033012.exr,right,0.9956022500991821
d_1033014.exr,right,0.9956075549125671
d_1033016.exr,right,0.995413601398468
d_1033017.exr,right,0.9956216216087341
d_1033018.exr,right,0.995627760887146
d_1033019.exr,right,0.9955926537513733
d_1033021.exr,right,0.9956198334693909
d_1033022.exr,right,0.9956364035606384
d_1033030.exr,right,0.9949589967727661
d_1033032.exr,right,0.9951314926147461
d_1033033.exr,right,0.995621383190155
d_1033035.exr,right,0.995564877986908
d_1033036.exr,right,0.9953816533088684
d_1033038.exr,right,0.9956164360046387
d_1033039.exr,right,0.9950410723686218
d_1033041.exr,right,0.9954944849014282
d_1033043.exr,right,0.9955763816833496
d_1033044.exr,right,0.9956220984458923
d_1033046.exr,right,0.9955860376358032
d_1033047.exr,right,0.9956269264221191
d_1033048.exr,right,0.9956185221672058
d_1033049.exr,right,0.9955989122390747
d_1033050.exr,right,0.9955613613128662
d_1033051.exr,right,0.9955731630325317
d_1033052.exr,right,0.9955850839614868
d_1033053.exr,right,0.9955394864082336
d_1033054.exr,right,0.9955873489379883
d_1033059.exr,right,0.9956195950508118
d_1033061.exr,right,0.9955337047576904
d_1033062.exr,right,0.9952731728553772
d_1033064.exr,right,0.9956327080726624
d_1033068.exr,right,0.99558025598526
d_1033069.exr,right,0.9955961108207703
d_1033072.exr,right,0.9946066737174988
d_1033074.exr,right,0.9955462217330933
d_1033077.exr,right,0.9004693031311035
d_1033079.exr,right,0.9955697655677795
d_1033080.exr,right,0.9955989122390747
d_1033081.exr,right,0.9956093430519104
d_1033082.exr,right,0.9955735206604004
d_1033083.exr,right,0.9956306219100952
d_1033084.exr,right,0.9955281615257263
d_1033085.exr,right,0.9955272078514099
d_1033088.exr,right,0.9950384497642517
d_1033089.exr,right,0.9955993890762329
d_1033090.exr,right,0.9955845475196838
d_1033091.exr,right,0.9955934882164001
d_1033092.exr,right,0.9955682158470154
d_1033093.exr,right,0.9955617189407349
d_1033094.exr,right,0.9955287575721741
d_1033095.exr,right,0.9956321120262146
d_1033096.exr,right,0.995625376701355
d_1033098.exr,right,0.9955861568450928
d_1033099.exr,right,0.9950802326202393
d_1033100.exr,right,0.9956152439117432
d_1033101.exr,right,0.9956331849098206
d_1033103.exr,right,0.9953416585922241
d_1033104.exr,right,0.9956336617469788
d_1033105.exr,right,0.9955256581306458
d_1033106.exr,right,0.9954785704612732
d_1033107.exr,right,0.995414137840271
d_1033109.exr,right,0.9954857230186462
d_1033110.exr,right,0.9955807328224182
d_1033111.exr,right,0.9955593347549438
d_1033113.exr,right,0.9955126643180847
d_1033116.exr,right,0.995618462562561
d_1033117.exr,right,0.9924798011779785
d_1033118.exr,right,0.9956234097480774
d_1033120.exr,right,0.9955769777297974
d_1033121.exr,right,0.9955549836158752
d_1033122.exr,right,0.9954721927642822
d_1033123.exr,right,0.9956133365631104
d_1033124.exr,right,0.995621383190155
d_1033125.exr,right,0.9956163167953491
d_1033126.exr,right,0.9956161975860596
d_1033127.exr,right,0.9934118390083313
d_1033128.exr,wrong,0.9932668209075928
d_1033129.exr,right,0.995597779750824
d_1033130.exr,right,0.9955818057060242
d_1033131.exr,right,0.995583713054657
d_1033132.exr,right,0.9956309795379639
d_1033133.exr,right,0.9949083924293518
d_1033134.exr,right,0.9954718351364136
d_1033135.exr,right,0.9956187605857849
d_1033136.exr,right,0.9930209517478943
d_1033137.exr,wrong,0.9934375882148743
d_1033138.exr,right,0.9939237236976624
d_1033140.exr,wrong,0.9952784776687622
d_1033142.exr,right,0.9955279231071472
d_1033143.exr,right,0.9954481720924377
d_1033145.exr,right,0.9953739047050476
d_1033146.exr,wrong,0.9937312006950378
d_1033152.exr,wrong,0.9954196214675903
d_1033153.exr,wrong,0.9954681396484375
d_1033154.exr,wrong,0.9950213432312012
d_1033155.exr,wrong,0.9955694079399109
d_1033157.exr,wrong,0.9955844283103943
d_1033158.exr,wrong,0.9952279329299927
d_1033161.exr,wrong,0.9876717329025269
d_1033162.exr,right,0.995590329170227
d_1033164.exr,right,0.9955803751945496
d_1033165.exr,right,0.9955089092254639
d_1033166.exr,right,0.9955559372901917
d_1033168.exr,right,0.9954919815063477
d_1033169.exr,right,0.9955541491508484
d_1033171.exr,right,0.9954948425292969
d_1033172.exr,right,0.9955874681472778
d_1033175.exr,right,0.9955747127532959
d_1033176.exr,right,0.9955343008041382
d_1033178.exr,right,0.9954496026039124
d_1033179.exr,right,0.9953723549842834
d_1033180.exr,right,0.995552122592926
d_1033181.exr,right,0.9946289658546448
d_1033182.exr,right,0.995589017868042
d_1033183.exr,right,0.9954959154129028
d_1033184.exr,right,0.9955043196678162
d_1033185.exr,right,0.9955370426177979
d_1033188.exr,right,0.9955364465713501
d_1033189.exr,right,0.9956117868423462
d_1033190.exr,right,0.9952848553657532
d_1033192.exr,right,0.9955981373786926
d_1033195.exr,right,0.9955832362174988
d_1033197.exr,right,0.9955130219459534
d_1033204.exr,right,0.9955140948295593
d_1033206.exr,right,0.9954955577850342
d_1033207.exr,wrong,0.9955202341079712
d_1033208.exr,right,0.9952202439308167
d_1033209.exr,right,0.9953820109367371
d_1033210.exr,right,0.995585560798645
d_1033211.exr,right,0.9945211410522461
d_1033212.exr,wrong,0.9914729595184326
d_1033213.exr,right,0.9955580830574036
d_1033214.exr,right,0.9690477252006531
d_1033215.exr,right,0.9955756664276123
d_1033216.exr,right,0.9948233366012573
d_1033218.exr,right,0.9955663084983826
d_1033219.exr,right,0.9956055283546448
d_1033220.exr,right,0.9955716133117676
d_1033221.exr,right,0.9955688118934631
d_1033222.exr,right,0.9952805638313293
d_1033223.exr,right,0.9955982565879822
d_1033224.exr,right,0.9955871105194092
d_1033225.exr,right,0.9955732822418213
d_1033226.exr,right,0.9934660792350769
d_1033227.exr,right,0.9955695271492004
d_1033228.exr,right,0.9955520033836365
d_1033229.exr,right,0.9956153631210327
d_1033234.exr,right,0.9956225752830505
d_1033236.exr,right,0.9955885410308838
d_1033237.exr,right,0.995596706867218
d_1033238.exr,right,0.9956276416778564
d_1033239.exr,right,0.9956282377243042
d_1033241.exr,right,0.9956386685371399
d_1033242.exr,right,0.9956327080726624
d_1033243.exr,right,0.995629072189331
d_1033244.exr,right,0.995590329170227
d_1033245.exr,right,0.9955848455429077
d_1033247.exr,right,0.9956222176551819
d_1033248.exr,right,0.9955762624740601
d_1033249.exr,right,0.99530029296875
d_1033250.exr,right,0.995602011680603
d_1033251.exr,right,0.9956270456314087
d_1033252.exr,right,0.9955997467041016
d_1033254.exr,right,0.9923282265663147
d_1033255.exr,right,0.9956057667732239
d_1033256.exr,right,0.9956058859825134
d_1033258.exr,right,0.9956340193748474
d_1033259.exr,right,0.9956335425376892
d_1033260.exr,right,0.9956252574920654
d_1033261.exr,right,0.9955511093139648
d_1033264.exr,right,0.9956264495849609
d_1033265.exr,right,0.9955963492393494
d_1033268.exr,right,0.9953956007957458
d_1033269.exr,right,0.9956238865852356
d_1033270.exr,right,0.995612382888794
d_1033271.exr,right,0.9956219792366028
d_1033272.exr,wrong,0.990301787853241
d_1033273.exr,right,0.9927207231521606
d_1033274.exr,right,0.9789636135101318
d_1033275.exr,right,0.9767048358917236
d_1033277.exr,right,0.9938389658927917
d_1033278.exr,right,0.995266318321228
d_1033279.exr,wrong,0.9945822358131409
d_1033282.exr,right,0.9954735636711121
d_1033284.exr,right,0.9955625534057617
d_1033285.exr,right,0.9955986738204956
d_1033289.exr,right,0.99562668800354
d_1033294.exr,right,0.9956064820289612
d_1033295.exr,right,0.9956117868423462
d_1033300.exr,right,0.9954469799995422
d_1033301.exr,right,0.9955945611000061
d_1033303.exr,right,0.9955989122390747
d_1033304.exr,right,0.9955998659133911
d_1033305.exr,wrong,0.9951913356781006
d_1033306.exr,right,0.5926648378372192
d_1033307.exr,wrong,0.9955880641937256
d_1033309.exr,right,0.9954966306686401
d_1033310.exr,right,0.9954401254653931
d_1033314.exr,right,0.9955731630325317
d_1033315.exr,right,0.9955969452857971
d_1033317.exr,right,0.966162919998169
d_1033320.exr,right,0.9956106543540955
d_1033321.exr,wrong,0.9938628673553467
d_1033325.exr,right,0.9955867528915405
d_1033326.exr,right,0.9955998659133911
d_1033329.exr,right,0.9955399632453918
d_1033330.exr,right,0.9902130961418152
d_1033331.exr,right,0.9955192804336548
d_1033332.exr,right,0.9955969452857971
d_1033334.exr,right,0.9955410361289978
d_1033335.exr,right,0.9955893754959106
d_1033336.exr,wrong,0.9948874115943909
d_1033337.exr,right,0.9955739974975586
d_1033338.exr,right,0.9955942034721375
d_1033339.exr,right,0.9955270886421204
d_1033340.exr,right,0.9955506324768066
d_1033341.exr,right,0.9956130981445312
d_1033342.exr,right,0.9954786896705627
d_1033343.exr,right,0.9955316781997681
d_1033344.exr,right,0.9955169558525085
d_1033345.exr,right,0.9953145980834961
d_1033346.exr,right,0.9955371618270874
d_1033349.exr,right,0.9955305457115173
d_1033353.exr,wrong,0.9955388903617859
d_1033354.exr,right,0.9955580830574036
d_1033355.exr,right,0.9955613613128662
d_1033356.exr,right,0.9956279993057251
d_1033360.exr,right,0.995625376701355
d_1033361.exr,right,0.9955798983573914
d_1033363.exr,right,0.9953635931015015
d_1033364.exr,right,0.995563268661499
d_1033365.exr,right,0.9955825209617615
d_1033366.exr,right,0.9955337047576904
d_1033368.exr,right,0.995564877986908
d_1033369.exr,right,0.9956102967262268
d_1033370.exr,right,0.9955246448516846
d_1033372.exr,wrong,0.9923272728919983
d_1033373.exr,right,0.9955729246139526
d_1033374.exr,right,0.9955316781997681
d_1033375.exr,right,0.9922339916229248
d_1033377.exr,right,0.9956093430519104
d_1033378.exr,right,0.9955774545669556
d_1033381.exr,right,0.9955515265464783
d_1033382.exr,wrong,0.9905842542648315
d_1033383.exr,right,0.9943144917488098
d_1033384.exr,wrong,0.9543017148971558
d_1033385.exr,right,0.9950610995292664
d_1033386.exr,wrong,0.9907929301261902
d_1033387.exr,wrong,0.995161235332489
d_1033388.exr,right,0.9956204295158386
d_1033389.exr,right,0.9939985275268555
d_1033390.exr,right,0.9945157170295715
d_1033391.exr,right,0.9953952431678772
d_1033392.exr,right,0.9954938888549805
d_1033393.exr,right,0.9933508038520813
d_1033394.exr,right,0.9956021308898926
d_1033395.exr,right,0.9954293966293335
d_1033396.exr,right,0.9955520033836365
d_1033397.exr,right,0.9956144094467163
d_1033398.exr,right,0.9954468607902527
d_1033401.exr,right,0.995612621307373
d_1033403.exr,right,0.9955969452857971
d_1033404.exr,right,0.9955857992172241
d_1033405.exr,right,0.9955242872238159
d_1033407.exr,right,0.9955963492393494
d_1033409.exr,right,0.9955968260765076
d_1033410.exr,right,0.9955742359161377
d_1033411.exr,right,0.9954714775085449
d_1033412.exr,right,0.9954923391342163
d_1033415.exr,right,0.995560884475708
d_1033416.exr,right,0.9955488443374634
d_1033417.exr,right,0.995587944984436
d_1033418.exr,right,0.9955680966377258
d_1033420.exr,right,0.9956183433532715
d_1033421.exr,right,0.9956018924713135
d_1033422.exr,right,0.9956188797950745
d_1033423.exr,right,0.9955829977989197
d_1033424.exr,right,0.9956246018409729
d_1033425.exr,right,0.9950018525123596
d_1033426.exr,right,0.9947084188461304
d_1033427.exr,right,0.9955682158470154
d_1033428.exr,right,0.9955995082855225
d_1033429.exr,right,0.9955354928970337
d_1033430.exr,right,0.8556320667266846
d_1033431.exr,right,0.9955353736877441
d_1033432.exr,right,0.9955523610115051
d_1033434.exr,right,0.9956052899360657
d_1033438.exr,right,0.9956198334693909
d_1033439.exr,right,0.9954503178596497
d_1033440.exr,right,0.9956279993057251
d_1033443.exr,right,0.9954105019569397
d_1033445.exr,right,0.9955873489379883
d_1033446.exr,right,0.9956272840499878
d_1033447.exr,right,0.9955797791481018
d_1033448.exr,right,0.9955958724021912
d_1033450.exr,right,0.9955568909645081
d_1033451.exr,right,0.9955518841743469
d_1033452.exr,right,0.9955902099609375
d_1033453.exr,right,0.9955267310142517
d_1033454.exr,wrong,0.9433151483535767
d_1033455.exr,right,0.9951523542404175
d_1033456.exr,right,0.9954367280006409
d_1033457.exr,right,0.9955928921699524
d_1033458.exr,right,0.9940987825393677
d_1033460.exr,right,0.9955816864967346
d_1033462.exr,right,0.9955543875694275
d_1033463.exr,right,0.995571494102478
d_1033465.exr,right,0.9955797791481018
d_1033466.exr,right,0.995581328868866
d_1033467.exr,right,0.9955718517303467
d_1033469.exr,right,0.9955593347549438
d_1033471.exr,right,0.9955494403839111
d_1033472.exr,right,0.9955744743347168
d_1033474.exr,right,0.995582640171051
d_1033476.exr,right,0.9955683350563049
d_1033477.exr,right,0.9955809712409973
d_1033478.exr,right,0.9954392313957214
d_1033482.exr,right,0.8669378161430359
d_1033483.exr,right,0.9950991272926331
d_1033485.exr,wrong,0.9902628660202026
d_1033486.exr,right,0.9950233697891235
d_1033488.exr,right,0.9956121444702148
d_1033489.exr,right,0.9955847859382629
d_1033490.exr,right,0.9955933690071106
d_1033491.exr,right,0.9956080317497253
d_1033492.exr,right,0.9956051707267761
d_1033493.exr,right,0.9949080348014832
d_1033496.exr,right,0.9955716133117676
d_1033498.exr,right,0.9955659508705139
d_1033500.exr,wrong,0.9948373436927795
d_1033501.exr,wrong,0.9937726855278015
d_1033502.exr,wrong,0.9918855428695679
d_1033503.exr,wrong,0.9926989674568176
d_1033504.exr,wrong,0.9955523610115051
d_1033505.exr,wrong,0.9947527647018433
d_1033506.exr,wrong,0.9953130483627319
d_1033507.exr,wrong,0.9952594637870789
d_1033509.exr,right,0.995618999004364
d_1033512.exr,right,0.9955921769142151
d_1033515.exr,right,0.9956048727035522
d_1033516.exr,right,0.9956192374229431
d_1033518.exr,right,0.9950671195983887
d_1033519.exr,right,0.9955258965492249
d_1033520.exr,right,0.9901084899902344
d_1033521.exr,wrong,0.888687014579773
d_1033522.exr,wrong,0.9778844714164734
d_1033523.exr,wrong,0.9950734972953796
d_1033524.exr,right,0.9956127405166626
d_1033525.exr,right,0.9956241250038147
d_1033528.exr,right,0.9956194758415222
d_1033531.exr,right,0.9956017732620239
d_1033532.exr,right,0.9954711198806763
d_1033535.exr,right,0.995581328868866
d_1033536.exr,right,0.9955042004585266
d_1033537.exr,wrong,0.994987964630127
d_1033538.exr,right,0.9956093430519104
d_1033539.exr,right,0.9955822825431824
d_1033541.exr,right,0.9956052899360657
d_1033542.exr,right,0.9956023693084717
d_1033543.exr,right,0.6295211315155029
d_1033544.exr,right,0.995608389377594
d_1033545.exr,right,0.9955501556396484
d_1033547.exr,right,0.9955881834030151
d_1033548.exr,right,0.9956017732620239
d_1033549.exr,right,0.9956076741218567
d_1033551.exr,wrong,0.9548371434211731
d_1033552.exr,right,0.9955952763557434
d_1033553.exr,right,0.9956070780754089
d_1033554.exr,wrong,0.9950658082962036
d_1033555.exr,right,0.995603084564209
d_1033556.exr,right,0.9956175088882446
d_1033557.exr,right,0.9953563809394836
d_1033558.exr,right,0.9956120252609253
d_1033559.exr,right,0.9956106543540955
d_1033560.exr,wrong,0.7418922781944275
d_1033561.exr,right,0.995613694190979
d_1033562.exr,right,0.9956209063529968
d_1033563.exr,right,0.9956324696540833
d_1033564.exr,right,0.9956308603286743
d_1033565.exr,right,0.9956018924713135
d_1033566.exr,right,0.9956230521202087
d_1033568.exr,right,0.9956218600273132
d_1033569.exr,right,0.9956114888191223
d_1033570.exr,right,0.9956307411193848
d_1033571.exr,right,0.995628833770752
d_1033573.exr,right,0.9196463227272034
d_1033574.exr,right,0.9953815937042236
d_1033575.exr,wrong,0.9955189228057861
d_1033576.exr,wrong,0.9950277209281921
d_1033577.exr,right,0.9955947995185852
d_1033578.exr,wrong,0.9950975775718689
d_1033581.exr,wrong,0.9894183278083801
d_1033582.exr,wrong,0.9932449460029602
d_1033583.exr,right,0.9956080317497253
d_1033584.exr,wrong,0.9954674243927002
d_1033585.exr,right,0.9938329458236694
d_1033586.exr,right,0.9956110119819641
d_1033587.exr,wrong,0.9947153925895691
d_1033588.exr,right,0.9943745136260986
d_1033589.exr,right,0.9955854415893555
d_1033590.exr,wrong,0.9895530939102173
d_1033591.exr,right,0.957465410232544
d_1033592.exr,right,0.9955995082855225
d_1033593.exr,wrong,0.9953563809394836
d_1033595.exr,right,0.9956188797950745
d_1033596.exr,right,0.9954928159713745
d_1033597.exr,right,0.9956093430519104
d_1033598.exr,right,0.9955573678016663
d_1033600.exr,wrong,0.6705706119537354
d_1033601.exr,right,0.9956300258636475
d_1033603.exr,right,0.9956108927726746
d_1033604.exr,right,0.9955303072929382
d_1033606.exr,right,0.9956228137016296
d_1033607.exr,wrong,0.9953649044036865
d_1033608.exr,right,0.995566189289093
d_1033609.exr,right,0.9955905675888062
d_1033610.exr,wrong,0.9948569536209106
d_1033611.exr,right,0.9956075549125671
d_1033612.exr,right,0.9956121444702148
d_1033613.exr,right,0.9208297729492188
d_1033614.exr,right,0.9956009387969971
d_1033615.exr,right,0.9955971837043762
d_1033617.exr,right,0.9955732822418213
d_1033618.exr,right,0.994619607925415
d_1033619.exr,right,0.9955621957778931
d_1033620.exr,right,0.9956050515174866
d_1033621.exr,right,0.9956112504005432
d_1033622.exr,right,0.995610773563385
d_1033623.exr,right,0.9955969452857971
d_1033624.exr,right,0.995608389377594
d_1033625.exr,right,0.9956186413764954
d_1033626.exr,right,0.9956081509590149
d_1033627.exr,wrong,0.9846914410591125
d_1033628.exr,wrong,0.9955399632453918
d_1033629.exr,right,0.9955845475196838
d_1033630.exr,wrong,0.9935779571533203
d_1033631.exr,right,0.9956259727478027
d_1033632.exr,right,0.9955299496650696
d_1033633.exr,wrong,0.9952758550643921
d_1033636.exr,wrong,0.9550625681877136
d_1033637.exr,right,0.9956339001655579
d_1033639.exr,wrong,0.9949864149093628
d_1033640.exr,right,0.9956278800964355
d_1033641.exr,right,0.9955783486366272
d_1033642.exr,wrong,0.9893968105316162
d_1033645.exr,wrong,0.9953018426895142
d_1033646.exr,right,0.995287299156189
d_1033648.exr,right,0.9947517514228821
d_1033651.exr,right,0.9930156469345093
d_1033652.exr,right,0.9950098991394043
d_1033653.exr,right,0.9952194094657898
d_1033655.exr,right,0.9956385493278503
d_1033657.exr,right,0.9951752424240112
d_1033658.exr,right,0.9956129789352417
d_1033660.exr,wrong,0.9938987493515015
d_1033661.exr,right,0.9955926537513733
d_1033663.exr,wrong,0.9929960370063782
d_1033664.exr,right,0.9956134557723999
d_1033665.exr,right,0.9951909780502319
d_1033667.exr,right,0.9955902099609375
d_1033669.exr,wrong,0.9939648509025574
d_1033670.exr,right,0.9951386451721191
d_1033673.exr,right,0.9956173896789551
d_1033674.exr,right,0.9956240057945251
d_1033675.exr,wrong,0.9753788113594055
d_1033676.exr,right,0.9951905012130737
d_1033677.exr,right,0.995540201663971
d_1033678.exr,wrong,0.9953509569168091
d_1033679.exr,right,0.9950739741325378
d_1033680.exr,right,0.9955795407295227
d_1033681.exr,wrong,0.9918535351753235
d_1033682.exr,right,0.9955744743347168
d_1033683.exr,right,0.9956076741218567
d_1033684.exr,wrong,0.9954858422279358
d_1033685.exr,right,0.9956063628196716
d_1033686.exr,wrong,0.9956804513931274
d_1033687.exr,wrong,0.9953938722610474
d_1033688.exr,wrong,0.9933767914772034
d_1033689.exr,right,0.9955655932426453
d_1033690.exr,wrong,0.9944841265678406
d_1033691.exr,wrong,0.9789061546325684
d_1033693.exr,wrong,0.9952693581581116
d_1033694.exr,wrong,0.991295337677002
d_1033695.exr,wrong,0.9954819679260254
d_1033696.exr,wrong,0.9933945536613464
d_1033697.exr,right,0.9954858422279358
d_1033698.exr,wrong,0.9876617193222046
d_1033699.exr,wrong,0.9954531192779541
d_1033700.exr,right,0.9955999851226807
d_1033702.exr,wrong,0.9894996285438538
d_1033703.exr,right,0.9955911636352539
d_1033705.exr,wrong,0.995449960231781
d_1033706.exr,right,0.9955904483795166
d_1033707.exr,right,0.9775839447975159
d_1033708.exr,wrong,0.9938533306121826
d_1033709.exr,right,0.9955970644950867
d_1033710.exr,right,0.9901905059814453
d_1033711.exr,wrong,0.9955442547798157
d_1033712.exr,right,0.995272696018219
d_1033713.exr,wrong,0.9947552680969238
d_1033714.exr,wrong,0.9956068396568298
d_1033715.exr,right,0.994888961315155
d_1033716.exr,right,0.9940557479858398
d_1033717.exr,wrong,0.9953468441963196
d_1033718.exr,wrong,0.9951022863388062
d_1033719.exr,right,0.9953303337097168
d_1033720.exr,right,0.9955787062644958
d_1033721.exr,right,0.9923121333122253
d_1033723.exr,wrong,0.9954683780670166
d_1033724.exr,wrong,0.990294337272644
d_1033725.exr,right,0.9938175082206726
d_1033727.exr,right,0.9946233034133911
d_1033728.exr,right,0.9892117977142334
d_1033729.exr,right,0.9956379532814026
d_1033730.exr,right,0.995525062084198
d_1033731.exr,wrong,0.9947933554649353
d_1033732.exr,right,0.995633065700531
d_1033733.exr,right,0.9956173896789551
d_1033734.exr,wrong,0.6252322196960449
d_1033735.exr,right,0.9955201148986816
d_1033736.exr,right,0.9956268072128296
d_1033738.exr,right,0.995633065700531
d_1033740.exr,right,0.9956017732620239
d_1033741.exr,right,0.9956371188163757
d_1033742.exr,right,0.9955600500106812
d_1033743.exr,right,0.9955897331237793
d_1033744.exr,right,0.9955627918243408
d_1033745.exr,right,0.9955888986587524
d_1033746.exr,right,0.9956244826316833
d_1033747.exr,right,0.9956215023994446
d_1033748.exr,right,0.9956032037734985
d_1033749.exr,right,0.9946889877319336
d_1033750.exr,right,0.9955009818077087
d_1033751.exr,right,0.9956127405166626
d_1033752.exr,right,0.9956026077270508
d_1033753.exr,wrong,0.9952568411827087
d_1033754.exr,right,0.9956188797950745
d_1033755.exr,right,0.995600700378418
d_1033756.exr,wrong,0.9598197937011719
d_1033757.exr,right,0.9956279993057251
d_1033758.exr,right,0.9956110119819641
d_1033761.exr,right,0.9955776929855347
d_1033762.exr,wrong,0.9954364895820618
d_1033763.exr,right,0.9956231713294983
d_1033764.exr,right,0.994452178478241
d_1033765.exr,wrong,0.9955270886421204
d_1033766.exr,right,0.995609700679779
d_1033767.exr,right,0.9921365976333618
d_1033768.exr,wrong,0.9847295880317688
d_1033769.exr,right,0.9956352114677429
d_1033770.exr,wrong,0.9943550825119019
d_1033771.exr,right,0.9952365756034851
d_1033772.exr,wrong,0.9947001934051514
d_1033776.exr,right,0.9956101775169373
d_1033777.exr,wrong,0.9952113032341003
d_1033781.exr,right,0.9956361651420593
d_1033782.exr,right,0.9955827593803406
d_1033785.exr,right,0.9956264495849609
d_1033786.exr,right,0.9946039319038391
d_1033787.exr,right,0.9946957230567932
d_1033789.exr,right,0.9956294298171997
d_1033790.exr,right,0.9954696893692017
d_1033791.exr,right,0.9956247210502625
d_1033792.exr,right,0.994188666343689
d_1033793.exr,right,0.995262861251831
d_1033794.exr,right,0.9955026507377625
d_1033798.exr,right,0.9956234097480774
d_1033799.exr,wrong,0.9908314347267151
d_1033800.exr,wrong,0.9664503335952759
d_1033801.exr,right,0.9956307411193848
d_1033802.exr,right,0.995439350605011
d_1033803.exr,wrong,0.9955819249153137
d_1033806.exr,wrong,0.9843341708183289
d_1033807.exr,right,0.9956327080726624
d_1033809.exr,right,0.9952308535575867
d_1033810.exr,right,0.9956337809562683
d_1033811.exr,right,0.9946501851081848
d_1033812.exr,wrong,0.9945620894432068
d_1033813.exr,right,0.995621383190155
d_1033814.exr,right,0.9953444600105286
d_1033815.exr,right,0.9955920577049255
d_1033816.exr,right,0.9932147264480591
d_1033817.exr,wrong,0.9954290390014648
d_1033819.exr,right,0.9956246018409729
d_1033821.exr,right,0.9956209063529968
d_1033822.exr,right,0.9953840374946594
d_1033823.exr,right,0.9869430065155029
d_1033825.exr,right,0.9956167936325073
d_1033826.exr,right,0.9949398040771484
d_1033827.exr,right,0.9956320524215698
d_1033828.exr,right,0.9956327080726624
d_1033829.exr,right,0.9945052266120911
d_1033830.exr,right,0.9955980181694031
d_1033831.exr,right,0.9956302642822266
d_1033832.exr,right,0.9881888628005981
d_1033833.exr,right,0.9956256151199341
d_1033834.exr,right,0.9956335425376892
d_1033835.exr,right,0.9859651327133179
d_1033836.exr,right,0.9956161975860596
d_1033837.exr,right,0.9956262111663818
d_1033838.exr,right,0.9946947693824768
d_1033839.exr,right,0.9955405592918396
d_1033840.exr,right,0.995614767074585
d_1033842.exr,right,0.995439350605011
d_1033843.exr,right,0.995622456073761
d_1033844.exr,right,0.9937453269958496
d_1033845.exr,right,0.9951960444450378
d_1033846.exr,right,0.9956336617469788
d_1033849.exr,right,0.9956287145614624
d_1033850.exr,wrong,0.9952259063720703
d_1033851.exr,right,0.9955949187278748
d_1033852.exr,right,0.9956246018409729
d_1033853.exr,right,0.9952912330627441
d_1033855.exr,right,0.9956260919570923
d_1033857.exr,right,0.9955860376358032
d_1033858.exr,right,0.9955568909645081
d_1033859.exr,right,0.9953193068504333
d_1033861.exr,right,0.9955741167068481
d_1033863.exr,wrong,0.9904546141624451
d_1033864.exr,right,0.9956047534942627
d_1033865.exr,right,0.9944748282432556
d_1033868.exr,wrong,0.9955176711082458
d_1033871.exr,right,0.9922877550125122
d_1033877.exr,wrong,0.9955910444259644
d_1033878.exr,right,0.9956003427505493
d_1033880.exr,right,0.9877712726593018
d_1033881.exr,right,0.9956238865852356
d_1033882.exr,right,0.9956243634223938
d_1033883.exr,wrong,0.9955339431762695
d_1033884.exr,right,0.99528568983078
d_1033885.exr,right,0.9956299066543579
d_1033886.exr,wrong,0.9875276684761047
d_1033887.exr,right,0.9956235289573669
d_1033890.exr,wrong,0.9952913522720337
d_1033891.exr,right,0.9956269264221191
d_1033892.exr,right,0.9951902627944946
d_1033893.exr,right,0.9950673580169678
d_1033894.exr,right,0.9956258535385132
d_1033896.exr,right,0.9955015778541565
d_1033897.exr,right,0.995633065700531
d_1033900.exr,right,0.9956327080726624
d_1033903.exr,right,0.9956335425376892
d_1033904.exr,wrong,0.9903987646102905
d_1033905.exr,right,0.9955997467041016
d_1033906.exr,right,0.9956159591674805
d_1033907.exr,wrong,0.9953595995903015
d_1033908.exr,right,0.9956093430519104
d_1033909.exr,right,0.9956335425376892
d_1033910.exr,right,0.9920837879180908
d_1033911.exr,right,0.9942366480827332
d_1033914.exr,right,0.9804321527481079
d_1033915.exr,right,0.9956308603286743
d_1033918.exr,right,0.995628833770752
d_1033919.exr,wrong,0.565680742263794
d_1033920.exr,right,0.9955297112464905
d_1033921.exr,right,0.995631217956543
d_1033922.exr,right,0.9956272840499878
d_1033925.exr,right,0.7726276516914368
d_1033927.exr,right,0.995627760887146
d_1033928.exr,right,0.9956040382385254
d_1033931.exr,right,0.9955875873565674
d_1033933.exr,right,0.9956293106079102
d_1033934.exr,right,0.9955933690071106
d_1033935.exr,right,0.9956299066543579
d_1033936.exr,right,0.9956295490264893
d_1033938.exr,right,0.995614767074585
d_1033939.exr,right,0.9956314563751221
d_1033940.exr,right,0.9956352114677429
d_1033941.exr,right,0.9768816828727722
d_1033942.exr,right,0.995633065700531
d_1033943.exr,right,0.9955078363418579
d_1033944.exr,right,0.9955934882164001
d_1033945.exr,right,0.995637834072113
d_1033946.exr,right,0.9955638647079468
d_1033947.exr,right,0.9942747950553894
d_1033948.exr,right,0.9954200983047485
d_1033949.exr,right,0.9954336285591125
d_1033950.exr,right,0.9954919219017029
d_1033951.exr,right,0.995622456073761
d_1033952.exr,right,0.9956247210502625
d_1033953.exr,right,0.99366694688797
d_1033956.exr,wrong,0.9919920563697815
d_1033959.exr,right,0.9948223829269409
d_1033960.exr,right,0.9955961108207703
d_1033961.exr,right,0.9954121708869934
d_1033962.exr,right,0.9951465725898743
d_1033963.exr,right,0.9952889680862427
d_1033964.exr,right,0.9955564141273499
d_1033965.exr,right,0.9955319166183472
d_1033966.exr,right,0.9954427480697632
d_1033967.exr,right,0.9955489635467529
d_1033969.exr,right,0.9955280423164368
d_1033971.exr,right,0.9956209063529968
d_1033978.exr,right,0.9955832362174988
d_1033979.exr,right,0.9955266118049622
d_1033982.exr,right,0.9955924153327942
d_1033986.exr,right,0.9956046342849731
d_1033987.exr,right,0.9956061244010925
d_1033989.exr,right,0.9955683350563049
d_1033990.exr,right,0.9955955147743225
d_1033991.exr,right,0.9956165552139282
d_1033992.exr,right,0.9956186413764954
d_1033993.exr,right,0.9956070780754089
d_1033994.exr,right,0.9942511320114136
d_1033996.exr,right,0.9956024885177612
d_1033997.exr,right,0.9953194260597229
d_1033998.exr,right,0.9955934882164001
d_1033999.exr,right,0.9956154823303223
d_1034000.exr,right,0.9949997663497925
d_1034001.exr,right,0.9955951571464539
d_1034002.exr,right,0.9956308603286743
d_1034003.exr,right,0.9955841898918152
d_1034005.exr,right,0.9955305457115173
d_1034008.exr,right,0.9955739974975586
d_1034009.exr,right,0.9955536723136902
d_1034011.exr,right,0.9956269264221191
d_1034014.exr,right,0.9955927729606628
d_1034017.exr,right,0.995453953742981
d_1034018.exr,right,0.9951299428939819
d_1034020.exr,right,0.9953743815422058
d_1034021.exr,right,0.9956182241439819
d_1034024.exr,right,0.9955739974975586
d_1034026.exr,wrong,0.9950178265571594
d_1034027.exr,right,0.9953587651252747
d_1034028.exr,wrong,0.9920880198478699
d_1034029.exr,right,0.9954125285148621
d_1034030.exr,right,0.9921852946281433
d_1034033.exr,wrong,0.9954760670661926
d_1034034.exr,right,0.9940733313560486
d_1034036.exr,right,0.9950386881828308
d_1034039.exr,right,0.9944696426391602
d_1034045.exr,right,0.9954478144645691
d_1034046.exr,right,0.9956272840499878
d_1034047.exr,wrong,0.9956402778625488
d_1034048.exr,right,0.9955736398696899
d_1034050.exr,right,0.9937129616737366
d_1034051.exr,right,0.9952781200408936
d_1034052.exr,right,0.9956297874450684
d_1034053.exr,right,0.9862853288650513
d_1034054.exr,right,0.9953042268753052
d_1034055.exr,right,0.9956372380256653
d_1034056.exr,wrong,0.9905387163162231
d_1034059.exr,wrong,0.9910083413124084
d_1034063.exr,right,0.9953489899635315
d_1034064.exr,right,0.995568573474884
d_1034065.exr,right,0.9953966736793518
d_1034068.exr,wrong,0.982696533203125
d_1034069.exr,right,0.9955177903175354
d_1034070.exr,right,0.9956339001655579
d_1034075.exr,right,0.995487630367279
d_1034076.exr,right,0.9956350922584534
d_1034078.exr,right,0.9955421090126038
d_1034080.exr,right,0.9947309494018555
d_1034081.exr,right,0.9955533146858215
d_1034082.exr,right,0.9956271648406982
d_1034083.exr,right,0.9952608942985535
d_1034084.exr,right,0.9954330921173096
d_1034086.exr,right,0.9926608800888062
d_1034088.exr,right,0.9956337809562683
d_1034092.exr,wrong,0.9910282492637634
d_1034103.exr,wrong,0.9955322742462158
d_1034106.exr,right,0.9924407005310059
d_1034110.exr,right,0.9953456521034241
d_1034111.exr,right,0.9954379200935364
d_1034114.exr,right,0.9954960346221924
d_1034115.exr,right,0.9955800175666809
d_1034116.exr,wrong,0.994716465473175
d_1034117.exr,right,0.9740363955497742
d_1034120.exr,wrong,0.9909185171127319
d_1034121.exr,right,0.995595395565033
d_1034122.exr,right,0.995328426361084
d_1034123.exr,right,0.9953694939613342
d_1034125.exr,right,0.9955997467041016
d_1034126.exr,right,0.9956139326095581
d_1034127.exr,right,0.9955706000328064
d_1034138.exr,wrong,0.9579558968544006
d_1034139.exr,right,0.9956077933311462
d_1034140.exr,right,0.9949670433998108
d_1034142.exr,wrong,0.9946185350418091
d_1034147.exr,right,0.9884422421455383
d_1034149.exr,right,0.9956295490264893
d_1034150.exr,right,0.9856599569320679
d_1034152.exr,right,0.9956004619598389
d_1034153.exr,wrong,0.9954838752746582
d_1034155.exr,right,0.9955300688743591
d_1034156.exr,wrong,0.9952078461647034
d_1034157.exr,right,0.995564341545105
d_1034158.exr,right,0.9955364465713501
d_1034159.exr,right,0.982115626335144
d_1034160.exr,right,0.9955675005912781
d_1034161.exr,right,0.995629072189331
d_1034162.exr,right,0.9949387311935425
d_1034163.exr,right,0.9956076741218567
d_1034164.exr,right,0.9955549836158752
d_1034165.exr,wrong,0.9955095052719116
d_1034166.exr,right,0.9955770969390869
d_1034167.exr,right,0.9944589138031006
d_1034168.exr,wrong,0.9956562519073486
d_1034170.exr,right,0.9956226944923401
d_1034171.exr,right,0.9454100131988525
d_1034173.exr,right,0.9955761432647705
d_1034176.exr,right,0.9956260919570923
d_1034178.exr,right,0.9955625534057617
d_1034179.exr,right,0.9956308603286743
d_1034180.exr,wrong,0.9913719892501831
d_1034183.exr,wrong,0.9906854033470154
d_1034184.exr,wrong,0.9950633645057678
d_1034185.exr,right,0.9956037998199463
d_1034186.exr,right,0.9812639951705933
d_1034187.exr,right,0.9955292344093323
d_1034188.exr,right,0.9955781102180481
d_1034189.exr,right,0.9939246773719788
d_1034191.exr,wrong,0.9928152561187744
d_1034192.exr,right,0.7866048812866211
d_1034194.exr,right,0.9941999912261963
d_1034196.exr,right,0.995617151260376
d_1034197.exr,right,0.9956269264221191
d_1034198.exr,wrong,0.9951978325843811
d_1034200.exr,right,0.9955410361289978
d_1034201.exr,wrong,0.9946315288543701
d_1034202.exr,right,0.9956270456314087
d_1034203.exr,right,0.990996241569519
d_1034204.exr,wrong,0.9957172274589539
d_1034207.exr,wrong,0.9957194924354553
d_1034208.exr,right,0.9956272840499878
d_1034212.exr,right,0.9953702092170715
d_1034213.exr,right,0.9601427912712097
d_1034215.exr,right,0.9952477812767029
d_1034216.exr,right,0.9892666339874268
d_1034217.exr,right,0.9955767393112183
d_1034218.exr,right,0.995307981967926
d_1034221.exr,wrong,0.9954460859298706
d_1034224.exr,right,0.9923791885375977
d_1034226.exr,right,0.9956163167953491
d_1034239.exr,right,0.995594322681427
d_1034241.exr,wrong,0.9952911138534546
d_1034242.exr,right,0.9955098628997803
d_1034245.exr,right,0.9952701926231384
d_1034248.exr,right,0.9952824711799622
d_1034251.exr,right,0.9954017400741577
d_1034255.exr,wrong,0.9730888605117798
d_1034256.exr,right,0.9956193566322327
d_1034257.exr,right,0.9952788352966309
d_1034259.exr,right,0.9956117868423462
d_1034260.exr,right,0.9956185221672058
d_1034262.exr,right,0.995613694190979
d_1034263.exr,right,0.9956089854240417
d_1034265.exr,right,0.9955417513847351
d_1034266.exr,wrong,0.9940546154975891
d_1034267.exr,right,0.9949173927307129
d_1034268.exr,wrong,0.9937483072280884
d_1034269.exr,right,0.9907649755477905
d_1034270.exr,right,0.995554506778717
d_1034271.exr,wrong,0.9956114888191223
d_1034272.exr,right,0.9955898523330688
d_1034273.exr,right,0.9955927729606628
d_1034274.exr,wrong,0.9947724938392639
d_1034275.exr,right,0.9955655932426453
d_1034276.exr,right,0.9956157207489014
d_1034279.exr,right,0.995530903339386
d_1034281.exr,wrong,0.9917417764663696
d_1034282.exr,wrong,0.9926119446754456
d_1034283.exr,right,0.9950897097587585
d_1034286.exr,right,0.995542585849762
d_1034290.exr,right,0.9951187372207642
d_1034291.exr,wrong,0.9921140670776367
d_1034292.exr,wrong,0.9956971406936646
d_1034294.exr,wrong,0.9952657222747803
d_1034295.exr,wrong,0.9956231713294983
d_1034297.exr,wrong,0.9924255609512329
d_1034298.exr,wrong,0.9949413537979126
d_1034299.exr,wrong,0.9885817170143127
d_1034300.exr,right,0.9955034852027893
d_1034301.exr,wrong,0.9955278038978577
d_1034302.exr,right,0.7611209750175476
d_1034303.exr,wrong,0.8782224655151367
d_1034304.exr,wrong,0.9944928884506226
d_1034305.exr,wrong,0.9912183880805969
d_1034306.exr,right,0.9883285760879517
d_1034307.exr,right,0.995510458946228
d_1034308.exr,wrong,0.9950308799743652
d_1034309.exr,right,0.9951083064079285
d_1034313.exr,right,0.995583713054657
d_1034315.exr,right,0.995617151260376
d_1034322.exr,right,0.9956228137016296
d_1034323.exr,right,0.9954713582992554
d_1034324.exr,right,0.9956106543540955
d_1034325.exr,right,0.9956167936325073
d_1034326.exr,wrong,0.9911736845970154
d_1034327.exr,right,0.9955958724021912
d_1034328.exr,right,0.9955433011054993
d_1034329.exr,wrong,0.9957024455070496
d_1034330.exr,right,0.9956158399581909
d_1034332.exr,right,0.9956215023994446
d_1034333.exr,right,0.9956175088882446
d_1034335.exr,right,0.9955984354019165
d_1034336.exr,right,0.9956388473510742
d_1034337.exr,right,0.9956081509590149
d_1034338.exr,right,0.995604395866394
d_1034339.exr,right,0.9956229329109192
d_1034340.exr,right,0.9956153631210327
d_1034341.exr,right,0.9956194758415222
d_1034342.exr,right,0.9956283569335938
d_1034343.exr,right,0.9956049919128418
d_1034344.exr,right,0.9956040382385254
d_1034345.exr,right,0.9956102967262268
d_1034346.exr,right,0.9955933690071106
d_1034347.exr,right,0.9951545000076294
d_1034348.exr,right,0.9956259727478027
d_1034350.exr,right,0.9956372380256653
d_1034351.exr,right,0.9955482482910156
d_1034352.exr,right,0.9956264495849609
d_1034354.exr,right,0.995541512966156
d_1034355.exr,right,0.99552983045578
d_1034357.exr,right,0.9956234097480774
d_1034358.exr,right,0.9955938458442688
d_1034360.exr,right,0.9948210716247559
d_1034361.exr,right,0.9954872727394104
d_1034363.exr,right,0.995594322681427
d_1034364.exr,right,0.9956105351448059
d_1034366.exr,right,0.9954487681388855
d_1034367.exr,right,0.995405912399292
d_1034369.exr,right,0.9953550100326538
d_1034370.exr,right,0.9954491257667542
d_1034371.exr,right,0.9956313371658325
d_1034372.exr,right,0.9955060482025146
d_1034373.exr,right,0.9927917718887329
d_1034374.exr,right,0.9956359267234802
d_1034375.exr,right,0.9952862858772278
d_1034376.exr,right,0.9952408075332642
d_1034378.exr,right,0.9955862760543823
d_1034379.exr,right,0.9922348260879517
d_1034380.exr,right,0.9954347014427185
d_1034381.exr,right,0.9955961108207703
d_1034382.exr,right,0.9951503872871399
d_1034384.exr,right,0.9955716133117676
d_1034385.exr,right,0.9956232905387878
d_1034386.exr,right,0.9937957525253296
d_1034388.exr,right,0.9955050349235535
d_1034390.exr,right,0.9955820441246033
d_1034393.exr,right,0.9955497980117798
d_1034394.exr,right,0.9955808520317078
d_1034395.exr,wrong,0.9951404333114624
d_1034396.exr,wrong,0.9951851963996887
d_1034397.exr,right,0.9956150054931641
d_1034398.exr,right,0.9956373572349548
d_1034399.exr,right,0.8552514314651489
d_1034400.exr,right,0.9956067204475403
d_1034402.exr,right,0.9943625926971436
d_1034405.exr,wrong,0.9953305721282959
d_1034406.exr,right,0.994014322757721
d_1034407.exr,right,0.9956251978874207
d_1034408.exr,right,0.9952102303504944
d_1034409.exr,wrong,0.9948458671569824
d_1034410.exr,right,0.9956264495849609
d_1034412.exr,wrong,0.9935170412063599
d_1034413.exr,right,0.9949080348014832
d_1034414.exr,wrong,0.9890297055244446
d_1034415.exr,right,0.9939861297607422
d_1034416.exr,right,0.9956039190292358
d_1034417.exr,right,0.994278073310852
d_1034418.exr,wrong,0.9937098026275635
d_1034419.exr,right,0.9956172704696655
d_1034420.exr,wrong,0.9955658316612244
d_1034421.exr,right,0.9956234097480774
d_1034422.exr,right,0.9956029653549194
d_1034423.exr,right,0.9955570101737976
d_1034424.exr,right,0.9956217408180237
d_1034425.exr,right,0.9955744743347168
d_1034426.exr,right,0.9955441355705261
d_1034427.exr,right,0.9956172704696655
d_1034428.exr,right,0.9955878257751465
d_1034429.exr,right,0.9956232905387878
d_1034430.exr,right,0.9953874945640564
d_1034431.exr,right,0.9955946803092957
d_1034432.exr,wrong,0.9955726861953735
d_1034435.exr,right,0.9955982565879822
d_1034436.exr,right,0.995622456073761
d_1034439.exr,right,0.9956161975860596
d_1034440.exr,wrong,0.9945613741874695
d_1034441.exr,wrong,0.9938544034957886
d_1034442.exr,right,0.9956276416778564
d_1034445.exr,right,0.995603084564209
d_1034446.exr,right,0.9956212639808655
d_1034447.exr,right,0.9955060482025146
d_1034449.exr,right,0.995625376701355
d_1034450.exr,wrong,0.9888655543327332
d_1034452.exr,wrong,0.9931185245513916
d_1034453.exr,right,0.9897973537445068
d_1034454.exr,right,0.9950908422470093
d_1034455.exr,wrong,0.995072066783905
d_1034456.exr,right,0.995609700679779
d_1034463.exr,right,0.994926929473877
d_1034466.exr,right,0.9956056475639343
d_1034471.exr,right,0.9956095814704895
d_1034472.exr,right,0.9956066012382507
d_1034474.exr,right,0.9956140518188477
d_1034475.exr,right,0.9955861568450928
d_1034478.exr,right,0.9954376816749573
d_1034481.exr,right,0.9956177473068237
d_1034484.exr,right,0.9955440163612366
d_1034486.exr,right,0.9956183433532715
d_1034487.exr,right,0.9956206679344177
d_1034488.exr,right,0.9953957200050354
d_1034489.exr,right,0.9956246018409729
d_1034491.exr,right,0.9955698847770691
d_1034492.exr,right,0.9956185221672058
d_1034494.exr,right,0.9956064820289612
d_1034496.exr,right,0.9951887130737305
d_1034497.exr,right,0.9955925345420837
d_1034498.exr,wrong,0.9954758286476135
d_1034499.exr,right,0.995554506778717
d_1034500.exr,right,0.9955434203147888
d_1034502.exr,right,0.9955937266349792
d_1034503.exr,right,0.9953983426094055
d_1034505.exr,right,0.9954089522361755
d_1034506.exr,right,0.9950631260871887
d_1034508.exr,right,0.9956158399581909
d_1034509.exr,right,0.9955937266349792
d_1034510.exr,right,0.9955917000770569
d_1034511.exr,wrong,0.9911070466041565
d_1034512.exr,right,0.9895758628845215
d_1034513.exr,right,0.9955556988716125
d_1034514.exr,right,0.9956257343292236
d_1034515.exr,right,0.9953685998916626
d_1034516.exr,right,0.9955835938453674
d_1034518.exr,right,0.995134174823761
d_1034519.exr,right,0.9955853223800659
d_1034520.exr,right,0.9948053956031799
d_1034521.exr,right,0.9956069588661194
d_1034523.exr,wrong,0.995568573474884
d_1034524.exr,wrong,0.9949541687965393
d_1034525.exr,right,0.9955860376358032
d_1034526.exr,right,0.9943585991859436
d_1034527.exr,right,0.9954427480697632
d_1034528.exr,right,0.9955847859382629
d_1034529.exr,wrong,0.9955511093139648
d_1034530.exr,wrong,0.9901837706565857
d_1034531.exr,right,0.99558025598526
d_1034532.exr,right,0.995388388633728
d_1034535.exr,wrong,0.9940943121910095
d_1034536.exr,right,0.9951877593994141
d_1034538.exr,right,0.9916529059410095
d_1034541.exr,right,0.9955103397369385
d_1034542.exr,wrong,0.9935188889503479
d_1034543.exr,wrong,0.9929719567298889
d_1034544.exr,right,0.9952589869499207
d_1034545.exr,wrong,0.9946025013923645
d_1034547.exr,right,0.9952774047851562
d_1034548.exr,wrong,0.9954944849014282
d_1034550.exr,right,0.84066241979599
d_1034551.exr,wrong,0.9950575828552246
d_1034555.exr,right,0.9952291250228882
d_1034557.exr,wrong,0.6867903470993042
d_1034559.exr,right,0.9955950379371643
d_1034560.exr,wrong,0.9951453804969788
d_1034562.exr,right,0.9955718517303467
d_1034563.exr,wrong,0.9951562881469727
d_1034564.exr,right,0.9943221807479858
d_1034565.exr,right,0.9956101775169373
d_1034566.exr,wrong,0.9956122636795044
d_1034567.exr,wrong,0.9951949715614319
d_1034568.exr,wrong,0.9860517978668213
d_1034569.exr,wrong,0.9955778121948242
d_1034570.exr,right,0.9852641820907593
d_1034571.exr,right,0.9955282807350159
d_1034572.exr,wrong,0.9949182868003845
d_1034573.exr,wrong,0.9954509139060974
d_1034574.exr,right,0.9956178665161133
d_1034575.exr,wrong,0.9954332113265991
d_1034576.exr,right,0.9927782416343689
d_1034577.exr,right,0.9955726861953735
d_1034578.exr,right,0.9949122667312622
d_1034579.exr,right,0.9947549104690552
d_1034580.exr,right,0.9946011304855347
d_1034581.exr,wrong,0.9948564767837524
d_1034582.exr,right,0.9955924153327942
d_1034583.exr,right,0.9956178665161133
d_1034584.exr,right,0.7936121821403503
d_1034585.exr,right,0.9952126741409302
d_1034586.exr,right,0.9954462051391602
d_1034587.exr,right,0.7115549445152283
d_1034588.exr,right,0.9955663084983826
d_1034589.exr,right,0.9954736828804016
d_1034591.exr,right,0.9954589605331421
d_1034592.exr,right,0.9955820441246033
d_1034593.exr,wrong,0.9731078147888184
d_1034594.exr,right,0.9955763816833496
d_1034595.exr,right,0.9956088662147522
d_1034597.exr,right,0.9955772161483765
d_1034598.exr,right,0.9955636262893677
d_1034599.exr,wrong,0.9915310144424438
d_1034600.exr,right,0.9955444931983948
d_1034601.exr,right,0.9954817295074463
d_1034603.exr,right,0.9954718351364136
d_1034604.exr,right,0.9938398003578186
d_1034606.exr,right,0.995411217212677
d_1034607.exr,right,0.9953768253326416
d_1034609.exr,right,0.9955565333366394
d_1034610.exr,right,0.9905783534049988
d_1034612.exr,wrong,0.9089549779891968
d_1034613.exr,right,0.9956046342849731
d_1034616.exr,right,0.9955637454986572
d_1034618.exr,wrong,0.9954764246940613
d_1034619.exr,right,0.9934000968933105
d_1034622.exr,right,0.9955639839172363
d_1034624.exr,wrong,0.9947506785392761
d_1034625.exr,right,0.9951607584953308
d_1034627.exr,right,0.7527642846107483
d_1034628.exr,right,0.995598316192627
d_1034629.exr,right,0.9951397180557251
d_1034630.exr,wrong,0.9951930046081543
d_1034631.exr,right,0.9955586194992065
d_1034632.exr,right,0.9936569333076477
d_1034633.exr,right,0.9857725501060486
d_1034636.exr,wrong,0.9956576824188232
d_1034639.exr,right,0.9956207871437073
d_1034642.exr,right,0.9956368803977966
d_1034647.exr,wrong,0.9952924251556396
d_1034648.exr,right,0.9956272840499878
d_1034650.exr,right,0.8747071623802185
d_1034651.exr,right,0.9956225752830505
d_1034654.exr,right,0.9955942034721375
d_1034656.exr,right,0.9955512285232544
d_1034657.exr,right,0.9956105351448059
d_1034660.exr,right,0.9955981373786926
d_1034663.exr,right,0.9955904483795166
d_1034665.exr,right,0.995633065700531
d_1034668.exr,right,0.9956276416778564
d_1034669.exr,right,0.9956231713294983
d_1034671.exr,right,0.9955505132675171
d_1034673.exr,right,0.9955486059188843
d_1034675.exr,right,0.9954570531845093
d_1034677.exr,right,0.995323121547699
d_1034679.exr,right,0.9956366419792175
d_1034681.exr,right,0.9956076741218567
d_1034683.exr,right,0.9955724477767944
d_1034684.exr,right,0.9956303834915161
d_1034685.exr,right,0.9956037998199463
d_1034686.exr,right,0.9955417513847351
d_1034687.exr,right,0.9955949187278748
d_1034688.exr,right,0.9956088662147522
d_1034689.exr,right,0.9954661130905151
d_1034690.exr,right,0.9955770969390869
d_1034691.exr,right,0.9955747127532959
d_1034692.exr,right,0.9956068396568298
d_1034693.exr,right,0.9956008195877075
d_1034694.exr,right,0.9956033229827881
d_1034695.exr,right,0.9956032037734985
d_1034696.exr,right,0.9955816864967346
d_1034697.exr,right,0.9956367611885071
d_1034698.exr,right,0.995606005191803
d_1034699.exr,right,0.9954948425292969
d_1034700.exr,right,0.9955958724021912
d_1034701.exr,right,0.995613694190979
d_1034702.exr,right,0.9955436587333679
d_1034703.exr,right,0.9956242442131042
d_1034704.exr,right,0.9956039190292358
d_1034706.exr,right,0.9955971837043762
d_1034707.exr,right,0.9955660700798035
d_1034708.exr,right,0.9948337078094482
d_1034709.exr,right,0.9956139326095581
d_1034710.exr,wrong,0.993190586566925
d_1034711.exr,right,0.995591402053833
d_1034714.exr,right,0.7152880430221558
d_1034718.exr,right,0.9954866766929626
d_1034720.exr,right,0.9953773021697998
d_1034721.exr,right,0.9956100583076477
d_1034722.exr,right,0.9949964284896851
d_1034723.exr,right,0.9955204725265503
d_1034724.exr,right,0.9955195188522339
d_1034725.exr,wrong,0.8874732851982117
d_1034726.exr,right,0.9955300688743591
d_1034727.exr,right,0.9955409169197083
d_1034728.exr,right,0.9956215023994446
d_1034729.exr,right,0.9954884648323059
d_1034730.exr,right,0.995524525642395
d_1034731.exr,right,0.9955987930297852
d_1034732.exr,right,0.995459258556366
d_1034733.exr,right,0.9956165552139282
d_1034734.exr,right,0.9944620728492737
d_1034735.exr,right,0.9955708384513855
d_1034736.exr,right,0.9955416321754456
d_1034737.exr,right,0.9956285953521729
d_1034738.exr,right,0.9955978989601135
d_1034739.exr,right,0.9956075549125671
d_1034742.exr,right,0.9956294298171997
d_1034744.exr,right,0.9956263303756714
d_1034745.exr,right,0.9949120879173279
d_1034746.exr,right,0.9955739974975586
d_1034747.exr,wrong,0.9807542562484741
d_1034748.exr,wrong,0.905375599861145
d_1034749.exr,right,0.9954202175140381
d_1034750.exr,right,0.995617151260376
d_1034751.exr,right,0.6072157621383667
d_1034754.exr,right,0.9956219792366028
d_1034755.exr,right,0.9765946269035339
d_1034756.exr,right,0.9955965876579285
d_1034759.exr,right,0.9950008988380432
d_1034760.exr,right,0.9956138134002686
d_1034761.exr,right,0.995537281036377
d_1034762.exr,right,0.9956278800964355
d_1034763.exr,right,0.9940787553787231
d_1034764.exr,right,0.9956140518188477
d_1034765.exr,wrong,0.8410540223121643
d_1034766.exr,right,0.9956282377243042
d_1034767.exr,wrong,0.9943946599960327
d_1034768.exr,right,0.9956274032592773
d_1034769.exr,right,0.9929348826408386
d_1034770.exr,right,0.9955162405967712
d_1034771.exr,right,0.9945888519287109
d_1034772.exr,right,0.9956197142601013
d_1034774.exr,right,0.9956036806106567
d_1034775.exr,wrong,0.9949323534965515
d_1034776.exr,right,0.9956244826316833
d_1034778.exr,wrong,0.9924522042274475
d_1034780.exr,wrong,0.9534567594528198
d_1034782.exr,right,0.9936373233795166
d_1034783.exr,right,0.9794865846633911
d_1034784.exr,right,0.9955142140388489
d_1034786.exr,right,0.9955495595932007
d_1034793.exr,right,0.9956141710281372
d_1034794.exr,right,0.9954812526702881
d_1034795.exr,right,0.9953711628913879
d_1034796.exr,right,0.9954341053962708
d_1034797.exr,wrong,0.994155764579773
d_1034798.exr,right,0.9955489635467529
d_1034800.exr,wrong,0.9950687885284424
d_1034801.exr,right,0.9953681230545044
d_1034802.exr,right,0.9955867528915405
d_1034803.exr,right,0.9940429329872131
d_1034804.exr,right,0.9950980544090271
d_1034805.exr,wrong,0.9724719524383545
d_1034806.exr,wrong,0.9956663846969604
d_1034807.exr,right,0.9953305721282959
d_1034808.exr,right,0.9955737590789795
d_1034809.exr,right,0.9954002499580383
d_1034810.exr,right,0.994742751121521
d_1034811.exr,right,0.9933180809020996
d_1034813.exr,right,0.9955226182937622
d_1034814.exr,right,0.9952574372291565
d_1034815.exr,right,0.9955151677131653
d_1034816.exr,right,0.9955846667289734
d_1034817.exr,right,0.995598316192627
d_1034818.exr,wrong,0.9522227048873901
d_1034819.exr,right,0.9956191182136536
d_1034820.exr,right,0.9952617883682251
d_1034821.exr,right,0.9956225752830505
d_1034822.exr,right,0.9953873753547668
d_1034823.exr,right,0.9956138134002686
d_1034824.exr,right,0.9954026937484741
d_1034825.exr,right,0.9954230189323425
d_1034827.exr,right,0.9955064058303833
d_1034828.exr,wrong,0.9695006012916565
d_1034829.exr,right,0.9955275654792786
d_1034830.exr,right,0.9955832362174988
d_1034831.exr,right,0.9955961108207703
d_1034832.exr,wrong,0.995559811592102
d_1034833.exr,right,0.9954857230186462
d_1034834.exr,right,0.994978129863739
d_1034835.exr,right,0.9952452778816223
d_1034836.exr,wrong,0.995492696762085
d_1034837.exr,right,0.9954935312271118
d_1034838.exr,wrong,0.9892499446868896
d_1034839.exr,right,0.9955071210861206
d_1034840.exr,right,0.9952579140663147
d_1034841.exr,right,0.9951360821723938
d_1034842.exr,right,0.9956077933311462
d_1034843.exr,right,0.9955931305885315
d_1034844.exr,right,0.9556894302368164
d_1034845.exr,right,0.9956205487251282
d_1034846.exr,right,0.9955785870552063
d_1034847.exr,right,0.9954147338867188
d_1034850.exr,wrong,0.9341750741004944
d_1034851.exr,right,0.9956284761428833
d_1034852.exr,right,0.9955630302429199
d_1034853.exr,right,0.9956334233283997
d_1034854.exr,wrong,0.9954512715339661
d_1034858.exr,wrong,0.9956638216972351
d_1034860.exr,wrong,0.9518886208534241
d_1034862.exr,right,0.9953084588050842
d_1034863.exr,right,0.995062530040741
d_1034864.exr,right,0.9721965789794922
d_1034865.exr,right,0.9946610331535339
d_1034867.exr,right,0.9953320622444153
d_1034868.exr,right,0.9950565099716187
d_1034869.exr,right,0.995107889175415
d_1034870.exr,wrong,0.9950227737426758
d_1034875.exr,wrong,0.9953733086585999
d_1034878.exr,right,0.993216335773468
d_1034879.exr,wrong,0.9952736496925354
d_1034880.exr,wrong,0.9952091574668884
d_1034883.exr,wrong,0.9954590797424316
d_1034884.exr,right,0.9940900206565857
d_1034885.exr,wrong,0.9954614043235779
d_1034887.exr,right,0.9956324696540833
d_1034891.exr,right,0.9956153631210327
d_1034898.exr,right,0.9700021743774414
d_1034899.exr,right,0.9956236481666565
d_1034903.exr,right,0.9956321120262146
d_1034904.exr,right,0.9830082654953003
d_1034905.exr,right,0.9955904483795166
d_1034906.exr,right,0.9955915808677673
d_1034908.exr,right,0.9947322607040405
d_1034909.exr,right,0.9956145286560059
d_1034911.exr,right,0.9955750703811646
d_1034912.exr,right,0.995622456073761
d_1034913.exr,right,0.995372474193573
d_1034917.exr,right,0.9956278800964355
d_1034919.exr,right,0.9955820441246033
d_1034923.exr,right,0.995596706867218
d_1034924.exr,right,0.9318732023239136
d_1034925.exr,right,0.9955904483795166
d_1034927.exr,right,0.9956158399581909
d_1034928.exr,right,0.9923135638237
d_1034929.exr,right,0.9955188035964966
d_1034931.exr,right,0.993740439414978
d_1034932.exr,right,0.9954701662063599
d_1034933.exr,right,0.9953486323356628
d_1034934.exr,right,0.9955981373786926
d_1034936.exr,right,0.995429277420044
d_1034937.exr,right,0.9955543875694275
d_1034938.exr,right,0.9955692887306213
d_1034939.exr,right,0.9956164360046387
d_1034940.exr,right,0.9955833554267883
d_1034945.exr,right,0.9956178665161133
d_1034947.exr,right,0.9956315755844116
d_1034949.exr,right,0.9956246018409729
d_1034953.exr,right,0.9956099390983582
d_1034954.exr,right,0.9956212639808655
d_1034959.exr,right,0.9956106543540955
d_1034962.exr,right,0.9956023693084717
d_1034963.exr,wrong,0.9948158860206604
d_1034964.exr,right,0.9955615997314453
d_1034965.exr,right,0.9953042268753052
d_1034966.exr,right,0.9956057667732239
d_1034967.exr,right,0.995613694190979
d_1034968.exr,right,0.995549201965332
d_1034970.exr,right,0.9956256151199341
d_1034971.exr,right,0.9956242442131042
d_1034975.exr,right,0.9956132173538208
d_1034978.exr,right,0.9956120252609253
d_1034979.exr,right,0.9956258535385132
d_1034981.exr,right,0.9956163167953491
d_1034983.exr,right,0.9955787062644958
d_1034984.exr,right,0.9920833110809326
d_1034985.exr,right,0.9955665469169617
d_1034989.exr,right,0.9955256581306458
d_1034990.exr,right,0.9956113696098328
d_1034991.exr,right,0.9956230521202087
d_1034994.exr,right,0.9910216927528381
d_1034995.exr,right,0.9956029653549194
d_1034996.exr,right,0.995629072189331
d_1034997.exr,right,0.9956234097480774
d_1034999.exr,right,0.9956148862838745
d_1035004.exr,wrong,0.7035953402519226
d_1035008.exr,right,0.9956153631210327
d_1035011.exr,right,0.9956319332122803
d_1035013.exr,right,0.9956333041191101
d_1035014.exr,right,0.9956321120262146
d_1035015.exr,right,0.9956187605857849
d_1035016.exr,right,0.9956142902374268
d_1035017.exr,right,0.9956250786781311
d_1035018.exr,right,0.995624840259552
d_1035019.exr,right,0.9956170320510864
d_1035020.exr,right,0.9956270456314087
d_1035021.exr,right,0.9956061244010925
d_1035023.exr,right,0.9956094622612
d_1035024.exr,right,0.9955881834030151
d_1035025.exr,right,0.9956089854240417
d_1035026.exr,right,0.9956138134002686
d_1035027.exr,right,0.9956063628196716
d_1035028.exr,right,0.9956046342849731
d_1035029.exr,right,0.9956113696098328
d_1035030.exr,right,0.9956182241439819
d_1035031.exr,right,0.9956061244010925
d_1035036.exr,right,0.9956054091453552
d_1035038.exr,right,0.9955993890762329
d_1035039.exr,wrong,0.9913365840911865
d_1035040.exr,right,0.9956154823303223
d_1035042.exr,right,0.995628833770752
d_1035044.exr,right,0.9956229329109192
d_1035046.exr,right,0.9956249594688416
d_1035048.exr,right,0.9956278800964355
d_1035050.exr,right,0.9956091046333313
d_1035052.exr,right,0.9955982565879822
d_1035054.exr,right,0.9954491257667542
d_1035055.exr,right,0.9956150054931641
d_1035057.exr,right,0.9956350922584534
d_1035058.exr,right,0.99561607837677
d_1035059.exr,right,0.9955853223800659
d_1035060.exr,right,0.9956231713294983
d_1035061.exr,right,0.9953739047050476
d_1035062.exr,right,0.9956173896789551
d_1035063.exr,right,0.9938086867332458
d_1035065.exr,wrong,0.9950882792472839
d_1035066.exr,right,0.9956195950508118
d_1035067.exr,right,0.9956265687942505
d_1035068.exr,right,0.9956305027008057
d_1035069.exr,right,0.9956023693084717
d_1035071.exr,right,0.9954097867012024
d_1035072.exr,right,0.9955924153327942
d_1035073.exr,right,0.9955593347549438
d_1035074.exr,right,0.9953741431236267
d_1035075.exr,wrong,0.6818633079528809
d_1035076.exr,wrong,0.9954699277877808
d_1035077.exr,wrong,0.8194911479949951
d_1035078.exr,right,0.984670877456665
d_1035079.exr,wrong,0.8725232481956482
d_1035080.exr,wrong,0.9953460097312927
d_1035082.exr,right,0.9955359697341919
d_1035083.exr,wrong,0.9950345754623413
d_1035084.exr,right,0.9955892562866211
d_1035086.exr,right,0.995612382888794
d_1035087.exr,wrong,0.9948374629020691
d_1035088.exr,right,0.9956183433532715
d_1035089.exr,wrong,0.9860002398490906
d_1035090.exr,right,0.9956012964248657
d_1035092.exr,right,0.9956299066543579
d_1035093.exr,wrong,0.9935289025306702
d_1035094.exr,right,0.9956258535385132
d_1035096.exr,right,0.9956034421920776
d_1035097.exr,wrong,0.9933557510375977
d_1035098.exr,right,0.9956133365631104
d_1035100.exr,right,0.9955624341964722
d_1035105.exr,wrong,0.9953970313072205
d_1035106.exr,right,0.9955783486366272
d_1035107.exr,wrong,0.9953191876411438
d_1035111.exr,wrong,0.993729829788208
d_1035114.exr,right,0.9956299066543579
d_1035117.exr,right,0.9956308603286743
d_1035121.exr,right,0.9956001043319702
d_1035122.exr,right,0.9956145286560059
d_1035127.exr,wrong,0.9955774545669556
d_1035129.exr,wrong,0.9951213002204895
d_1035132.exr,right,0.9955886602401733
d_1035136.exr,right,0.9956010580062866
d_1035139.exr,right,0.9952534437179565
d_1035140.exr,right,0.9955072402954102
d_1035141.exr,right,0.995578944683075
d_1035142.exr,right,0.9956309795379639
d_1035143.exr,right,0.9955964684486389
d_1035144.exr,right,0.9955878257751465
d_1035145.exr,right,0.9950077533721924
d_1035146.exr,right,0.9956285953521729
d_1035147.exr,right,0.9955669045448303
d_1035148.exr,right,0.9956295490264893
d_1035149.exr,right,0.9954476952552795
d_1035150.exr,right,0.9956243634223938
d_1035151.exr,right,0.9954637885093689
d_1035152.exr,right,0.9956262111663818
d_1035153.exr,right,0.9956283569335938
d_1035154.exr,right,0.9956272840499878
d_1035155.exr,right,0.9954760670661926
d_1035156.exr,right,0.9956318140029907
d_1035157.exr,right,0.9955335855484009
d_1035158.exr,right,0.9956274032592773
d_1035159.exr,right,0.9956150054931641
d_1035160.exr,right,0.9956313371658325
d_1035161.exr,right,0.9955034852027893
d_1035162.exr,right,0.995625376701355
d_1035163.exr,right,0.9954845905303955
d_1035164.exr,right,0.9956276416778564
d_1035166.exr,right,0.995627760887146
d_1035168.exr,right,0.9956226944923401
d_1035170.exr,right,0.995621383190155
d_1035171.exr,right,0.9956122636795044
d_1035172.exr,right,0.9956314563751221
d_1035173.exr,right,0.995635449886322
d_1035174.exr,right,0.9956276416778564
d_1035175.exr,right,0.9956119060516357
d_1035176.exr,right,0.9956281185150146
d_1035177.exr,right,0.9953587651252747
d_1035178.exr,right,0.9956279993057251
d_1035179.exr,right,0.9926272034645081
d_1035180.exr,right,0.9956169128417969
d_1035181.exr,wrong,0.9947654008865356
d_1035182.exr,right,0.9955694079399109
d_1035185.exr,wrong,0.9938637018203735
d_1035188.exr,right,0.9643183350563049
d_1035193.exr,right,0.9287810325622559
d_1035194.exr,right,0.99540114402771
d_1035195.exr,right,0.9954961538314819
d_1035196.exr,right,0.9951450228691101
d_1035199.exr,right,0.9949828386306763
d_1035201.exr,right,0.5405483841896057
d_1035202.exr,wrong,0.9906889200210571
d_1035207.exr,right,0.9953759908676147
d_1035208.exr,wrong,0.9890406727790833
d_1035209.exr,right,0.9954708814620972
d_1035211.exr,right,0.979438304901123
d_1035213.exr,right,0.9955329895019531
d_1035214.exr,right,0.9946367144584656
d_1035215.exr,right,0.9892274141311646
d_1035218.exr,right,0.9919582605361938
d_1035223.exr,right,0.8731423616409302
d_1035224.exr,right,0.9946681261062622
d_1035226.exr,right,0.9916641712188721
d_1035232.exr,wrong,0.9910162687301636
d_1035235.exr,right,0.9955086708068848
d_1035237.exr,right,0.9955838322639465
d_1035238.exr,right,0.9954054355621338
d_1035239.exr,right,0.9942038655281067
d_1035240.exr,right,0.9950153231620789
d_1035241.exr,right,0.9956091046333313
d_1035244.exr,right,0.9955220222473145
d_1035245.exr,right,0.9955697655677795
d_1035246.exr,right,0.9947863817214966
d_1035248.exr,right,0.9955853223800659
d_1035249.exr,right,0.9954942464828491
d_1035250.exr,right,0.9956105351448059
d_1035251.exr,right,0.9956086277961731
d_1035252.exr,right,0.9955150485038757
d_1035253.exr,right,0.9952046871185303
d_1035254.exr,right,0.9955945611000061
d_1035255.exr,right,0.9955912828445435
d_1035256.exr,right,0.9955869913101196
d_1035257.exr,right,0.9956165552139282
d_1035258.exr,right,0.9955877065658569
d_1035259.exr,right,0.995623767375946
d_1035260.exr,right,0.9956003427505493
d_1035261.exr,right,0.995602011680603
d_1035262.exr,right,0.9955992698669434
d_1035263.exr,right,0.9955806136131287
d_1035264.exr,right,0.9955987930297852
d_1035265.exr,right,0.9956310987472534
d_1035266.exr,right,0.9956101775169373
d_1035267.exr,right,0.9956037998199463
d_1035268.exr,right,0.9955931305885315
d_1035269.exr,right,0.9955908060073853
d_1035271.exr,right,0.9956260919570923
d_1035273.exr,right,0.995621383190155
d_1035274.exr,right,0.9952126741409302
d_1035275.exr,right,0.9956361651420593
d_1035279.exr,right,0.9955993890762329
d_1035280.exr,wrong,0.991818904876709
d_1035281.exr,right,0.9956249594688416
d_1035282.exr,wrong,0.9956390857696533
d_1035283.exr,right,0.9956303834915161
d_1035284.exr,wrong,0.9943827390670776
d_1035285.exr,right,0.9956139326095581
d_1035286.exr,wrong,0.9898687601089478
d_1035287.exr,right,0.995628833770752
d_1035288.exr,wrong,0.9943119287490845
d_1035289.exr,right,0.9956236481666565
d_1035292.exr,right,0.995536208152771
d_1035293.exr,right,0.9953189492225647
d_1035297.exr,right,0.9953182339668274
d_1035303.exr,right,0.9955874681472778
d_1035304.exr,right,0.995627760887146
d_1035305.exr,right,0.9956117868423462
d_1035306.exr,right,0.9956167936325073
d_1035307.exr,right,0.9956087470054626
d_1035308.exr,right,0.9956148862838745
d_1035310.exr,right,0.9956152439117432
d_1035311.exr,right,0.9944576025009155
d_1035312.exr,right,0.9956066012382507
d_1035313.exr,right,0.9955981373786926
d_1035314.exr,wrong,0.9916356801986694
d_1035315.exr,wrong,0.9953501224517822
d_1035316.exr,right,0.9956066012382507
d_1035318.exr,right,0.9955905675888062
d_1035319.exr,right,0.993220329284668
d_1035320.exr,right,0.995590329170227
d_1035321.exr,wrong,0.9949880838394165
d_1035323.exr,right,0.995568573474884
d_1035325.exr,right,0.9955778121948242
d_1035328.exr,wrong,0.9948711395263672
d_1035329.exr,right,0.9956322312355042
d_1035330.exr,wrong,0.9929736852645874
d_1035333.exr,right,0.995370090007782
d_1035337.exr,right,0.994641900062561
d_1035338.exr,wrong,0.9953281879425049
d_1035339.exr,wrong,0.9768136739730835
d_1035342.exr,wrong,0.9888338446617126
d_1035344.exr,right,0.9956086277961731
d_1035345.exr,wrong,0.9935698509216309
d_1035349.exr,wrong,0.9952095150947571
d_1035353.exr,right,0.9952189326286316
d_1035356.exr,right,0.9953333735466003
d_1035359.exr,right,0.9950581789016724
d_1035360.exr,wrong,0.9954009652137756
d_1035361.exr,wrong,0.9747985005378723
d_1035363.exr,wrong,0.9846037030220032
d_1035366.exr,right,0.9949434399604797
d_1035367.exr,right,0.9934976100921631
d_1035371.exr,right,0.9942523837089539
d_1035372.exr,wrong,0.9935144186019897
d_1035373.exr,wrong,0.9948803186416626
d_1035374.exr,right,0.9956046342849731
d_1035375.exr,wrong,0.9920240640640259
d_1035376.exr,right,0.9956333041191101
d_1035377.exr,wrong,0.9956772923469543
d_1035379.exr,wrong,0.995002806186676
d_1035380.exr,right,0.9956368803977966
d_1035381.exr,wrong,0.9954544305801392
d_1035382.exr,right,0.995628833770752
d_1035383.exr,right,0.9956163167953491
d_1035384.exr,right,0.9956306219100952
d_1035385.exr,wrong,0.9947956204414368
d_1035389.exr,right,0.9953981041908264
d_1035392.exr,right,0.9951144456863403
d_1035393.exr,wrong,0.9954985976219177
d_1035396.exr,wrong,0.9951973557472229
d_1035398.exr,right,0.9941714406013489
d_1035399.exr,right,0.9748789072036743
d_1035400.exr,wrong,0.9956881403923035
d_1035401.exr,wrong,0.9951350092887878
d_1035402.exr,wrong,0.97068190574646
d_1035404.exr,wrong,0.9949028491973877
d_1035405.exr,right,0.990410566329956
d_1035406.exr,right,0.9953254461288452
d_1035407.exr,wrong,0.994941234588623
d_1035408.exr,right,0.995594322681427
d_1035410.exr,right,0.99444180727005
d_1035412.exr,right,0.9940647482872009
d_1035414.exr,right,0.9955822825431824
d_1035416.exr,right,0.9951871633529663
d_1035418.exr,right,0.9956142902374268
d_1035419.exr,wrong,0.9957149624824524
d_1035420.exr,right,0.9947916865348816
d_1035421.exr,wrong,0.9957225322723389
d_1035423.exr,wrong,0.9956961870193481
d_1035424.exr,right,0.9956335425376892
d_1035425.exr,wrong,0.9957038760185242
d_1035427.exr,wrong,0.9957211017608643
d_1035428.exr,right,0.9956265687942505
d_1035430.exr,right,0.9955986738204956
d_1035432.exr,wrong,0.9260030388832092
d_1035433.exr,right,0.9956289529800415
d_1035434.exr,right,0.9956234097480774
d_1035436.exr,right,0.9902539849281311
d_1035439.exr,right,0.9954437017440796
d_1035441.exr,right,0.9954034090042114
d_1035444.exr,right,0.9955385327339172
d_1035445.exr,right,0.9955446124076843
d_1035446.exr,right,0.9954089522361755
d_1035447.exr,right,0.9947779178619385
d_1035448.exr,right,0.9955512285232544
d_1035449.exr,right,0.9955631494522095
d_1035450.exr,wrong,0.8229807019233704
d_1035452.exr,right,0.9943676590919495
d_1035456.exr,wrong,0.9879454374313354
d_1035462.exr,right,0.9944471120834351
d_1035463.exr,right,0.9941054582595825
d_1035467.exr,right,0.9956153631210327
d_1035468.exr,right,0.9955567717552185
d_1035469.exr,right,0.9955461025238037
d_1035470.exr,right,0.9952084422111511
d_1035475.exr,wrong,0.9954387545585632
d_1035477.exr,right,0.9956041574478149
d_1035478.exr,right,0.9956252574920654
d_1035482.exr,wrong,0.9957093000411987
d_1035487.exr,right,0.9955708384513855
d_1035488.exr,right,0.9955690503120422
d_1035492.exr,right,0.9954368472099304
d_1035493.exr,right,0.995530903339386
d_1035495.exr,right,0.9955552220344543
d_1035498.exr,right,0.9946841597557068
d_1035499.exr,right,0.9947182536125183
d_1035500.exr,right,0.995583713054657
d_1035501.exr,right,0.9954186677932739
d_1035502.exr,right,0.9955406785011292
d_1035503.exr,wrong,0.5073504447937012
d_1035504.exr,wrong,0.9944695234298706
d_1035508.exr,right,0.9955680966377258
d_1035511.exr,right,0.9955807328224182
d_1035512.exr,right,0.9954568147659302
d_1035513.exr,right,0.9955220222473145
d_1035514.exr,right,0.9956282377243042
d_1035517.exr,right,0.9949232935905457
d_1035520.exr,right,0.9955962300300598
d_1035521.exr,wrong,0.9891505837440491
d_1035523.exr,right,0.9953391551971436
d_1035525.exr,wrong,0.9927471280097961
d_1035530.exr,wrong,0.995514452457428
d_1035531.exr,wrong,0.9932500123977661
d_1035536.exr,wrong,0.9895128607749939
d_1035537.exr,right,0.9953905344009399
d_1035539.exr,right,0.9955891370773315
d_1035540.exr,right,0.9940229058265686
d_1035541.exr,wrong,0.9591911435127258
d_1035542.exr,right,0.9955146908760071
d_1035543.exr,right,0.9955964684486389
d_1035544.exr,right,0.9819866418838501
d_1035545.exr,right,0.9955981373786926
d_1035546.exr,right,0.9954603314399719
d_1035548.exr,right,0.995613694190979
d_1035549.exr,right,0.9954769015312195
d_1035550.exr,right,0.9956232905387878
d_1035551.exr,right,0.9952948689460754
d_1035553.exr,right,0.9956165552139282
d_1035555.exr,right,0.995537281036377
d_1035556.exr,right,0.9930053353309631
d_1035557.exr,wrong,0.9932659864425659
d_1035558.exr,right,0.9955587387084961
d_1035559.exr,wrong,0.9949693083763123
d_1035560.exr,wrong,0.9951215386390686
d_1035561.exr,wrong,0.9893548488616943
d_1035562.exr,right,0.9948769211769104
d_1035563.exr,right,0.9955581426620483
d_1035564.exr,right,0.9938188195228577
d_1035566.exr,right,0.9956218600273132
d_1035569.exr,right,0.9955646991729736
d_1035570.exr,right,0.9955642223358154
d_1035571.exr,right,0.9947196245193481
d_1035572.exr,right,0.9956113696098328
d_1035573.exr,right,0.9954586029052734
d_1035574.exr,right,0.9910747408866882
d_1035575.exr,right,0.995140790939331
d_1035576.exr,right,0.9954961538314819
d_1035577.exr,right,0.9956150054931641
d_1035578.exr,right,0.6402118802070618
d_1035579.exr,right,0.9881956577301025
d_1035580.exr,right,0.9948000907897949
d_1035581.exr,wrong,0.9911171197891235
d_1035582.exr,right,0.9956141710281372
d_1035583.exr,right,0.9955184459686279
d_1035584.exr,right,0.9955981373786926
d_1035585.exr,right,0.9954925775527954
d_1035586.exr,right,0.9954630732536316
d_1035587.exr,right,0.9956058859825134
d_1035588.exr,right,0.9956004619598389
d_1035589.exr,right,0.9955959916114807
d_1035590.exr,right,0.9953763484954834
d_1035591.exr,right,0.995623767375946
d_1035592.exr,right,0.9956101775169373
d_1035593.exr,right,0.9956314563751221
d_1035594.exr,right,0.9956313371658325
d_1035599.exr,wrong,0.9948928356170654
d_1035600.exr,wrong,0.9274761080741882
d_1035601.exr,wrong,0.9928892850875854
d_1035602.exr,right,0.9951175451278687
d_1035604.exr,right,0.9842715859413147
d_1035609.exr,right,0.9954622387886047
d_1035610.exr,right,0.995627760887146
d_1035618.exr,right,0.9956343770027161
d_1035619.exr,right,0.9956242442131042
d_1035621.exr,right,0.9955765008926392
d_1035622.exr,right,0.9933351278305054
d_1035624.exr,right,0.9955969452857971
d_1035626.exr,right,0.9947269558906555
d_1035627.exr,right,0.9938382506370544
d_1035628.exr,right,0.995257556438446
d_1035638.exr,wrong,0.9932335019111633
d_1035639.exr,right,0.9956275224685669
d_1035642.exr,wrong,0.9943147301673889
d_1035652.exr,right,0.9930022358894348
d_1035654.exr,right,0.9956319332122803
d_1035655.exr,right,0.9956270456314087
d_1035656.exr,right,0.9956127405166626
d_1035657.exr,right,0.9956344962120056
d_1035658.exr,right,0.9956151247024536
d_1035659.exr,right,0.9956272840499878
d_1035660.exr,right,0.9956293106079102
d_1035661.exr,right,0.9956315755844116
d_1035662.exr,right,0.9956265687942505
d_1035663.exr,right,0.9955998659133911
d_1035664.exr,right,0.9956080317497253
d_1035665.exr,right,0.9952713847160339
d_1035666.exr,right,0.7192739248275757
d_1035671.exr,right,0.9953609108924866
d_1035672.exr,right,0.9954541921615601
d_1035673.exr,right,0.9953286647796631
d_1035674.exr,right,0.9956071972846985
d_1035675.exr,wrong,0.9892386198043823
d_1035676.exr,right,0.9954727292060852
d_1035677.exr,right,0.9951696991920471
d_1035678.exr,right,0.9955678582191467
d_1035679.exr,right,0.9955300688743591
d_1035680.exr,wrong,0.9930295348167419
d_1035681.exr,right,0.9937648773193359
d_1035689.exr,right,0.9935839772224426
d_1035692.exr,right,0.9953240752220154
d_1035693.exr,right,0.9954727292060852
d_1035694.exr,right,0.9955949187278748
d_1035695.exr,right,0.9953935146331787
d_1035696.exr,right,0.9954496026039124
d_1035697.exr,right,0.9955970644950867
d_1035698.exr,right,0.9955784678459167
d_1035699.exr,right,0.9955731630325317
d_1035700.exr,right,0.9955126643180847
d_1035701.exr,right,0.9956179857254028
d_1035702.exr,right,0.995550274848938
d_1035703.exr,wrong,0.9948818683624268
d_1035705.exr,right,0.9941245913505554
d_1035708.exr,wrong,0.9894348978996277
d_1035712.exr,right,0.9956010580062866
d_1035719.exr,right,0.9955887794494629
d_1035720.exr,right,0.995623767375946
d_1035722.exr,wrong,0.9956579208374023
d_1035723.exr,right,0.9956275224685669
d_1035724.exr,right,0.9955963492393494
d_1035726.exr,right,0.9788960814476013
d_1035728.exr,right,0.9954590797424316
d_1035729.exr,right,0.9952385425567627
d_1035730.exr,right,0.9471291303634644
d_1035732.exr,right,0.9954617619514465
d_1035734.exr,wrong,0.9953064322471619
d_1035735.exr,right,0.995602011680603
d_1035736.exr,right,0.995508074760437
d_1035738.exr,wrong,0.9666615724563599
d_1035740.exr,right,0.9955651164054871
d_1035741.exr,right,0.9402442574501038
d_1035742.exr,right,0.9956188797950745
d_1035743.exr,right,0.9954485297203064
d_1035744.exr,right,0.9956003427505493
d_1035746.exr,right,0.9956195950508118
d_1035747.exr,right,0.9956121444702148
d_1035752.exr,right,0.9955130219459534
d_1035753.exr,right,0.9895254373550415
d_1035754.exr,right,0.9952208399772644
d_1035756.exr,right,0.9956179857254028
d_1035757.exr,wrong,0.7417197227478027
d_1035759.exr,right,0.9954366087913513
d_1035760.exr,wrong,0.9935764670372009
d_1035763.exr,right,0.9918110370635986
d_1035764.exr,wrong,0.992897629737854
d_1035765.exr,right,0.9944731593132019
d_1035769.exr,right,0.995349109172821
d_1035770.exr,right,0.995633065700531
d_1035773.exr,right,0.9930235147476196
d_1035774.exr,right,0.9956249594688416
d_1035776.exr,right,0.9951120018959045
d_1035777.exr,right,0.995464026927948
d_1035780.exr,right,0.9934241771697998
d_1035781.exr,wrong,0.9957116842269897
d_1035782.exr,right,0.9956331849098206
d_1035783.exr,right,0.995519757270813
d_1035784.exr,right,0.995564877986908
d_1035785.exr,right,0.9955956339836121
d_1035787.exr,right,0.9956187605857849
d_1035788.exr,right,0.9956333041191101
d_1035789.exr,right,0.9955969452857971
d_1035790.exr,right,0.9953868985176086
d_1035791.exr,right,0.9956068396568298
d_1035792.exr,right,0.9955951571464539
d_1035793.exr,right,0.9951483607292175
d_1035794.exr,right,0.9951358437538147
d_1035795.exr,right,0.9954133629798889
d_1035796.exr,right,0.9955173134803772
d_1035797.exr,right,0.9955868721008301
d_1035798.exr,right,0.9954347014427185
d_1035799.exr,right,0.9952239394187927
d_1035800.exr,right,0.9955971837043762
d_1035801.exr,right,0.9953460097312927
d_1035803.exr,right,0.9956104159355164
d_1035804.exr,right,0.995587944984436
d_1035805.exr,right,0.9956082701683044
d_1035806.exr,right,0.9956110119819641
d_1035807.exr,right,0.9933473467826843
d_1035808.exr,right,0.9956262111663818
d_1035809.exr,right,0.9953662157058716
d_1035811.exr,right,0.9953274726867676
d_1035812.exr,right,0.9947887659072876
d_1035813.exr,right,0.9953757524490356
d_1035814.exr,right,0.9956152439117432
d_1035815.exr,right,0.9952743053436279
d_1035816.exr,right,0.9956119060516357
d_1035817.exr,right,0.9953804016113281
d_1035819.exr,right,0.9955897331237793
d_1035820.exr,right,0.9956257343292236
d_1035822.exr,right,0.995591402053833
d_1035825.exr,right,0.9955452680587769
d_1035827.exr,right,0.9956128597259521
d_1035831.exr,right,0.9956256151199341
d_1035832.exr,right,0.9956377148628235
d_1035834.exr,right,0.9956016540527344
d_1035835.exr,right,0.9919337034225464
d_1035836.exr,right,0.9956349730491638
d_1035838.exr,right,0.9955518841743469
d_1035839.exr,right,0.9954727292060852
d_1035841.exr,right,0.9956194758415222
d_1035842.exr,right,0.9954847097396851
d_1035843.exr,wrong,0.9948886036872864
d_1035847.exr,wrong,0.9921859502792358
d_1035848.exr,right,0.9955713152885437
d_1035849.exr,right,0.9955704808235168
d_1035852.exr,right,0.9955118298530579
d_1035854.exr,right,0.995518684387207
d_1035856.exr,right,0.9955268502235413
d_1035857.exr,right,0.9955226182937622
d_1035858.exr,right,0.9954462647438049
d_1035862.exr,right,0.9955682158470154
d_1035863.exr,right,0.995524525642395
d_1035864.exr,right,0.9953479170799255
d_1035865.exr,right,0.9954881072044373
d_1035869.exr,right,0.995549201965332
d_1035872.exr,wrong,0.9939923882484436
d_1035873.exr,wrong,0.9951028823852539
d_1035874.exr,right,0.995579183101654
d_1035879.exr,wrong,0.9944690465927124
d_1035881.exr,wrong,0.9940815567970276
d_1035882.exr,right,0.9945042133331299
d_1035884.exr,wrong,0.9947505593299866
d_1035886.exr,right,0.9956195950508118
d_1035887.exr,right,0.9956159591674805
d_1035888.exr,right,0.995608389377594
d_1035889.exr,right,0.995604395866394
d_1035890.exr,right,0.9956098198890686
d_1035891.exr,right,0.9956056475639343
d_1035892.exr,right,0.9944804906845093
d_1035893.exr,right,0.995257556438446
d_1035894.exr,right,0.9955032467842102
d_1035895.exr,wrong,0.9954962730407715
d_1035896.exr,right,0.9956010580062866
d_1035898.exr,wrong,0.9956579208374023
d_1035899.exr,right,0.9956275224685669
d_1035900.exr,right,0.995623767375946
d_1035902.exr,right,0.9788960814476013
d_1035904.exr,right,0.9955963492393494
d_1035905.exr,right,0.9952385425567627
d_1035906.exr,right,0.9471291303634644
d_1035908.exr,right,0.9954590797424316
d_1035910.exr,wrong,0.9953064322471619
d_1035911.exr,right,0.995602011680603
d_1035912.exr,right,0.9954617619514465
d_1035914.exr,wrong,0.9666615724563599
d_1035916.exr,right,0.995508074760437
d_1035917.exr,right,0.9402442574501038
d_1035918.exr,right,0.9956188797950745
d_1035919.exr,right,0.9955651164054871
d_1035920.exr,right,0.9956003427505493
d_1035922.exr,right,0.9956195950508118
d_1035923.exr,right,0.9954485297203064
d_1035926.exr,right,0.9956246018409729
d_1035927.exr,right,0.9956121444702148
d_1035928.exr,right,0.9955130219459534
d_1035929.exr,right,0.9895254373550415
d_1035931.exr,right,0.9956306219100952
d_1035932.exr,right,0.9956179857254028
d_1035933.exr,wrong,0.7417197227478027
d_1035936.exr,wrong,0.9935764670372009
d_1035938.exr,right,0.9956151247024536
d_1035939.exr,right,0.9954366087913513
d_1035940.exr,wrong,0.992897629737854
d_1035941.exr,right,0.9944731593132019
d_1035945.exr,right,0.995349109172821
d_1035946.exr,right,0.995633065700531
d_1035949.exr,right,0.9930235147476196
d_1035950.exr,right,0.9956249594688416
d_1035952.exr,right,0.9951120018959045
d_1035953.exr,right,0.995464026927948
d_1035956.exr,right,0.9934241771697998
d_1035958.exr,right,0.9956331849098206
d_1035960.exr,right,0.995564877986908
d_1035961.exr,right,0.9955956339836121
d_1035962.exr,right,0.995519757270813
d_1035964.exr,right,0.9956333041191101
d_1035966.exr,right,0.9953868985176086
d_1035967.exr,right,0.9956068396568298
d_1035969.exr,right,0.9951483607292175
d_1035970.exr,right,0.9951358437538147
d_1035973.exr,right,0.9955868721008301
d_1035976.exr,right,0.9955971837043762
d_1035977.exr,right,0.9954347014427185
d_1035979.exr,right,0.9956104159355164
d_1035981.exr,right,0.9956082701683044
d_1035982.exr,right,0.9956110119819641
d_1035983.exr,right,0.995587944984436
d_1035984.exr,right,0.9933473467826843
d_1035985.exr,right,0.9956262111663818
d_1035986.exr,right,0.9953662157058716
d_1035988.exr,right,0.9953274726867676
d_1035989.exr,right,0.9947887659072876
d_1035991.exr,right,0.9956152439117432
d_1035993.exr,right,0.9956119060516357
d_1035996.exr,right,0.9955897331237793
d_1035997.exr,right,0.9956257343292236
d_1035999.exr,right,0.995591402053833
d_1036002.exr,right,0.9955452680587769
d_1036004.exr,right,0.9956128597259521
d_1036008.exr,right,0.9956256151199341
d_1036009.exr,right,0.9956377148628235
d_1036011.exr,right,0.9956016540527344
d_1036012.exr,right,0.9919337034225464
d_1036013.exr,right,0.9956349730491638
d_1036014.exr,right,0.9955931305885315
d_1036016.exr,right,0.9954727292060852
d_1036018.exr,right,0.9956194758415222
d_1036025.exr,right,0.9955713152885437
d_1036026.exr,right,0.9955704808235168
d_1036027.exr,right,0.9955859184265137
d_1036031.exr,right,0.995518684387207
d_1036032.exr,right,0.995537281036377
d_1036033.exr,right,0.9955268502235413
d_1036034.exr,right,0.9955226182937622
d_1036035.exr,right,0.9954462647438049
d_1036040.exr,right,0.995524525642395
d_1036041.exr,right,0.9953479170799255
d_1036042.exr,right,0.9954881072044373
d_1036043.exr,right,0.9954953193664551
d_1036049.exr,wrong,0.9939923882484436
d_1036050.exr,wrong,0.9951028823852539
d_1036051.exr,right,0.995579183101654
d_1036056.exr,wrong,0.9944690465927124
d_1036058.exr,wrong,0.9940815567970276
d_1036059.exr,right,0.9945042133331299
d_1036061.exr,wrong,0.9947505593299866
d_1036064.exr,right,0.9956159591674805
d_1036065.exr,right,0.995608389377594
d_1036066.exr,right,0.995604395866394
d_1036067.exr,right,0.9956098198890686
d_1036068.exr,right,0.9956056475639343
d_1036069.exr,right,0.9944804906845093
d_1036070.exr,right,0.995257556438446
d_1036071.exr,right,0.9955032467842102
d_1036072.exr,wrong,0.9954962730407715
d_1036073.exr,right,0.9956010580062866
d_1036075.exr,right,0.9956091046333313
d_1036077.exr,right,0.9956092238426208
d_1036080.exr,wrong,0.993107259273529
d_1036081.exr,right,0.9922980666160583
d_1036082.exr,right,0.9955788254737854
d_1036088.exr,right,0.9950994849205017
d_1036089.exr,wrong,0.9950162768363953
d_1036090.exr,right,0.9956094622612
d_1036091.exr,right,0.9955877065658569
d_1036094.exr,right,0.9955173134803772
d_1036096.exr,right,0.995602011680603
d_1036098.exr,right,0.9955978989601135
d_1036100.exr,right,0.9954738020896912
d_1036101.exr,right,0.9955768585205078
d_1036102.exr,right,0.9955321550369263
d_1036103.exr,right,0.9955214262008667
d_1036104.exr,right,0.995564341545105
d_1036105.exr,right,0.9955927729606628
d_1036107.exr,right,0.9953917264938354
d_1036111.exr,right,0.9955939650535583
d_1036113.exr,right,0.9677309393882751
d_1036119.exr,right,0.9859240055084229
d_1036120.exr,right,0.9955463409423828
d_1036123.exr,right,0.9954758286476135
d_1036124.exr,right,0.9955411553382874
d_1036125.exr,right,0.9955437779426575
d_1036126.exr,right,0.9954588413238525
d_1036134.exr,right,0.9956067204475403
d_1036138.exr,right,0.9955446124076843
d_1036140.exr,right,0.9955568909645081
d_1036143.exr,wrong,0.8853480219841003
d_1036145.exr,right,0.9955590963363647
d_1036146.exr,right,0.9954351782798767
d_1036149.exr,right,0.9956244826316833
d_1036151.exr,right,0.9956251978874207
d_1036152.exr,right,0.9955190420150757
d_1036153.exr,right,0.995625376701355
d_1036157.exr,right,0.9956161975860596
d_1036158.exr,right,0.9956154823303223
d_1036160.exr,right,0.9955630302429199
d_1036163.exr,right,0.9956082701683044
d_1036169.exr,right,0.995609700679779
d_1036171.exr,right,0.9956135749816895
d_1036174.exr,right,0.9955304265022278
d_1036175.exr,right,0.9955695271492004
d_1036176.exr,right,0.9955602884292603
d_1036178.exr,right,0.9955552220344543
d_1036180.exr,right,0.995572566986084
d_1036181.exr,right,0.9955911636352539
d_1036182.exr,right,0.9955841898918152
d_1036183.exr,right,0.9955173134803772
d_1036184.exr,right,0.9954830408096313
d_1036185.exr,right,0.9955167174339294
d_1036186.exr,right,0.9955934882164001
d_1036187.exr,right,0.9955848455429077
d_1036190.exr,right,0.9955815672874451
d_1036191.exr,right,0.9955950379371643
d_1036192.exr,right,0.9955918192863464
d_1036193.exr,right,0.9955665469169617
d_1036196.exr,right,0.9955576062202454
d_1036198.exr,right,0.9952605366706848
d_1036201.exr,right,0.9956120252609253
d_1036202.exr,right,0.9951554536819458
d_1036208.exr,right,0.9955992698669434
d_1036209.exr,right,0.9953259229660034
d_1036211.exr,right,0.9954735636711121
d_1036213.exr,right,0.9955143332481384
d_1036214.exr,right,0.995471715927124
d_1036216.exr,right,0.9955958724021912
d_1036228.exr,right,0.995581328868866
d_1036230.exr,right,0.9956023693084717
d_1036233.exr,right,0.994925856590271
d_1036236.exr,right,0.9955137372016907
d_1036238.exr,right,0.9955886602401733
d_1036240.exr,right,0.9955831170082092
d_1036242.exr,right,0.99561607837677
d_1036245.exr,right,0.9955906867980957
d_1036247.exr,right,0.9954805374145508
d_1036249.exr,right,0.9955347776412964
d_1036251.exr,right,0.9934017062187195
d_1036255.exr,right,0.9955413937568665
d_1036256.exr,right,0.9953943490982056
d_1036258.exr,right,0.9956011772155762
d_1036259.exr,right,0.9955962300300598
d_1036260.exr,right,0.9955326318740845
d_1036261.exr,right,0.9954837560653687
d_1036262.exr,right,0.9939192533493042
d_1036265.exr,right,0.9955987930297852
d_1036266.exr,right,0.9956056475639343
d_1036273.exr,right,0.9954861998558044
d_1036275.exr,right,0.9954965114593506
d_1036276.exr,right,0.995585560798645
d_1036279.exr,right,0.9955103397369385
d_1036280.exr,right,0.9956101775169373
d_1036281.exr,right,0.9954584836959839
d_1036285.exr,right,0.990529477596283
d_1036289.exr,right,0.9955915808677673
d_1036291.exr,right,0.9951940178871155
d_1036298.exr,right,0.9954370856285095
d_1036299.exr,right,0.9956140518188477
d_1036300.exr,right,0.9956175088882446
d_1036301.exr,right,0.9954851865768433
d_1036303.exr,right,0.9955857992172241
d_1036305.exr,right,0.9956201910972595
d_1036306.exr,right,0.9956211447715759
d_1036307.exr,right,0.9956228137016296
d_1036309.exr,wrong,0.9909398555755615
d_1036314.exr,right,0.9956198334693909
d_1036315.exr,right,0.9956264495849609
d_1036325.exr,right,0.9956216216087341
d_1036332.exr,right,0.9956259727478027
d_1036338.exr,right,0.9942628741264343
d_1036340.exr,right,0.9955387711524963
d_1036346.exr,right,0.9955957531929016
d_1036360.exr,right,0.9956069588661194
